date,week,player_id,player_name,position,player_vmax_kmh,md_code,session_focus,session_type,match_role,duration_min,total_distance_m,hsr_m,sprint_distance_m,accelerations,decelerations,max_speed_kmh,percent_vmax,session_rpe,session_load_au,previous_3d_load,wellness_score,session_load_au_7d,session_load_au_28d,total_distance_m_7d,total_distance_m_28d,hsr_m_7d,hsr_m_28d,sprint_distance_m_7d,sprint_distance_m_28d,chronic_load_weekly_equivalent,observation_days,load_ratio_7_28_context,days_since_85_pct_vmax,days_since_90_pct_vmax,days_since_95_pct_vmax
2026-07-20,1,P01,Player 01,CB,32.24,OFF,Off,Off,,0.0,0.0,0.0,0.0,0.0,0.0,0.0,0.0,0.0,0.0,0.0,84.0,0.0,0.0,0.0,0.0,0.0,0.0,0.0,0.0,0.0,1,,,,
2026-07-21,1,P01,Player 01,CB,32.24,MD-4,Volume,Training,,86.0,5590.0,229.0,24.0,20.0,22.0,27.15,84.2,4.8,413.0,0.0,92.0,413.0,413.0,5590.0,5590.0,229.0,229.0,24.0,24.0,103.25,2,,,,
2026-07-22,1,P01,Player 01,CB,32.24,MD-3,Speed / HSR,Training,,93.0,7293.0,353.0,73.0,22.0,23.0,29.26,90.7,6.9,642.0,413.0,86.0,1055.0,1055.0,12883.0,12883.0,582.0,582.0,97.0,97.0,263.75,3,,0.0,0.0,
2026-07-23,1,P01,Player 01,CB,32.24,MD-2,Tactical,Training,,71.0,4517.0,202.0,23.0,16.0,19.0,25.74,79.8,4.0,284.0,1055.0,77.0,1339.0,1339.0,17400.0,17400.0,784.0,784.0,120.0,120.0,334.75,4,,1.0,1.0,
2026-07-24,1,P01,Player 01,CB,32.24,MD-1,Activation,Training,,46.0,3038.0,72.0,8.0,9.0,10.0,22.81,70.8,2.5,115.0,1339.0,75.0,1454.0,1454.0,20438.0,20438.0,856.0,856.0,128.0,128.0,363.5,5,,2.0,2.0,
2026-07-25,1,P01,Player 01,CB,32.24,MD,Match,Top-up,Unused,53.0,4503.0,185.0,25.0,17.0,16.0,25.61,79.4,4.5,238.0,1041.0,77.0,1692.0,1692.0,24941.0,24941.0,1041.0,1041.0,153.0,153.0,423.0,6,,3.0,3.0,
2026-07-26,1,P01,Player 01,CB,32.24,MD+1,Recovery,Recovery,,35.0,2131.0,18.0,1.0,6.0,5.0,18.58,57.6,3.0,105.0,637.0,80.0,1797.0,1797.0,27072.0,27072.0,1059.0,1059.0,154.0,154.0,449.25,7,,4.0,4.0,
2026-07-27,2,P01,Player 01,CB,32.24,OFF,Off,Off,,0.0,0.0,0.0,0.0,0.0,0.0,0.0,0.0,0.0,0.0,458.0,86.0,1797.0,1797.0,27072.0,27072.0,1059.0,1059.0,154.0,154.0,449.25,8,,5.0,5.0,
2026-07-28,2,P01,Player 01,CB,32.24,MD-4,Volume,Training,,84.0,6456.0,156.0,30.0,21.0,17.0,25.9,80.3,5.9,496.0,343.0,84.0,1880.0,2293.0,27938.0,33528.0,986.0,1215.0,160.0,184.0,573.25,9,,6.0,6.0,
2026-07-29,2,P01,Player 01,CB,32.24,MD-3,Speed / HSR,Training,,87.0,7419.0,392.0,63.0,22.0,26.0,30.82,95.6,5.1,444.0,601.0,90.0,1682.0,2737.0,28064.0,40947.0,1025.0,1607.0,150.0,247.0,684.25,10,,0.0,0.0,0.0
2026-07-30,2,P01,Player 01,CB,32.24,MD-2,Tactical,Training,,66.0,4647.0,188.0,22.0,19.0,16.0,28.64,88.8,4.1,271.0,940.0,84.0,1669.0,3008.0,28194.0,45594.0,1011.0,1795.0,149.0,269.0,752.0,11,,0.0,1.0,1.0
2026-07-31,2,P01,Player 01,CB,32.24,MD-1,Activation,Training,,40.0,2964.0,55.0,8.0,9.0,10.0,21.85,67.8,2.4,96.0,1211.0,83.0,1650.0,3104.0,28120.0,48558.0,994.0,1850.0,149.0,277.0,776.0,12,,1.0,2.0,2.0
2026-08-01,2,P01,Player 01,CB,32.24,MD,Match,Match,Starter,94.0,9411.0,482.0,101.0,32.0,28.0,29.41,91.2,8.6,808.0,811.0,84.0,2220.0,3912.0,33028.0,57969.0,1291.0,2332.0,225.0,378.0,978.0,13,,0.0,0.0,3.0
2026-08-02,2,P01,Player 01,CB,32.24,MD+1,Recovery,Recovery,,37.0,2255.0,18.0,1.0,5.0,6.0,16.64,51.6,1.7,63.0,1175.0,77.0,2178.0,3975.0,33152.0,60224.0,1291.0,2350.0,225.0,379.0,993.75,14,,1.0,1.0,4.0
2026-08-03,3,P01,Player 01,CB,32.24,OFF,Off,Off,,0.0,0.0,0.0,0.0,0.0,0.0,0.0,0.0,0.0,0.0,967.0,82.0,2178.0,3975.0,33152.0,60224.0,1291.0,2350.0,225.0,379.0,993.75,15,,2.0,2.0,5.0
2026-08-04,3,P01,Player 01,CB,32.24,MD-4,Volume,Training,,80.0,6047.0,241.0,31.0,23.0,19.0,23.96,74.3,5.6,448.0,871.0,80.0,2130.0,4423.0,32743.0,66271.0,1376.0,2591.0,226.0,410.0,1105.75,16,,3.0,3.0,6.0
2026-08-05,3,P01,Player 01,CB,32.24,MD-3,Speed / HSR,Training,,89.0,6949.0,375.0,69.0,25.0,30.0,28.23,87.6,5.7,507.0,511.0,89.0,2193.0,4930.0,32273.0,73220.0,1359.0,2966.0,232.0,479.0,1232.5,17,,0.0,4.0,7.0
2026-08-06,3,P01,Player 01,CB,32.24,MD-2,Tactical,Training,,78.0,5570.0,234.0,22.0,20.0,17.0,25.72,79.8,3.6,281.0,955.0,82.0,2203.0,5211.0,33196.0,78790.0,1405.0,3200.0,232.0,501.0,1302.75,18,,1.0,5.0,8.0
2026-08-07,3,P01,Player 01,CB,32.24,MD-1,Activation,Training,,45.0,2535.0,58.0,8.0,11.0,11.0,23.45,72.7,2.8,126.0,1236.0,79.0,2233.0,5337.0,32767.0,81325.0,1408.0,3258.0,232.0,509.0,1334.25,19,,2.0,6.0,9.0
2026-08-08,3,P01,Player 01,CB,32.24,MD,Match,Match,Sub,27.0,3218.0,211.0,39.0,11.0,13.0,29.37,91.1,7.6,205.0,914.0,81.0,1630.0,5542.0,26574.0,84543.0,1137.0,3469.0,170.0,548.0,1385.5,20,,0.0,0.0,10.0
2026-08-09,3,P01,Player 01,CB,32.24,MD+1,Recovery,Recovery,,30.0,2003.0,19.0,1.0,5.0,6.0,18.95,58.8,1.7,51.0,612.0,89.0,1618.0,5593.0,26322.0,86546.0,1138.0,3488.0,170.0,549.0,1398.25,21,,1.0,1.0,11.0
2026-08-10,4,P01,Player 01,CB,32.24,OFF,Off,Off,,0.0,0.0,0.0,0.0,0.0,0.0,0.0,0.0,0.0,0.0,382.0,80.0,1618.0,5593.0,26322.0,86546.0,1138.0,3488.0,170.0,549.0,1398.25,22,,2.0,2.0,12.0
2026-08-11,4,P01,Player 01,CB,32.24,MD-4,Volume,Training,,76.0,5509.0,245.0,26.0,22.0,26.0,27.32,84.7,5.6,426.0,256.0,92.0,1596.0,6019.0,25784.0,92055.0,1142.0,3733.0,165.0,575.0,1504.75,23,,3.0,3.0,13.0
2026-08-12,4,P01,Player 01,CB,32.24,MD-3,Speed / HSR,Training,,90.0,6676.0,407.0,65.0,26.0,24.0,31.25,96.9,6.6,594.0,477.0,84.0,1683.0,6613.0,25511.0,98731.0,1174.0,4140.0,161.0,640.0,1653.25,24,,0.0,0.0,0.0
2026-08-13,4,P01,Player 01,CB,32.24,MD-2,Tactical,Training,,70.0,4984.0,141.0,26.0,18.0,18.0,27.07,84.0,3.7,259.0,1020.0,75.0,1661.0,6872.0,24925.0,103715.0,1081.0,4281.0,165.0,666.0,1718.0,25,,1.0,1.0,1.0
2026-08-14,4,P01,Player 01,CB,32.24,MD-1,Activation,Training,,43.0,2844.0,72.0,7.0,11.0,9.0,22.03,68.3,2.1,90.0,1279.0,75.0,1625.0,6962.0,25234.0,106559.0,1095.0,4353.0,164.0,673.0,1740.5,26,,2.0,2.0,2.0
2026-08-15,4,P01,Player 01,CB,32.24,MD,Match,Match,Starter,85.0,7974.0,457.0,103.0,34.0,26.0,30.33,94.1,8.0,680.0,943.0,75.0,2100.0,7642.0,29990.0,114533.0,1341.0,4810.0,228.0,776.0,1910.5,27,,0.0,0.0,3.0
2026-08-16,4,P01,Player 01,CB,32.24,MD+1,Recovery,Recovery,,34.0,2038.0,16.0,1.0,5.0,5.0,17.47,54.2,1.2,41.0,1029.0,82.0,2090.0,7683.0,30025.0,116571.0,1338.0,4826.0,228.0,777.0,1920.75,28,1.088116621111545,1.0,1.0,4.0
2026-08-17,5,P01,Player 01,CB,32.24,OFF,Off,Off,,0.0,0.0,0.0,0.0,0.0,0.0,0.0,0.0,0.0,0.0,811.0,78.0,2090.0,7683.0,30025.0,116571.0,1338.0,4826.0,228.0,777.0,1920.75,29,1.088116621111545,2.0,2.0,5.0
2026-08-18,5,P01,Player 01,CB,32.24,MD-4,Volume,Training,,75.0,5107.0,208.0,37.0,22.0,21.0,24.66,76.5,4.3,322.0,721.0,83.0,1986.0,7592.0,29623.0,116088.0,1301.0,4805.0,239.0,790.0,1898.0,30,1.0463645943098,3.0,3.0,6.0
2026-08-19,5,P01,Player 01,CB,32.24,MD-3,Speed / HSR,Training,,87.0,7665.0,303.0,94.0,28.0,29.0,29.6,91.8,7.0,609.0,363.0,89.0,2001.0,7559.0,30612.0,116460.0,1197.0,4755.0,268.0,811.0,1889.75,31,1.0588702209286942,0.0,0.0,7.0
2026-08-20,5,P01,Player 01,CB,32.24,MD-2,Tactical,Training,,72.0,5342.0,146.0,32.0,19.0,20.0,25.91,80.4,4.4,317.0,931.0,78.0,2059.0,7592.0,30970.0,117285.0,1202.0,4699.0,274.0,820.0,1898.0,32,1.0848261327713382,1.0,1.0,8.0
2026-08-21,5,P01,Player 01,CB,32.24,MD-1,Activation,Training,,49.0,2683.0,71.0,9.0,8.0,10.0,23.65,73.4,2.4,118.0,1248.0,77.0,2087.0,7595.0,30809.0,116930.0,1201.0,4698.0,276.0,821.0,1898.75,33,1.0991441737985517,2.0,2.0,9.0
2026-08-22,5,P01,Player 01,CB,32.24,MD,Match,Match,Starter,90.0,9197.0,374.0,94.0,29.0,30.0,31.16,96.6,9.0,810.0,1044.0,75.0,2217.0,8167.0,32032.0,121624.0,1118.0,4887.0,267.0,890.0,2041.75,34,1.0858332312966819,0.0,0.0,0.0
2026-08-23,5,P01,Player 01,CB,32.24,MD+1,Recovery,Recovery,,36.0,2369.0,19.0,1.0,5.0,5.0,16.16,50.1,2.2,79.0,1245.0,77.0,2255.0,8141.0,32363.0,121862.0,1121.0,4888.0,267.0,890.0,2035.25,35,1.1079719936125783,1.0,1.0,1.0
2026-08-24,6,P01,Player 01,CB,32.24,OFF,Off,Off,,0.0,0.0,0.0,0.0,0.0,0.0,0.0,0.0,0.0,0.0,1007.0,88.0,2255.0,8141.0,32363.0,121862.0,1121.0,4888.0,267.0,890.0,2035.25,36,1.1079719936125783,2.0,2.0,2.0
2026-08-25,6,P01,Player 01,CB,32.24,MD-4,Volume,Training,,76.0,6021.0,223.0,21.0,23.0,21.0,25.44,78.9,4.6,350.0,889.0,83.0,2283.0,7995.0,33277.0,121427.0,1136.0,4955.0,251.0,881.0,1998.75,37,1.1422138836772984,3.0,3.0,3.0
2026-08-26,6,P01,Player 01,CB,32.24,MD-3,Speed / HSR,Training,,84.0,7265.0,432.0,57.0,25.0,28.0,28.02,86.9,6.5,546.0,429.0,84.0,2220.0,8097.0,32877.0,121273.0,1265.0,4995.0,214.0,875.0,2024.25,38,1.0967024824008893,0.0,4.0,4.0
2026-08-27,6,P01,Player 01,CB,32.24,MD-2,Tactical,Training,,78.0,4858.0,194.0,24.0,18.0,15.0,26.24,81.4,4.6,359.0,896.0,79.0,2262.0,8185.0,32393.0,121484.0,1313.0,5001.0,206.0,877.0,2046.25,39,1.1054367745876603,1.0,5.0,5.0
2026-08-28,6,P01,Player 01,CB,32.24,MD-1,Activation,Training,,42.0,3033.0,68.0,9.0,9.0,9.0,21.17,65.7,2.2,92.0,1255.0,78.0,2236.0,8181.0,32743.0,121553.0,1310.0,5014.0,206.0,878.0,2045.25,40,1.0932648820437598,2.0,6.0,6.0
2026-08-29,6,P01,Player 01,CB,32.24,MD,Match,Top-up,Unused,54.0,4138.0,156.0,31.0,18.0,17.0,26.0,80.6,4.5,243.0,997.0,80.0,1669.0,7616.0,27684.0,116280.0,1092.0,4688.0,143.0,808.0,1904.0,41,0.8765756302521008,3.0,7.0,7.0
2026-08-30,6,P01,Player 01,CB,32.24,MD+1,Recovery,Recovery,,37.0,2242.0,20.0,1.0,6.0,6.0,18.53,57.5,1.7,63.0,694.0,81.0,1653.0,7616.0,27557.0,116267.0,1093.0,4690.0,143.0,808.0,1904.0,42,0.868172268907563,4.0,8.0,8.0
2026-08-31,7,P01,Player 01,CB,32.24,OFF,Off,Off,,0.0,0.0,0.0,0.0,0.0,0.0,0.0,0.0,0.0,0.0,398.0,87.0,1653.0,7616.0,27557.0,116267.0,1093.0,4690.0,143.0,808.0,1904.0,43,0.868172268907563,5.0,9.0,9.0
2026-09-01,7,P01,Player 01,CB,32.24,MD-4,Volume,Training,,80.0,5371.0,261.0,27.0,23.0,20.0,25.3,78.5,6.2,496.0,306.0,83.0,1799.0,7664.0,26907.0,115591.0,1131.0,4710.0,149.0,804.0,1916.0,44,0.9389352818371608,6.0,10.0,10.0
2026-09-02,7,P01,Player 01,CB,32.24,MD-3,Speed / HSR,Training,,98.0,7061.0,485.0,78.0,29.0,30.0,28.51,88.4,6.1,598.0,559.0,80.0,1851.0,7755.0,26703.0,115703.0,1184.0,4820.0,170.0,813.0,1938.75,45,0.9547388781431334,0.0,11.0,11.0
2026-09-03,7,P01,Player 01,CB,32.24,MD-2,Tactical,Training,,72.0,4832.0,226.0,25.0,19.0,19.0,27.41,85.0,4.2,302.0,1094.0,80.0,1794.0,7776.0,26677.0,114965.0,1216.0,4812.0,171.0,816.0,1944.0,46,0.9228395061728395,0.0,12.0,12.0
2026-09-04,7,P01,Player 01,CB,32.24,MD-1,Activation,Training,,39.0,3042.0,72.0,8.0,8.0,9.0,22.76,70.6,2.9,113.0,1396.0,73.0,1815.0,7763.0,26686.0,115472.0,1220.0,4826.0,170.0,816.0,1940.75,47,0.9352054618060028,1.0,13.0,13.0
2026-09-05,7,P01,Player 01,CB,32.24,MD,Match,Match,Sub,13.0,1316.0,36.0,18.0,4.0,5.0,25.1,77.9,6.3,82.0,1013.0,82.0,1654.0,7640.0,23864.0,113570.0,1100.0,4651.0,157.0,795.0,1910.0,48,0.8659685863874346,2.0,14.0,14.0
2026-09-06,7,P01,Player 01,CB,32.24,MD+1,Recovery,Recovery,,41.0,2222.0,18.0,1.0,6.0,5.0,15.78,49.0,2.2,90.0,497.0,84.0,1681.0,7679.0,23844.0,113789.0,1098.0,4650.0,157.0,795.0,1919.75,49,0.8756348482875375,3.0,15.0,15.0
2026-09-07,8,P01,Player 01,CB,32.24,OFF,Off,Off,,0.0,0.0,0.0,0.0,0.0,0.0,0.0,0.0,0.0,0.0,285.0,80.0,1681.0,7679.0,23844.0,113789.0,1098.0,4650.0,157.0,795.0,1919.75,50,0.8756348482875375,4.0,16.0,16.0
2026-09-08,8,P01,Player 01,CB,32.24,MD-4,Volume,Training,,84.0,5772.0,242.0,34.0,19.0,21.0,25.49,79.1,4.9,412.0,172.0,87.0,1597.0,7665.0,24245.0,114052.0,1079.0,4647.0,164.0,803.0,1916.25,51,0.8333985649054142,5.0,17.0,17.0
2026-09-09,8,P01,Player 01,CB,32.24,MD-3,Speed / HSR,Training,,93.0,7289.0,452.0,79.0,25.0,24.0,27.61,85.6,6.6,614.0,502.0,79.0,1613.0,7685.0,24473.0,114665.0,1046.0,4692.0,165.0,817.0,1921.25,52,0.8395575797007157,0.0,18.0,18.0
2026-09-10,8,P01,Player 01,CB,32.24,MD-2,Tactical,Training,,69.0,4016.0,184.0,21.0,18.0,18.0,26.25,81.4,5.2,359.0,1026.0,82.0,1670.0,7785.0,23657.0,113697.0,1004.0,4735.0,161.0,812.0,1946.25,53,0.8580603725112396,1.0,19.0,19.0
2026-09-11,8,P01,Player 01,CB,32.24,MD-1,Activation,Training,,48.0,2685.0,60.0,10.0,11.0,8.0,23.19,71.9,2.5,120.0,1385.0,76.0,1677.0,7815.0,23300.0,113538.0,992.0,4723.0,163.0,815.0,1953.75,54,0.8583493282149712,2.0,20.0,20.0
2026-09-12,8,P01,Player 01,CB,32.24,MD,Match,Top-up,Unused,55.0,4540.0,210.0,26.0,18.0,15.0,27.47,85.2,5.2,286.0,1093.0,85.0,1881.0,7421.0,26524.0,110104.0,1166.0,4476.0,171.0,738.0,1855.25,55,1.013879531060504,0.0,21.0,21.0
2026-09-13,8,P01,Player 01,CB,32.24,MD+1,Recovery,Recovery,,32.0,2134.0,20.0,1.0,5.0,5.0,18.64,57.8,0.8,26.0,765.0,85.0,1817.0,7406.0,26436.0,110200.0,1168.0,4480.0,171.0,738.0,1851.5,56,0.9813664596273292,1.0,22.0,22.0
2026-07-20,1,P02,Player 02,CB,32.1,OFF,Off,Off,,0.0,0.0,0.0,0.0,0.0,0.0,0.0,0.0,0.0,0.0,0.0,85.0,0.0,0.0,0.0,0.0,0.0,0.0,0.0,0.0,0.0,1,,,,
2026-07-21,1,P02,Player 02,CB,32.1,MD-4,Volume,Training,,75.0,5245.0,219.0,22.0,25.0,22.0,25.57,79.7,4.1,308.0,0.0,82.0,308.0,308.0,5245.0,5245.0,219.0,219.0,22.0,22.0,77.0,2,,,,
2026-07-22,1,P02,Player 02,CB,32.1,MD-3,Speed / HSR,Training,,95.0,6795.0,386.0,57.0,33.0,30.0,27.47,85.6,7.0,665.0,308.0,83.0,973.0,973.0,12040.0,12040.0,605.0,605.0,79.0,79.0,243.25,3,,0.0,,
2026-07-23,1,P02,Player 02,CB,32.1,MD-2,Tactical,Training,,76.0,5048.0,181.0,23.0,21.0,22.0,24.76,77.1,4.2,319.0,973.0,76.0,1292.0,1292.0,17088.0,17088.0,786.0,786.0,102.0,102.0,323.0,4,,1.0,,
2026-07-24,1,P02,Player 02,CB,32.1,MD-1,Activation,Training,,42.0,2945.0,56.0,6.0,13.0,11.0,22.74,70.9,2.8,118.0,1292.0,84.0,1410.0,1410.0,20033.0,20033.0,842.0,842.0,108.0,108.0,352.5,5,,2.0,,
2026-07-25,1,P02,Player 02,CB,32.1,MD,Match,Match,Starter,91.0,9801.0,457.0,93.0,35.0,37.0,30.92,96.3,7.5,682.0,1102.0,79.0,2092.0,2092.0,29834.0,29834.0,1299.0,1299.0,201.0,201.0,523.0,6,,0.0,0.0,0.0
2026-07-26,1,P02,Player 02,CB,32.1,MD+1,Recovery,Recovery,,42.0,1940.0,15.0,1.0,6.0,5.0,17.11,53.3,2.1,88.0,1119.0,82.0,2180.0,2180.0,31774.0,31774.0,1314.0,1314.0,202.0,202.0,545.0,7,,1.0,1.0,1.0
2026-07-27,2,P02,Player 02,CB,32.1,OFF,Off,Off,,0.0,0.0,0.0,0.0,0.0,0.0,0.0,0.0,0.0,0.0,888.0,80.0,2180.0,2180.0,31774.0,31774.0,1314.0,1314.0,202.0,202.0,545.0,8,,2.0,2.0,2.0
2026-07-28,2,P02,Player 02,CB,32.1,MD-4,Volume,Training,,74.0,6318.0,199.0,24.0,30.0,23.0,26.2,81.6,4.1,303.0,770.0,81.0,2175.0,2483.0,32847.0,38092.0,1294.0,1513.0,204.0,226.0,620.75,9,,3.0,3.0,3.0
2026-07-29,2,P02,Player 02,CB,32.1,MD-3,Speed / HSR,Training,,89.0,8150.0,362.0,73.0,29.0,30.0,27.71,86.3,5.0,445.0,391.0,85.0,1955.0,2928.0,34202.0,46242.0,1270.0,1875.0,220.0,299.0,732.0,10,,0.0,4.0,4.0
2026-07-30,2,P02,Player 02,CB,32.1,MD-2,Tactical,Training,,70.0,4736.0,217.0,26.0,23.0,18.0,25.6,79.7,3.7,259.0,748.0,86.0,1895.0,3187.0,33890.0,50978.0,1306.0,2092.0,223.0,325.0,796.75,11,,1.0,5.0,5.0
2026-07-31,2,P02,Player 02,CB,32.1,MD-1,Activation,Training,,43.0,2745.0,64.0,7.0,12.0,11.0,23.36,72.8,2.5,108.0,1007.0,81.0,1885.0,3295.0,33690.0,53723.0,1314.0,2156.0,224.0,332.0,823.75,12,,2.0,6.0,6.0
2026-08-01,2,P02,Player 02,CB,32.1,MD,Match,Top-up,Unused,54.0,4540.0,155.0,23.0,18.0,18.0,25.26,78.7,5.5,297.0,812.0,78.0,1500.0,3592.0,28429.0,58263.0,1012.0,2311.0,154.0,355.0,898.0,13,,3.0,7.0,7.0
2026-08-02,2,P02,Player 02,CB,32.1,MD+1,Recovery,Recovery,,31.0,2345.0,19.0,1.0,7.0,6.0,17.88,55.7,1.1,34.0,664.0,88.0,1446.0,3626.0,28834.0,60608.0,1016.0,2330.0,154.0,356.0,906.5,14,,4.0,8.0,8.0
2026-08-03,3,P02,Player 02,CB,32.1,OFF,Off,Off,,0.0,0.0,0.0,0.0,0.0,0.0,0.0,0.0,0.0,0.0,439.0,84.0,1446.0,3626.0,28834.0,60608.0,1016.0,2330.0,154.0,356.0,906.5,15,,5.0,9.0,9.0
2026-08-04,3,P02,Player 02,CB,32.1,MD-4,Volume,Training,,81.0,6380.0,234.0,25.0,28.0,24.0,25.13,78.3,5.0,405.0,331.0,84.0,1548.0,4031.0,28896.0,66988.0,1051.0,2564.0,155.0,381.0,1007.75,16,,6.0,10.0,10.0
2026-08-05,3,P02,Player 02,CB,32.1,MD-3,Speed / HSR,Training,,83.0,8433.0,348.0,67.0,30.0,27.0,29.27,91.2,7.9,656.0,439.0,75.0,1759.0,4687.0,29179.0,75421.0,1037.0,2912.0,149.0,448.0,1171.75,17,,0.0,0.0,11.0
2026-08-06,3,P02,Player 02,CB,32.1,MD-2,Tactical,Training,,67.0,4962.0,200.0,25.0,23.0,18.0,25.01,77.9,4.0,268.0,1061.0,82.0,1768.0,4955.0,29405.0,80383.0,1020.0,3112.0,148.0,473.0,1238.75,18,,1.0,1.0,12.0
2026-08-07,3,P02,Player 02,CB,32.1,MD-1,Activation,Training,,47.0,2758.0,59.0,6.0,11.0,12.0,22.68,70.6,3.0,141.0,1329.0,78.0,1801.0,5096.0,29418.0,83141.0,1015.0,3171.0,147.0,479.0,1274.0,19,,2.0,2.0,13.0
2026-08-08,3,P02,Player 02,CB,32.1,MD,Match,Match,Starter,92.0,9156.0,411.0,76.0,39.0,34.0,30.65,95.5,9.2,846.0,1065.0,80.0,2350.0,5942.0,34034.0,92297.0,1271.0,3582.0,200.0,555.0,1485.5,20,,0.0,0.0,0.0
2026-08-09,3,P02,Player 02,CB,32.1,MD+1,Recovery,Recovery,,36.0,2086.0,20.0,1.0,6.0,6.0,19.51,60.8,1.7,61.0,1255.0,77.0,2377.0,6003.0,33775.0,94383.0,1272.0,3602.0,200.0,556.0,1500.75,21,,1.0,1.0,1.0
2026-08-10,4,P02,Player 02,CB,32.1,OFF,Off,Off,,0.0,0.0,0.0,0.0,0.0,0.0,0.0,0.0,0.0,0.0,1048.0,78.0,2377.0,6003.0,33775.0,94383.0,1272.0,3602.0,200.0,556.0,1500.75,22,,2.0,2.0,2.0
2026-08-11,4,P02,Player 02,CB,32.1,MD-4,Volume,Training,,78.0,5335.0,188.0,31.0,24.0,23.0,25.49,79.4,4.6,359.0,907.0,80.0,2331.0,6362.0,32730.0,99718.0,1226.0,3790.0,206.0,587.0,1590.5,23,,3.0,3.0,3.0
2026-08-12,4,P02,Player 02,CB,32.1,MD-3,Speed / HSR,Training,,93.0,7125.0,371.0,57.0,30.0,29.0,28.72,89.5,5.7,530.0,420.0,86.0,2205.0,6892.0,31422.0,106843.0,1249.0,4161.0,196.0,644.0,1723.0,24,,0.0,4.0,4.0
2026-08-13,4,P02,Player 02,CB,32.1,MD-2,Tactical,Training,,67.0,4256.0,170.0,21.0,21.0,23.0,26.33,82.0,4.4,295.0,889.0,83.0,2232.0,7187.0,30716.0,111099.0,1219.0,4331.0,192.0,665.0,1796.75,25,,1.0,5.0,5.0
2026-08-14,4,P02,Player 02,CB,32.1,MD-1,Activation,Training,,45.0,3128.0,59.0,5.0,11.0,12.0,24.54,76.5,2.8,126.0,1184.0,78.0,2217.0,7313.0,31086.0,114227.0,1219.0,4390.0,191.0,670.0,1828.25,26,,2.0,6.0,6.0
2026-08-15,4,P02,Player 02,CB,32.1,MD,Match,Top-up,Unused,53.0,4555.0,171.0,24.0,19.0,21.0,26.93,83.9,4.7,249.0,951.0,83.0,1620.0,7562.0,26485.0,118782.0,979.0,4561.0,139.0,694.0,1890.5,27,,3.0,7.0,7.0
2026-08-16,4,P02,Player 02,CB,32.1,MD+1,Recovery,Recovery,,38.0,2185.0,16.0,1.0,6.0,6.0,17.73,55.2,1.4,53.0,670.0,82.0,1612.0,7615.0,26584.0,120967.0,975.0,4577.0,139.0,695.0,1903.75,28,0.8467498358502955,4.0,8.0,8.0
2026-08-17,5,P02,Player 02,CB,32.1,OFF,Off,Off,,0.0,0.0,0.0,0.0,0.0,0.0,0.0,0.0,0.0,0.0,428.0,83.0,1612.0,7615.0,26584.0,120967.0,975.0,4577.0,139.0,695.0,1903.75,29,0.8467498358502955,5.0,9.0,9.0
2026-08-18,5,P02,Player 02,CB,32.1,MD-4,Volume,Training,,73.0,6154.0,246.0,30.0,28.0,23.0,25.71,80.1,5.0,365.0,302.0,86.0,1618.0,7672.0,27403.0,121876.0,1033.0,4604.0,138.0,703.0,1918.0,30,0.8435870698644421,6.0,10.0,10.0
2026-08-19,5,P02,Player 02,CB,32.1,MD-3,Speed / HSR,Training,,82.0,7899.0,335.0,51.0,28.0,30.0,28.61,89.1,6.6,541.0,418.0,80.0,1629.0,7548.0,28177.0,122980.0,997.0,4553.0,132.0,697.0,1887.0,31,0.863275039745628,0.0,11.0,11.0
2026-08-20,5,P02,Player 02,CB,32.1,MD-2,Tactical,Training,,69.0,5342.0,173.0,25.0,19.0,20.0,27.66,86.2,4.0,276.0,906.0,81.0,1610.0,7505.0,29263.0,123274.0,1000.0,4545.0,136.0,699.0,1876.25,32,0.8580946035976016,0.0,12.0,12.0
2026-08-21,5,P02,Player 02,CB,32.1,MD-1,Activation,Training,,39.0,3084.0,51.0,6.0,12.0,12.0,21.77,67.8,2.2,86.0,1182.0,74.0,1570.0,7473.0,29219.0,123413.0,992.0,4540.0,137.0,699.0,1868.25,33,0.8403586243811053,1.0,13.0,13.0
2026-08-22,5,P02,Player 02,CB,32.1,MD,Match,Match,Sub,20.0,2132.0,131.0,23.0,8.0,8.0,28.05,87.4,7.2,144.0,903.0,77.0,1465.0,6935.0,26796.0,115744.0,952.0,4214.0,136.0,629.0,1733.75,34,0.8449891852919971,0.0,14.0,14.0
2026-08-23,5,P02,Player 02,CB,32.1,MD+1,Recovery,Recovery,,38.0,2076.0,16.0,1.0,6.0,6.0,16.52,51.5,2.9,110.0,506.0,77.0,1522.0,6957.0,26687.0,115880.0,952.0,4215.0,136.0,629.0,1739.25,35,0.8750898375736668,1.0,15.0,15.0
2026-08-24,6,P02,Player 02,CB,32.1,OFF,Off,Off,,0.0,0.0,0.0,0.0,0.0,0.0,0.0,0.0,0.0,0.0,340.0,85.0,1522.0,6957.0,26687.0,115880.0,952.0,4215.0,136.0,629.0,1739.25,36,0.8750898375736668,2.0,16.0,16.0
2026-08-25,6,P02,Player 02,CB,32.1,MD-4,Volume,Training,,72.0,6270.0,266.0,27.0,22.0,25.0,25.62,79.8,5.7,410.0,254.0,91.0,1567.0,7064.0,26803.0,115832.0,972.0,4282.0,133.0,632.0,1766.0,37,0.8873159682899208,3.0,17.0,17.0
2026-08-26,6,P02,Player 02,CB,32.1,MD-3,Speed / HSR,Training,,88.0,8426.0,359.0,66.0,34.0,26.0,29.28,91.2,6.1,537.0,520.0,83.0,1563.0,7156.0,27330.0,116108.0,996.0,4279.0,148.0,625.0,1789.0,38,0.873672442705422,0.0,0.0,18.0
2026-08-27,6,P02,Player 02,CB,32.1,MD-2,Tactical,Training,,70.0,5066.0,161.0,25.0,20.0,22.0,27.69,86.3,5.3,371.0,947.0,82.0,1658.0,7268.0,27054.0,116438.0,984.0,4223.0,148.0,624.0,1817.0,39,0.9124931205283434,0.0,1.0,19.0
2026-08-28,6,P02,Player 02,CB,32.1,MD-1,Activation,Training,,49.0,3195.0,52.0,6.0,12.0,12.0,20.49,63.8,1.6,78.0,1318.0,85.0,1650.0,7238.0,27165.0,116888.0,985.0,4211.0,148.0,623.0,1809.5,40,0.9118541033434651,1.0,2.0,20.0
2026-08-29,6,P02,Player 02,CB,32.1,MD,Match,Match,Sub,38.0,4292.0,173.0,55.0,17.0,19.0,25.55,79.6,7.6,289.0,986.0,81.0,1795.0,7230.0,29325.0,116640.0,1027.0,4229.0,180.0,655.0,1807.5,41,0.9930843706777317,2.0,3.0,21.0
2026-08-30,6,P02,Player 02,CB,32.1,MD+1,Recovery,Recovery,,34.0,2072.0,18.0,1.0,6.0,5.0,19.59,61.0,1.7,58.0,738.0,80.0,1743.0,7254.0,29321.0,116367.0,1029.0,4228.0,180.0,655.0,1813.5,42,0.9611248966087675,3.0,4.0,22.0
2026-08-31,7,P02,Player 02,CB,32.1,OFF,Off,Off,,0.0,0.0,0.0,0.0,0.0,0.0,0.0,0.0,0.0,0.0,425.0,83.0,1743.0,7254.0,29321.0,116367.0,1029.0,4228.0,180.0,655.0,1813.5,43,0.9611248966087675,4.0,5.0,23.0
2026-09-01,7,P02,Player 02,CB,32.1,MD-4,Volume,Training,,80.0,6593.0,235.0,24.0,28.0,27.0,25.83,80.5,6.3,504.0,347.0,85.0,1837.0,7353.0,29644.0,116580.0,998.0,4229.0,177.0,654.0,1838.25,44,0.9993200054399565,5.0,6.0,24.0
2026-09-02,7,P02,Player 02,CB,32.1,MD-3,Speed / HSR,Training,,84.0,6875.0,398.0,65.0,32.0,32.0,27.45,85.5,7.2,605.0,562.0,81.0,1905.0,7302.0,28093.0,115022.0,1037.0,4279.0,176.0,652.0,1825.5,45,1.0435497124075597,0.0,7.0,25.0
2026-09-03,7,P02,Player 02,CB,32.1,MD-2,Tactical,Training,,67.0,4662.0,214.0,24.0,23.0,28.0,25.72,80.1,3.6,241.0,1109.0,77.0,1775.0,7275.0,27689.0,114722.0,1090.0,4293.0,175.0,651.0,1818.75,46,0.9759450171821306,1.0,8.0,26.0
2026-09-04,7,P02,Player 02,CB,32.1,MD-1,Activation,Training,,36.0,2828.0,72.0,6.0,14.0,12.0,21.25,66.2,2.4,86.0,1350.0,80.0,1783.0,7220.0,27322.0,114792.0,1110.0,4306.0,175.0,651.0,1805.0,47,0.9878116343490305,2.0,9.0,27.0
2026-09-05,7,P02,Player 02,CB,32.1,MD,Match,Top-up,Unused,50.0,4228.0,174.0,22.0,24.0,19.0,27.58,85.9,4.2,210.0,932.0,84.0,1704.0,6584.0,27258.0,109864.0,1111.0,4069.0,142.0,597.0,1646.0,48,1.0352369380315918,0.0,10.0,28.0
2026-09-06,7,P02,Player 02,CB,32.1,MD+1,Recovery,Recovery,,38.0,1762.0,15.0,1.0,7.0,6.0,16.72,52.1,2.2,84.0,537.0,78.0,1730.0,6607.0,26948.0,109540.0,1108.0,4064.0,142.0,597.0,1651.75,49,1.0473739972756169,1.0,11.0,29.0
2026-09-07,8,P02,Player 02,CB,32.1,OFF,Off,Off,,0.0,0.0,0.0,0.0,0.0,0.0,0.0,0.0,0.0,0.0,380.0,82.0,1730.0,6607.0,26948.0,109540.0,1108.0,4064.0,142.0,597.0,1651.75,50,1.0473739972756169,2.0,12.0,30.0
2026-09-08,8,P02,Player 02,CB,32.1,MD-4,Volume,Training,,76.0,6653.0,207.0,28.0,27.0,21.0,26.26,81.8,4.4,334.0,294.0,84.0,1560.0,6582.0,27008.0,110858.0,1080.0,4083.0,146.0,594.0,1645.5,51,0.9480401093892434,3.0,13.0,31.0
2026-09-09,8,P02,Player 02,CB,32.1,MD-3,Speed / HSR,Training,,96.0,7764.0,399.0,63.0,31.0,33.0,31.79,99.0,7.3,701.0,418.0,87.0,1656.0,6753.0,27897.0,111497.0,1081.0,4111.0,144.0,600.0,1688.25,52,0.9808973789426921,0.0,0.0,0.0
2026-09-10,8,P02,Player 02,CB,32.1,MD-2,Tactical,Training,,70.0,6040.0,185.0,18.0,21.0,20.0,26.02,81.1,3.8,266.0,1035.0,83.0,1681.0,6724.0,29275.0,113281.0,1052.0,4126.0,138.0,597.0,1681.0,53,1.0,1.0,1.0,1.0
2026-09-11,8,P02,Player 02,CB,32.1,MD-1,Activation,Training,,40.0,2947.0,50.0,6.0,11.0,11.0,22.39,69.7,2.0,80.0,1301.0,86.0,1675.0,6678.0,29394.0,113100.0,1030.0,4117.0,138.0,598.0,1669.5,54,1.0032943995208146,2.0,2.0,2.0
2026-09-12,8,P02,Player 02,CB,32.1,MD,Match,Match,Sub,40.0,3820.0,167.0,47.0,11.0,17.0,30.29,94.4,6.7,268.0,1047.0,78.0,1733.0,6697.0,28986.0,112365.0,1023.0,4113.0,163.0,621.0,1674.25,55,1.0350903389577422,0.0,0.0,3.0
2026-09-13,8,P02,Player 02,CB,32.1,MD+1,Recovery,Recovery,,31.0,2207.0,17.0,1.0,6.0,8.0,15.93,49.6,0.6,19.0,614.0,82.0,1668.0,6663.0,29431.0,112387.0,1025.0,4114.0,163.0,621.0,1665.75,56,1.0013507429085997,1.0,1.0,4.0
2026-07-20,1,P03,Player 03,CB,32.05,OFF,Off,Off,,0.0,0.0,0.0,0.0,0.0,0.0,0.0,0.0,0.0,0.0,0.0,90.0,0.0,0.0,0.0,0.0,0.0,0.0,0.0,0.0,0.0,1,,,,
2026-07-21,1,P03,Player 03,CB,32.05,MD-4,Volume,Training,,72.0,7613.0,196.0,22.0,30.0,28.0,24.33,75.9,5.0,360.0,0.0,86.0,360.0,360.0,7613.0,7613.0,196.0,196.0,22.0,22.0,90.0,2,,,,
2026-07-22,1,P03,Player 03,CB,32.05,MD-3,Speed / HSR,Training,,86.0,7773.0,334.0,61.0,32.0,26.0,29.85,93.2,6.6,568.0,360.0,85.0,928.0,928.0,15386.0,15386.0,530.0,530.0,83.0,83.0,232.0,3,,0.0,0.0,
2026-07-23,1,P03,Player 03,CB,32.05,MD-2,Tactical,Training,,75.0,5183.0,133.0,27.0,27.0,18.0,23.15,72.2,4.2,315.0,928.0,79.0,1243.0,1243.0,20569.0,20569.0,663.0,663.0,110.0,110.0,310.75,4,,1.0,1.0,
2026-07-24,1,P03,Player 03,CB,32.05,MD-1,Activation,Training,,39.0,3001.0,73.0,5.0,9.0,8.0,22.47,70.1,2.6,101.0,1243.0,70.0,1344.0,1344.0,23570.0,23570.0,736.0,736.0,115.0,115.0,336.0,5,,2.0,2.0,
2026-07-25,1,P03,Player 03,CB,32.05,MD,Match,Match,Sub,39.0,4600.0,140.0,29.0,14.0,14.0,27.68,86.4,6.9,269.0,984.0,81.0,1613.0,1613.0,28170.0,28170.0,876.0,876.0,144.0,144.0,403.25,6,,0.0,3.0,
2026-07-26,1,P03,Player 03,CB,32.05,MD+1,Recovery,Recovery,,34.0,2174.0,16.0,1.0,6.0,7.0,17.96,56.0,2.3,78.0,685.0,82.0,1691.0,1691.0,30344.0,30344.0,892.0,892.0,145.0,145.0,422.75,7,,1.0,4.0,
2026-07-27,2,P03,Player 03,CB,32.05,OFF,Off,Off,,0.0,0.0,0.0,0.0,0.0,0.0,0.0,0.0,0.0,0.0,448.0,88.0,1691.0,1691.0,30344.0,30344.0,892.0,892.0,145.0,145.0,422.75,8,,2.0,5.0,
2026-07-28,2,P03,Player 03,CB,32.05,MD-4,Volume,Training,,85.0,6905.0,227.0,29.0,22.0,24.0,25.28,78.9,5.1,433.0,347.0,85.0,1764.0,2124.0,29636.0,37249.0,923.0,1119.0,152.0,174.0,531.0,9,,3.0,6.0,
2026-07-29,2,P03,Player 03,CB,32.05,MD-3,Speed / HSR,Training,,92.0,7518.0,363.0,53.0,26.0,26.0,28.67,89.4,6.6,607.0,511.0,80.0,1803.0,2731.0,29381.0,44767.0,952.0,1482.0,144.0,227.0,682.75,10,,0.0,7.0,
2026-07-30,2,P03,Player 03,CB,32.05,MD-2,Tactical,Training,,76.0,5907.0,189.0,14.0,20.0,20.0,26.68,83.2,5.1,388.0,1040.0,79.0,1876.0,3119.0,30105.0,50674.0,1008.0,1671.0,131.0,241.0,779.75,11,,1.0,8.0,
2026-07-31,2,P03,Player 03,CB,32.05,MD-1,Activation,Training,,43.0,3128.0,75.0,5.0,13.0,8.0,22.68,70.8,3.5,150.0,1428.0,70.0,1925.0,3269.0,30232.0,53802.0,1010.0,1746.0,131.0,246.0,817.25,12,,2.0,9.0,
2026-08-01,2,P03,Player 03,CB,32.05,MD,Match,Top-up,Unused,55.0,4964.0,205.0,29.0,16.0,15.0,25.59,79.8,4.2,231.0,1145.0,75.0,1887.0,3500.0,30596.0,58766.0,1075.0,1951.0,131.0,275.0,875.0,13,,3.0,10.0,
2026-08-02,2,P03,Player 03,CB,32.05,MD+1,Recovery,Recovery,,25.0,2301.0,19.0,1.0,7.0,6.0,16.51,51.5,1.6,40.0,769.0,84.0,1849.0,3540.0,30723.0,61067.0,1078.0,1970.0,131.0,276.0,885.0,14,,4.0,11.0,
2026-08-03,3,P03,Player 03,CB,32.05,OFF,Off,Off,,0.0,0.0,0.0,0.0,0.0,0.0,0.0,0.0,0.0,0.0,421.0,84.0,1849.0,3540.0,30723.0,61067.0,1078.0,1970.0,131.0,276.0,885.0,15,,5.0,12.0,
2026-08-04,3,P03,Player 03,CB,32.05,MD-4,Volume,Training,,86.0,5821.0,246.0,20.0,25.0,21.0,23.3,72.7,5.4,464.0,271.0,89.0,1880.0,4004.0,29639.0,66888.0,1097.0,2216.0,122.0,296.0,1001.0,16,,6.0,13.0,
2026-08-05,3,P03,Player 03,CB,32.05,MD-3,Speed / HSR,Training,,94.0,7592.0,413.0,59.0,25.0,29.0,30.79,96.1,7.0,658.0,504.0,78.0,1931.0,4662.0,29713.0,74480.0,1147.0,2629.0,128.0,355.0,1165.5,17,,0.0,0.0,0.0
2026-08-06,3,P03,Player 03,CB,32.05,MD-2,Tactical,Training,,73.0,6051.0,211.0,20.0,16.0,15.0,26.91,84.0,4.2,307.0,1122.0,78.0,1850.0,4969.0,29857.0,80531.0,1169.0,2840.0,134.0,375.0,1242.25,18,,1.0,1.0,1.0
2026-08-07,3,P03,Player 03,CB,32.05,MD-1,Activation,Training,,46.0,3158.0,67.0,7.0,12.0,9.0,22.85,71.3,3.0,138.0,1429.0,75.0,1838.0,5107.0,29887.0,83689.0,1161.0,2907.0,136.0,382.0,1276.75,19,,2.0,2.0,2.0
2026-08-08,3,P03,Player 03,CB,32.05,MD,Match,Top-up,Unused,55.0,4708.0,164.0,24.0,21.0,14.0,25.93,80.9,4.8,264.0,1103.0,82.0,1871.0,5371.0,29631.0,88397.0,1120.0,3071.0,131.0,406.0,1342.75,20,,3.0,3.0,3.0
2026-08-09,3,P03,Player 03,CB,32.05,MD+1,Recovery,Recovery,,36.0,2364.0,16.0,1.0,5.0,5.0,18.83,58.8,2.0,72.0,709.0,84.0,1903.0,5443.0,29694.0,90761.0,1117.0,3087.0,131.0,407.0,1360.75,21,,4.0,4.0,4.0
2026-08-10,4,P03,Player 03,CB,32.05,OFF,Off,Off,,0.0,0.0,0.0,0.0,0.0,0.0,0.0,0.0,0.0,0.0,474.0,86.0,1903.0,5443.0,29694.0,90761.0,1117.0,3087.0,131.0,407.0,1360.75,22,,5.0,5.0,5.0
2026-08-11,4,P03,Player 03,CB,32.05,MD-4,Volume,Training,,73.0,6602.0,207.0,23.0,23.0,23.0,25.38,79.2,5.1,372.0,336.0,90.0,1811.0,5815.0,30475.0,97363.0,1078.0,3294.0,134.0,430.0,1453.75,23,,6.0,6.0,6.0
2026-08-12,4,P03,Player 03,CB,32.05,MD-3,Speed / HSR,Training,,82.0,6752.0,335.0,74.0,26.0,23.0,31.49,98.3,6.0,492.0,444.0,83.0,1645.0,6307.0,29635.0,104115.0,1000.0,3629.0,149.0,504.0,1576.75,24,,0.0,0.0,0.0
2026-08-13,4,P03,Player 03,CB,32.05,MD-2,Tactical,Training,,69.0,5992.0,187.0,19.0,18.0,18.0,26.17,81.6,5.8,400.0,864.0,85.0,1738.0,6707.0,29576.0,110107.0,976.0,3816.0,148.0,523.0,1676.75,25,,1.0,1.0,1.0
2026-08-14,4,P03,Player 03,CB,32.05,MD-1,Activation,Training,,42.0,3272.0,61.0,6.0,11.0,12.0,19.59,61.1,3.1,130.0,1264.0,75.0,1730.0,6837.0,29690.0,113379.0,970.0,3877.0,147.0,529.0,1709.25,26,,2.0,2.0,2.0
2026-08-15,4,P03,Player 03,CB,32.05,MD,Match,Match,Sub,23.0,3576.0,104.0,24.0,9.0,10.0,29.91,93.3,6.7,154.0,1022.0,76.0,1620.0,6991.0,28558.0,116955.0,910.0,3981.0,147.0,553.0,1747.75,27,,0.0,0.0,3.0
2026-08-16,4,P03,Player 03,CB,32.05,MD+1,Recovery,Recovery,,30.0,2019.0,17.0,1.0,6.0,7.0,18.62,58.1,2.6,78.0,684.0,85.0,1626.0,7069.0,28213.0,118974.0,911.0,3998.0,147.0,554.0,1767.25,28,0.9200735606167775,1.0,1.0,4.0
2026-08-17,5,P03,Player 03,CB,32.05,OFF,Off,Off,,0.0,0.0,0.0,0.0,0.0,0.0,0.0,0.0,0.0,0.0,362.0,80.0,1626.0,7069.0,28213.0,118974.0,911.0,3998.0,147.0,554.0,1767.25,29,0.9200735606167775,2.0,2.0,5.0
2026-08-18,5,P03,Player 03,CB,32.05,MD-4,Volume,Training,,77.0,7570.0,183.0,25.0,28.0,18.0,24.92,77.7,4.9,377.0,232.0,88.0,1631.0,7086.0,29181.0,118931.0,887.0,3985.0,149.0,557.0,1771.5,30,0.9206886819079876,3.0,3.0,6.0
2026-08-19,5,P03,Player 03,CB,32.05,MD-3,Speed / HSR,Training,,81.0,6872.0,447.0,76.0,28.0,26.0,30.63,95.6,6.7,543.0,455.0,85.0,1682.0,7061.0,29301.0,118030.0,999.0,4098.0,151.0,572.0,1765.25,31,0.9528395411414814,0.0,0.0,0.0
2026-08-20,5,P03,Player 03,CB,32.05,MD-2,Tactical,Training,,69.0,5245.0,195.0,20.0,21.0,20.0,24.54,76.6,4.9,338.0,920.0,84.0,1620.0,7084.0,28554.0,118092.0,1007.0,4160.0,152.0,565.0,1771.0,32,0.9147374364765669,1.0,1.0,1.0
2026-08-21,5,P03,Player 03,CB,32.05,MD-1,Activation,Training,,44.0,3324.0,80.0,5.0,12.0,9.0,23.58,73.6,2.0,88.0,1258.0,78.0,1578.0,7071.0,28606.0,118415.0,1026.0,4167.0,151.0,565.0,1767.75,33,0.8926601612218923,2.0,2.0,2.0
2026-08-22,5,P03,Player 03,CB,32.05,MD,Match,Top-up,Unused,54.0,5607.0,182.0,23.0,16.0,16.0,27.66,86.3,4.9,265.0,969.0,80.0,1689.0,7067.0,30637.0,119422.0,1104.0,4209.0,150.0,559.0,1766.75,34,0.9559926418565162,0.0,3.0,3.0
2026-08-23,5,P03,Player 03,CB,32.05,MD+1,Recovery,Recovery,,36.0,2369.0,20.0,1.0,6.0,6.0,17.33,54.1,2.1,76.0,691.0,84.0,1687.0,7065.0,30987.0,119617.0,1107.0,4213.0,150.0,559.0,1766.25,35,0.9551309271054494,1.0,4.0,4.0
2026-08-24,6,P03,Player 03,CB,32.05,OFF,Off,Off,,0.0,0.0,0.0,0.0,0.0,0.0,0.0,0.0,0.0,0.0,429.0,82.0,1687.0,7065.0,30987.0,119617.0,1107.0,4213.0,150.0,559.0,1766.25,36,0.9551309271054494,2.0,5.0,5.0
2026-08-25,6,P03,Player 03,CB,32.05,MD-4,Volume,Training,,80.0,5241.0,247.0,22.0,22.0,21.0,26.1,81.4,4.2,336.0,341.0,83.0,1646.0,6968.0,28658.0,117953.0,1171.0,4233.0,147.0,552.0,1742.0,37,0.9448909299655568,3.0,6.0,6.0
2026-08-26,6,P03,Player 03,CB,32.05,MD-3,Speed / HSR,Training,,87.0,8554.0,409.0,60.0,31.0,30.0,28.55,89.1,6.5,566.0,412.0,86.0,1669.0,6927.0,30340.0,118989.0,1133.0,4279.0,131.0,559.0,1731.75,38,0.963764977623791,0.0,7.0,7.0
2026-08-27,6,P03,Player 03,CB,32.05,MD-2,Tactical,Training,,64.0,5380.0,197.0,22.0,19.0,19.0,25.31,79.0,5.5,352.0,902.0,81.0,1683.0,6891.0,30475.0,118462.0,1135.0,4287.0,133.0,567.0,1722.75,39,0.976926425772747,1.0,8.0,8.0
2026-08-28,6,P03,Player 03,CB,32.05,MD-1,Activation,Training,,46.0,2682.0,59.0,7.0,12.0,10.0,22.02,68.7,3.1,143.0,1254.0,77.0,1738.0,6884.0,29833.0,118016.0,1114.0,4271.0,135.0,569.0,1721.0,40,1.0098779779198142,2.0,9.0,9.0
2026-08-29,6,P03,Player 03,CB,32.05,MD,Match,Top-up,Unused,60.0,4772.0,173.0,17.0,21.0,15.0,26.17,81.7,4.0,240.0,1061.0,79.0,1713.0,6893.0,28998.0,117824.0,1105.0,4239.0,129.0,557.0,1723.25,41,0.9940519367474249,3.0,10.0,10.0
2026-08-30,6,P03,Player 03,CB,32.05,MD+1,Recovery,Recovery,,36.0,2510.0,18.0,1.0,6.0,7.0,18.85,58.8,1.9,68.0,735.0,87.0,1705.0,6921.0,29139.0,118033.0,1103.0,4238.0,129.0,557.0,1730.25,42,0.9854067331310504,4.0,11.0,11.0
2026-08-31,7,P03,Player 03,CB,32.05,OFF,Off,Off,,0.0,0.0,0.0,0.0,0.0,0.0,0.0,0.0,0.0,0.0,451.0,83.0,1705.0,6921.0,29139.0,118033.0,1103.0,4238.0,129.0,557.0,1730.25,43,0.9854067331310504,5.0,12.0,12.0
2026-09-01,7,P03,Player 03,CB,32.05,MD-4,Volume,Training,,81.0,6724.0,239.0,27.0,22.0,21.0,25.89,80.8,5.0,405.0,308.0,84.0,1774.0,6862.0,30622.0,118936.0,1095.0,4231.0,134.0,564.0,1715.5,44,1.0341008452346254,6.0,13.0,13.0
2026-09-02,7,P03,Player 03,CB,32.05,MD-3,Speed / HSR,Training,,87.0,8375.0,412.0,81.0,30.0,21.0,29.55,92.2,6.5,566.0,473.0,79.0,1774.0,6770.0,30443.0,119719.0,1098.0,4230.0,155.0,586.0,1692.5,45,1.0481536189069425,0.0,0.0,14.0
2026-09-03,7,P03,Player 03,CB,32.05,MD-2,Tactical,Training,,69.0,5209.0,178.0,21.0,20.0,16.0,27.11,84.6,4.6,317.0,971.0,80.0,1739.0,6780.0,30272.0,118877.0,1079.0,4197.0,154.0,587.0,1695.0,46,1.0259587020648968,1.0,1.0,15.0
2026-09-04,7,P03,Player 03,CB,32.05,MD-1,Activation,Training,,43.0,2899.0,55.0,8.0,11.0,11.0,21.95,68.5,2.6,112.0,1288.0,80.0,1708.0,6754.0,30489.0,118618.0,1075.0,4185.0,155.0,588.0,1688.5,47,1.0115487118744448,2.0,2.0,16.0
2026-09-05,7,P03,Player 03,CB,32.05,MD,Match,Match,Starter,75.0,8445.0,290.0,69.0,27.0,20.0,32.39,101.1,8.0,600.0,995.0,83.0,2068.0,7090.0,34162.0,122355.0,1192.0,4311.0,207.0,633.0,1772.5,48,1.1667136812411847,0.0,0.0,0.0
2026-09-06,7,P03,Player 03,CB,32.05,MD+1,Recovery,Recovery,,32.0,2364.0,15.0,1.0,7.0,6.0,18.66,58.2,1.5,48.0,1029.0,80.0,2048.0,7066.0,34016.0,122355.0,1189.0,4310.0,207.0,633.0,1766.5,49,1.159354656099632,1.0,1.0,1.0
2026-09-07,8,P03,Player 03,CB,32.05,OFF,Off,Off,,0.0,0.0,0.0,0.0,0.0,0.0,0.0,0.0,0.0,0.0,760.0,85.0,2048.0,7066.0,34016.0,122355.0,1189.0,4310.0,207.0,633.0,1766.5,50,1.159354656099632,2.0,2.0,2.0
2026-09-08,8,P03,Player 03,CB,32.05,MD-4,Volume,Training,,81.0,6390.0,232.0,21.0,26.0,24.0,24.73,77.2,4.8,389.0,648.0,85.0,2032.0,7083.0,33682.0,122143.0,1182.0,4335.0,201.0,631.0,1770.75,51,1.1475363546519837,3.0,3.0,3.0
2026-09-09,8,P03,Player 03,CB,32.05,MD-3,Speed / HSR,Training,,91.0,8094.0,393.0,60.0,26.0,23.0,29.54,92.2,6.2,564.0,437.0,88.0,2030.0,7155.0,33401.0,123485.0,1163.0,4393.0,180.0,617.0,1788.75,52,1.13487071977638,0.0,0.0,4.0
2026-09-10,8,P03,Player 03,CB,32.05,MD-2,Tactical,Training,,69.0,5527.0,177.0,25.0,23.0,21.0,24.95,77.8,5.1,352.0,953.0,84.0,2065.0,7107.0,33719.0,123020.0,1162.0,4383.0,184.0,623.0,1776.75,53,1.1622344167721965,1.0,1.0,5.0
2026-09-11,8,P03,Player 03,CB,32.05,MD-1,Activation,Training,,50.0,3213.0,76.0,6.0,11.0,12.0,21.79,68.0,2.5,125.0,1305.0,83.0,2078.0,7102.0,34033.0,122961.0,1183.0,4398.0,182.0,623.0,1775.5,54,1.1703745423824274,2.0,2.0,6.0
2026-09-12,8,P03,Player 03,CB,32.05,MD,Match,Match,Starter,84.0,8934.0,386.0,70.0,30.0,26.0,30.14,94.1,8.2,689.0,1041.0,79.0,2167.0,7637.0,34522.0,128319.0,1279.0,4680.0,183.0,669.0,1909.25,55,1.135000654707346,0.0,0.0,7.0
2026-09-13,8,P03,Player 03,CB,32.05,MD+1,Recovery,Recovery,,34.0,2097.0,18.0,1.0,6.0,5.0,18.11,56.5,1.6,54.0,1166.0,74.0,2173.0,7613.0,34255.0,128397.0,1282.0,4681.0,183.0,669.0,1903.25,56,1.141731249179036,1.0,1.0,8.0
2026-07-20,1,P04,Player 04,CB,32.7,OFF,Off,Off,,0.0,0.0,0.0,0.0,0.0,0.0,0.0,0.0,0.0,0.0,0.0,90.0,0.0,0.0,0.0,0.0,0.0,0.0,0.0,0.0,0.0,1,,,,
2026-07-21,1,P04,Player 04,CB,32.7,MD-4,Volume,Training,,79.0,7014.0,194.0,26.0,29.0,24.0,25.73,78.7,5.1,403.0,0.0,90.0,403.0,403.0,7014.0,7014.0,194.0,194.0,26.0,26.0,100.75,2,,,,
2026-07-22,1,P04,Player 04,CB,32.7,MD-3,Speed / HSR,Training,,93.0,7442.0,300.0,80.0,31.0,31.0,30.52,93.3,6.3,586.0,403.0,90.0,989.0,989.0,14456.0,14456.0,494.0,494.0,106.0,106.0,247.25,3,,0.0,0.0,
2026-07-23,1,P04,Player 04,CB,32.7,MD-2,Tactical,Training,,69.0,5209.0,154.0,25.0,24.0,17.0,26.63,81.4,5.6,386.0,989.0,84.0,1375.0,1375.0,19665.0,19665.0,648.0,648.0,131.0,131.0,343.75,4,,1.0,1.0,
2026-07-24,1,P04,Player 04,CB,32.7,MD-1,Activation,Training,,44.0,3182.0,40.0,7.0,15.0,10.0,22.46,68.7,2.1,92.0,1375.0,83.0,1467.0,1467.0,22847.0,22847.0,688.0,688.0,138.0,138.0,366.75,5,,2.0,2.0,
2026-07-25,1,P04,Player 04,CB,32.7,MD,Match,Match,Starter,91.0,10157.0,449.0,92.0,40.0,26.0,30.65,93.7,6.9,628.0,1064.0,81.0,2095.0,2095.0,33004.0,33004.0,1137.0,1137.0,230.0,230.0,523.75,6,,0.0,0.0,
2026-07-26,1,P04,Player 04,CB,32.7,MD+1,Recovery,Recovery,,32.0,2123.0,16.0,1.0,6.0,5.0,15.41,47.1,1.1,35.0,1106.0,80.0,2130.0,2130.0,35127.0,35127.0,1153.0,1153.0,231.0,231.0,532.5,7,,1.0,1.0,
2026-07-27,2,P04,Player 04,CB,32.7,OFF,Off,Off,,0.0,0.0,0.0,0.0,0.0,0.0,0.0,0.0,0.0,0.0,755.0,78.0,2130.0,2130.0,35127.0,35127.0,1153.0,1153.0,231.0,231.0,532.5,8,,2.0,2.0,
2026-07-28,2,P04,Player 04,CB,32.7,MD-4,Volume,Training,,76.0,6002.0,239.0,28.0,28.0,23.0,26.75,81.8,4.9,372.0,663.0,84.0,2099.0,2502.0,34115.0,41129.0,1198.0,1392.0,233.0,259.0,625.5,9,,3.0,3.0,
2026-07-29,2,P04,Player 04,CB,32.7,MD-3,Speed / HSR,Training,,90.0,7797.0,375.0,85.0,29.0,28.0,31.38,96.0,7.2,648.0,407.0,83.0,2161.0,3150.0,34470.0,48926.0,1273.0,1767.0,238.0,344.0,787.5,10,,0.0,0.0,0.0
2026-07-30,2,P04,Player 04,CB,32.7,MD-2,Tactical,Training,,64.0,5390.0,200.0,17.0,23.0,20.0,25.49,77.9,3.3,211.0,1020.0,81.0,1986.0,3361.0,34651.0,54316.0,1319.0,1967.0,230.0,361.0,840.25,11,,1.0,1.0,1.0
2026-07-31,2,P04,Player 04,CB,32.7,MD-1,Activation,Training,,46.0,2968.0,55.0,7.0,12.0,10.0,22.56,69.0,2.7,124.0,1231.0,78.0,2018.0,3485.0,34437.0,57284.0,1334.0,2022.0,230.0,368.0,871.25,12,,2.0,2.0,2.0
2026-08-01,2,P04,Player 04,CB,32.7,MD,Match,Match,Starter,79.0,8450.0,311.0,79.0,33.0,30.0,31.65,96.8,8.8,695.0,983.0,82.0,2085.0,4180.0,32730.0,65734.0,1196.0,2333.0,217.0,447.0,1045.0,13,,0.0,0.0,0.0
2026-08-02,2,P04,Player 04,CB,32.7,MD+1,Recovery,Recovery,,36.0,2532.0,20.0,1.0,6.0,5.0,18.89,57.8,1.1,40.0,1030.0,79.0,2090.0,4220.0,33139.0,68266.0,1200.0,2353.0,217.0,448.0,1055.0,14,,1.0,1.0,1.0
2026-08-03,3,P04,Player 04,CB,32.7,OFF,Off,Off,,0.0,0.0,0.0,0.0,0.0,0.0,0.0,0.0,0.0,0.0,859.0,84.0,2090.0,4220.0,33139.0,68266.0,1200.0,2353.0,217.0,448.0,1055.0,15,,2.0,2.0,2.0
2026-08-04,3,P04,Player 04,CB,32.7,MD-4,Volume,Training,,76.0,5337.0,243.0,33.0,31.0,24.0,26.21,80.2,6.0,456.0,735.0,73.0,2174.0,4676.0,32474.0,73603.0,1204.0,2596.0,222.0,481.0,1169.0,16,,3.0,3.0,3.0
2026-08-05,3,P04,Player 04,CB,32.7,MD-3,Speed / HSR,Training,,86.0,7536.0,397.0,73.0,31.0,24.0,30.21,92.4,7.0,602.0,496.0,85.0,2128.0,5278.0,32213.0,81139.0,1226.0,2993.0,210.0,554.0,1319.5,17,,0.0,0.0,4.0
2026-08-06,3,P04,Player 04,CB,32.7,MD-2,Tactical,Training,,67.0,5886.0,205.0,23.0,22.0,20.0,26.09,79.8,5.4,362.0,1058.0,83.0,2279.0,5640.0,32709.0,87025.0,1231.0,3198.0,216.0,577.0,1410.0,18,,1.0,1.0,5.0
2026-08-07,3,P04,Player 04,CB,32.7,MD-1,Activation,Training,,41.0,2943.0,55.0,6.0,11.0,12.0,24.11,73.7,2.9,119.0,1420.0,83.0,2274.0,5759.0,32684.0,89968.0,1231.0,3253.0,215.0,583.0,1439.75,19,,2.0,2.0,6.0
2026-08-08,3,P04,Player 04,CB,32.7,MD,Match,Match,Starter,92.0,10682.0,453.0,95.0,38.0,31.0,30.77,94.1,8.4,773.0,1083.0,82.0,2352.0,6532.0,34916.0,100650.0,1373.0,3706.0,231.0,678.0,1633.0,20,,0.0,0.0,7.0
2026-08-09,3,P04,Player 04,CB,32.7,MD+1,Recovery,Recovery,,33.0,2218.0,17.0,1.0,7.0,5.0,18.03,55.1,1.6,53.0,1254.0,83.0,2365.0,6585.0,34602.0,102868.0,1370.0,3723.0,231.0,679.0,1646.25,21,,1.0,1.0,8.0
2026-08-10,4,P04,Player 04,CB,32.7,OFF,Off,Off,,0.0,0.0,0.0,0.0,0.0,0.0,0.0,0.0,0.0,0.0,945.0,81.0,2365.0,6585.0,34602.0,102868.0,1370.0,3723.0,231.0,679.0,1646.25,22,,2.0,2.0,9.0
2026-08-11,4,P04,Player 04,CB,32.7,MD-4,Volume,Training,,80.0,6194.0,213.0,29.0,28.0,23.0,26.25,80.3,4.7,376.0,826.0,81.0,2285.0,6961.0,35459.0,109062.0,1340.0,3936.0,227.0,708.0,1740.25,23,,3.0,3.0,10.0
2026-08-12,4,P04,Player 04,CB,32.7,MD-3,Speed / HSR,Training,,89.0,7968.0,394.0,53.0,32.0,24.0,32.88,100.6,5.4,481.0,429.0,86.0,2164.0,7442.0,35891.0,117030.0,1337.0,4330.0,207.0,761.0,1860.5,24,,0.0,0.0,0.0
2026-08-13,4,P04,Player 04,CB,32.7,MD-2,Tactical,Training,,70.0,4996.0,153.0,25.0,19.0,21.0,26.77,81.9,4.7,329.0,857.0,81.0,2131.0,7771.0,35001.0,122026.0,1285.0,4483.0,209.0,786.0,1942.75,25,,1.0,1.0,1.0
2026-08-14,4,P04,Player 04,CB,32.7,MD-1,Activation,Training,,42.0,2849.0,71.0,6.0,12.0,11.0,23.36,71.4,2.3,97.0,1186.0,76.0,2109.0,7868.0,34907.0,124875.0,1301.0,4554.0,209.0,792.0,1967.0,26,,2.0,2.0,2.0
2026-08-15,4,P04,Player 04,CB,32.7,MD,Match,Match,Starter,91.0,10017.0,396.0,96.0,39.0,33.0,31.02,94.9,8.7,792.0,907.0,79.0,2128.0,8660.0,34242.0,134892.0,1244.0,4950.0,210.0,888.0,2165.0,27,,0.0,0.0,3.0
2026-08-16,4,P04,Player 04,CB,32.7,MD+1,Recovery,Recovery,,37.0,2430.0,15.0,1.0,6.0,6.0,18.16,55.5,2.0,74.0,1218.0,75.0,2149.0,8734.0,34454.0,137322.0,1242.0,4965.0,210.0,889.0,2183.5,28,0.9841996794137852,1.0,1.0,4.0
2026-08-17,5,P04,Player 04,CB,32.7,OFF,Off,Off,,0.0,0.0,0.0,0.0,0.0,0.0,0.0,0.0,0.0,0.0,963.0,82.0,2149.0,8734.0,34454.0,137322.0,1242.0,4965.0,210.0,889.0,2183.5,29,0.9841996794137852,2.0,2.0,5.0
2026-08-18,5,P04,Player 04,CB,32.7,MD-4,Volume,Training,,77.0,5558.0,236.0,30.0,28.0,21.0,26.26,80.3,4.7,362.0,866.0,81.0,2135.0,8693.0,33818.0,135866.0,1265.0,5007.0,211.0,893.0,2173.25,30,0.9823996318877257,3.0,3.0,6.0
2026-08-19,5,P04,Player 04,CB,32.7,MD-3,Speed / HSR,Training,,89.0,8210.0,333.0,69.0,33.0,27.0,29.64,90.6,6.4,570.0,436.0,83.0,2224.0,8677.0,34060.0,136634.0,1204.0,5040.0,227.0,882.0,2169.25,31,1.0252391379509047,0.0,0.0,7.0
2026-08-20,5,P04,Player 04,CB,32.7,MD-2,Tactical,Training,,73.0,5669.0,181.0,34.0,25.0,20.0,24.83,75.9,4.3,314.0,932.0,79.0,2209.0,8605.0,34733.0,137094.0,1232.0,5067.0,236.0,891.0,2151.25,32,1.0268448576409064,1.0,1.0,8.0
2026-08-21,5,P04,Player 04,CB,32.7,MD-1,Activation,Training,,41.0,2812.0,59.0,7.0,13.0,11.0,21.37,65.3,3.0,123.0,1246.0,80.0,2235.0,8636.0,34696.0,136724.0,1220.0,5086.0,237.0,891.0,2159.0,33,1.0352014821676703,2.0,2.0,9.0
2026-08-22,5,P04,Player 04,CB,32.7,MD,Match,Match,Sub,8.0,1002.0,56.0,4.0,4.0,2.0,30.62,93.6,7.2,58.0,1007.0,82.0,1501.0,8066.0,25681.0,127569.0,880.0,4693.0,145.0,803.0,2016.5,34,0.7443590379370196,0.0,0.0,10.0
2026-08-23,5,P04,Player 04,CB,32.7,MD+1,Recovery,Recovery,,35.0,2093.0,14.0,1.0,7.0,5.0,18.57,56.8,2.4,84.0,495.0,80.0,1511.0,8115.0,25344.0,127539.0,879.0,4691.0,145.0,803.0,2028.75,35,0.7447935921133703,1.0,1.0,11.0
2026-08-24,6,P04,Player 04,CB,32.7,OFF,Off,Off,,0.0,0.0,0.0,0.0,0.0,0.0,0.0,0.0,0.0,0.0,265.0,82.0,1511.0,8115.0,25344.0,127539.0,879.0,4691.0,145.0,803.0,2028.75,36,0.7447935921133703,2.0,2.0,12.0
2026-08-25,6,P04,Player 04,CB,32.7,MD-4,Volume,Training,,81.0,6591.0,222.0,23.0,24.0,25.0,24.43,74.7,5.8,470.0,142.0,90.0,1619.0,8213.0,26377.0,128128.0,865.0,4674.0,138.0,798.0,2053.25,37,0.7885060270303178,3.0,3.0,13.0
2026-08-26,6,P04,Player 04,CB,32.7,MD-3,Speed / HSR,Training,,87.0,7592.0,293.0,83.0,30.0,31.0,29.37,89.8,6.0,522.0,554.0,79.0,1571.0,8087.0,25759.0,127923.0,825.0,4592.0,152.0,796.0,2021.75,38,0.7770495857549153,0.0,4.0,14.0
2026-08-27,6,P04,Player 04,CB,32.7,MD-2,Tactical,Training,,69.0,5711.0,151.0,19.0,25.0,22.0,24.74,75.6,4.4,304.0,992.0,82.0,1561.0,8180.0,25801.0,128244.0,795.0,4543.0,137.0,798.0,2045.0,39,0.7633251833740832,1.0,5.0,15.0
2026-08-28,6,P04,Player 04,CB,32.7,MD-1,Activation,Training,,45.0,2800.0,60.0,7.0,15.0,12.0,24.28,74.3,2.2,99.0,1296.0,83.0,1537.0,8155.0,25789.0,128076.0,796.0,4548.0,137.0,798.0,2038.75,40,0.7538933169834457,2.0,6.0,16.0
2026-08-29,6,P04,Player 04,CB,32.7,MD,Match,Match,Starter,96.0,11271.0,450.0,71.0,46.0,33.0,29.8,91.1,7.2,691.0,925.0,86.0,2170.0,8151.0,36058.0,130897.0,1190.0,4687.0,204.0,790.0,2037.75,41,1.0649000122684333,0.0,0.0,17.0
2026-08-30,6,P04,Player 04,CB,32.7,MD+1,Recovery,Recovery,,40.0,1975.0,16.0,1.0,5.0,6.0,18.59,56.9,3.0,120.0,1094.0,82.0,2206.0,8231.0,35940.0,130340.0,1192.0,4683.0,204.0,790.0,2057.75,42,1.0720447090268497,1.0,1.0,18.0
2026-08-31,7,P04,Player 04,CB,32.7,OFF,Off,Off,,0.0,0.0,0.0,0.0,0.0,0.0,0.0,0.0,0.0,0.0,910.0,83.0,2206.0,8231.0,35940.0,130340.0,1192.0,4683.0,204.0,790.0,2057.75,43,1.0720447090268497,2.0,2.0,19.0
2026-09-01,7,P04,Player 04,CB,32.7,MD-4,Volume,Training,,79.0,6266.0,241.0,30.0,27.0,20.0,28.21,86.3,5.1,403.0,811.0,89.0,2139.0,8178.0,35615.0,131269.0,1211.0,4681.0,211.0,787.0,2044.5,44,1.046221570066031,0.0,3.0,20.0
2026-09-02,7,P04,Player 04,CB,32.7,MD-3,Speed / HSR,Training,,84.0,7704.0,349.0,55.0,35.0,27.0,29.62,90.6,6.1,512.0,523.0,76.0,2129.0,8088.0,35727.0,131437.0,1267.0,4633.0,183.0,769.0,2022.0,45,1.052917903066271,0.0,0.0,21.0
2026-09-03,7,P04,Player 04,CB,32.7,MD-2,Tactical,Training,,69.0,5559.0,188.0,24.0,25.0,20.0,26.6,81.3,4.9,338.0,915.0,79.0,2163.0,8064.0,35575.0,131110.0,1304.0,4616.0,188.0,770.0,2016.0,46,1.0729166666666667,1.0,1.0,22.0
2026-09-04,7,P04,Player 04,CB,32.7,MD-1,Activation,Training,,46.0,2810.0,63.0,5.0,13.0,8.0,22.63,69.2,3.1,143.0,1253.0,81.0,2207.0,8088.0,35585.0,130977.0,1307.0,4624.0,186.0,769.0,2022.0,47,1.0914935707220574,2.0,2.0,23.0
2026-09-05,7,P04,Player 04,CB,32.7,MD,Match,Match,Starter,76.0,8721.0,320.0,84.0,29.0,25.0,31.46,96.2,8.8,669.0,993.0,79.0,2185.0,7984.0,33035.0,129016.0,1177.0,4491.0,199.0,758.0,1996.0,48,1.094689378757515,0.0,0.0,0.0
2026-09-06,7,P04,Player 04,CB,32.7,MD+1,Recovery,Recovery,,31.0,2356.0,14.0,1.0,8.0,6.0,17.2,52.6,1.3,40.0,1150.0,83.0,2105.0,7971.0,33416.0,129154.0,1175.0,4488.0,199.0,758.0,1992.75,49,1.056329193325806,1.0,1.0,1.0
2026-09-07,8,P04,Player 04,CB,32.7,OFF,Off,Off,,0.0,0.0,0.0,0.0,0.0,0.0,0.0,0.0,0.0,0.0,852.0,81.0,2105.0,7971.0,33416.0,129154.0,1175.0,4488.0,199.0,758.0,1992.75,50,1.056329193325806,2.0,2.0,2.0
2026-09-08,8,P04,Player 04,CB,32.7,MD-4,Volume,Training,,80.0,6467.0,156.0,35.0,28.0,25.0,26.0,79.5,4.1,328.0,709.0,83.0,2030.0,7923.0,33617.0,129427.0,1090.0,4431.0,204.0,764.0,1980.75,51,1.024864319071059,3.0,3.0,3.0
2026-09-09,8,P04,Player 04,CB,32.7,MD-3,Speed / HSR,Training,,82.0,7605.0,351.0,57.0,31.0,27.0,29.38,89.8,7.0,574.0,368.0,84.0,2092.0,8016.0,33518.0,129064.0,1092.0,4388.0,206.0,768.0,2004.0,52,1.0439121756487026,0.0,4.0,4.0
2026-09-10,8,P04,Player 04,CB,32.7,MD-2,Tactical,Training,,65.0,4766.0,152.0,23.0,26.0,19.0,25.29,77.3,4.3,280.0,902.0,79.0,2034.0,7967.0,32725.0,128834.0,1056.0,4387.0,205.0,766.0,1991.75,53,1.021212501568972,1.0,5.0,5.0
2026-09-11,8,P04,Player 04,CB,32.7,MD-1,Activation,Training,,47.0,2679.0,64.0,7.0,14.0,12.0,24.38,74.5,2.5,118.0,1182.0,77.0,2009.0,7988.0,32594.0,128664.0,1057.0,4380.0,207.0,767.0,1997.0,54,1.0060090135202804,2.0,6.0,6.0
2026-09-12,8,P04,Player 04,CB,32.7,MD,Match,Match,Starter,96.0,10140.0,474.0,80.0,37.0,28.0,29.27,89.5,7.6,730.0,972.0,81.0,2070.0,7926.0,34013.0,128787.0,1211.0,4458.0,203.0,751.0,1981.5,55,1.044663133989402,0.0,7.0,7.0
2026-09-13,8,P04,Player 04,CB,32.7,MD+1,Recovery,Recovery,,38.0,2124.0,15.0,1.0,7.0,5.0,16.44,50.3,2.1,80.0,1128.0,76.0,2110.0,7932.0,33781.0,128481.0,1212.0,4458.0,203.0,751.0,1983.0,56,1.0640443772062531,1.0,8.0,8.0
2026-07-20,1,P05,Player 05,CB,31.66,OFF,Off,Off,,0.0,0.0,0.0,0.0,0.0,0.0,0.0,0.0,0.0,0.0,0.0,91.0,0.0,0.0,0.0,0.0,0.0,0.0,0.0,0.0,0.0,1,,,,
2026-07-21,1,P05,Player 05,CB,31.66,MD-4,Volume,Training,,73.0,6059.0,226.0,31.0,24.0,25.0,26.45,83.5,5.3,387.0,0.0,90.0,387.0,387.0,6059.0,6059.0,226.0,226.0,31.0,31.0,96.75,2,,,,
2026-07-22,1,P05,Player 05,CB,31.66,MD-3,Speed / HSR,Training,,89.0,8535.0,481.0,77.0,31.0,32.0,28.19,89.0,6.6,587.0,387.0,88.0,974.0,974.0,14594.0,14594.0,707.0,707.0,108.0,108.0,243.5,3,,0.0,,
2026-07-23,1,P05,Player 05,CB,31.66,MD-2,Tactical,Training,,71.0,5076.0,185.0,27.0,18.0,21.0,24.58,77.6,5.5,390.0,974.0,77.0,1364.0,1364.0,19670.0,19670.0,892.0,892.0,135.0,135.0,341.0,4,,1.0,,
2026-07-24,1,P05,Player 05,CB,31.66,MD-1,Activation,Training,,40.0,2822.0,73.0,9.0,12.0,13.0,22.2,70.1,3.7,148.0,1364.0,72.0,1512.0,1512.0,22492.0,22492.0,965.0,965.0,144.0,144.0,378.0,5,,2.0,,
2026-07-25,1,P05,Player 05,CB,31.66,MD,Match,Top-up,Unused,52.0,4427.0,202.0,27.0,20.0,17.0,26.5,83.7,4.4,229.0,1125.0,79.0,1741.0,1741.0,26919.0,26919.0,1167.0,1167.0,171.0,171.0,435.25,6,,3.0,,
2026-07-26,1,P05,Player 05,CB,31.66,MD+1,Recovery,Recovery,,39.0,2111.0,21.0,1.0,7.0,5.0,17.99,56.8,2.2,86.0,767.0,91.0,1827.0,1827.0,29030.0,29030.0,1188.0,1188.0,172.0,172.0,456.75,7,,4.0,,
2026-07-27,2,P05,Player 05,CB,31.66,OFF,Off,Off,,0.0,0.0,0.0,0.0,0.0,0.0,0.0,0.0,0.0,0.0,463.0,88.0,1827.0,1827.0,29030.0,29030.0,1188.0,1188.0,172.0,172.0,456.75,8,,5.0,,
2026-07-28,2,P05,Player 05,CB,31.66,MD-4,Volume,Training,,87.0,5485.0,268.0,36.0,23.0,29.0,26.43,83.5,5.8,505.0,315.0,84.0,1945.0,2332.0,28456.0,34515.0,1230.0,1456.0,177.0,208.0,583.0,9,,6.0,,
2026-07-29,2,P05,Player 05,CB,31.66,MD-3,Speed / HSR,Training,,82.0,7345.0,448.0,82.0,31.0,28.0,28.7,90.7,6.6,541.0,591.0,85.0,1899.0,2873.0,27266.0,41860.0,1197.0,1904.0,182.0,290.0,718.25,10,,0.0,0.0,
2026-07-30,2,P05,Player 05,CB,31.66,MD-2,Tactical,Training,,69.0,5079.0,185.0,23.0,21.0,20.0,25.5,80.5,4.2,290.0,1046.0,82.0,1799.0,3163.0,27269.0,46939.0,1197.0,2089.0,178.0,313.0,790.75,11,,1.0,1.0,
2026-07-31,2,P05,Player 05,CB,31.66,MD-1,Activation,Training,,41.0,2725.0,52.0,8.0,13.0,11.0,23.23,73.4,2.7,111.0,1336.0,73.0,1762.0,3274.0,27172.0,49664.0,1176.0,2141.0,177.0,321.0,818.5,12,,2.0,2.0,
2026-08-01,2,P05,Player 05,CB,31.66,MD,Match,Top-up,Unused,51.0,5086.0,184.0,17.0,17.0,15.0,25.98,82.1,4.6,235.0,942.0,85.0,1768.0,3509.0,27831.0,54750.0,1158.0,2325.0,167.0,338.0,877.25,13,,3.0,3.0,
2026-08-02,2,P05,Player 05,CB,31.66,MD+1,Recovery,Recovery,,33.0,2101.0,21.0,1.0,5.0,6.0,16.64,52.6,1.8,59.0,636.0,82.0,1741.0,3568.0,27821.0,56851.0,1158.0,2346.0,167.0,339.0,892.0,14,,4.0,4.0,
2026-08-03,3,P05,Player 05,CB,31.66,OFF,Off,Off,,0.0,0.0,0.0,0.0,0.0,0.0,0.0,0.0,0.0,0.0,405.0,84.0,1741.0,3568.0,27821.0,56851.0,1158.0,2346.0,167.0,339.0,892.0,15,,5.0,5.0,
2026-08-04,3,P05,Player 05,CB,31.66,MD-4,Volume,Training,,85.0,6650.0,207.0,31.0,26.0,19.0,25.85,81.6,6.6,561.0,294.0,86.0,1797.0,4129.0,28986.0,63501.0,1097.0,2553.0,162.0,370.0,1032.25,16,,6.0,6.0,
2026-08-05,3,P05,Player 05,CB,31.66,MD-3,Speed / HSR,Training,,83.0,7845.0,401.0,85.0,33.0,27.0,27.34,86.3,6.1,506.0,620.0,87.0,1762.0,4635.0,29486.0,71346.0,1050.0,2954.0,165.0,455.0,1158.75,17,,0.0,7.0,
2026-08-06,3,P05,Player 05,CB,31.66,MD-2,Tactical,Training,,72.0,5463.0,215.0,21.0,23.0,20.0,22.22,70.2,3.1,223.0,1067.0,77.0,1695.0,4858.0,29870.0,76809.0,1080.0,3169.0,163.0,476.0,1214.5,18,,1.0,8.0,
2026-08-07,3,P05,Player 05,CB,31.66,MD-1,Activation,Training,,52.0,2850.0,86.0,7.0,12.0,11.0,22.57,71.3,3.1,161.0,1290.0,72.0,1745.0,5019.0,29995.0,79659.0,1114.0,3255.0,162.0,483.0,1254.75,19,,2.0,9.0,
2026-08-08,3,P05,Player 05,CB,31.66,MD,Match,Top-up,Unused,52.0,3844.0,171.0,23.0,19.0,18.0,26.5,83.7,4.1,213.0,890.0,82.0,1723.0,5232.0,28753.0,83503.0,1101.0,3426.0,168.0,506.0,1308.0,20,,3.0,10.0,
2026-08-09,3,P05,Player 05,CB,31.66,MD+1,Recovery,Recovery,,28.0,1981.0,21.0,1.0,5.0,5.0,17.29,54.6,2.7,76.0,597.0,77.0,1740.0,5308.0,28633.0,85484.0,1101.0,3447.0,168.0,507.0,1327.0,21,,4.0,11.0,
2026-08-10,4,P05,Player 05,CB,31.66,OFF,Off,Off,,0.0,0.0,0.0,0.0,0.0,0.0,0.0,0.0,0.0,0.0,450.0,83.0,1740.0,5308.0,28633.0,85484.0,1101.0,3447.0,168.0,507.0,1327.0,22,,5.0,12.0,
2026-08-11,4,P05,Player 05,CB,31.66,MD-4,Volume,Training,,75.0,6493.0,245.0,32.0,26.0,24.0,26.1,82.4,5.8,435.0,289.0,89.0,1614.0,5743.0,28476.0,91977.0,1139.0,3692.0,169.0,539.0,1435.75,23,,6.0,13.0,
2026-08-12,4,P05,Player 05,CB,31.66,MD-3,Speed / HSR,Training,,84.0,6962.0,316.0,92.0,38.0,28.0,27.66,87.4,5.1,428.0,511.0,86.0,1536.0,6171.0,27593.0,98939.0,1054.0,4008.0,176.0,631.0,1542.75,24,,0.0,14.0,
2026-08-13,4,P05,Player 05,CB,31.66,MD-2,Tactical,Training,,69.0,5404.0,192.0,22.0,26.0,20.0,25.87,81.7,2.9,200.0,863.0,84.0,1513.0,6371.0,27534.0,104343.0,1031.0,4200.0,177.0,653.0,1592.75,25,,1.0,15.0,
2026-08-14,4,P05,Player 05,CB,31.66,MD-1,Activation,Training,,38.0,2713.0,72.0,8.0,12.0,11.0,21.43,67.7,3.6,137.0,1063.0,81.0,1489.0,6508.0,27397.0,107056.0,1017.0,4272.0,178.0,661.0,1627.0,26,,2.0,16.0,
2026-08-15,4,P05,Player 05,CB,31.66,MD,Match,Top-up,Unused,53.0,4447.0,165.0,29.0,17.0,19.0,25.61,80.9,5.8,307.0,765.0,90.0,1583.0,6815.0,28000.0,111503.0,1011.0,4437.0,184.0,690.0,1703.75,27,,3.0,17.0,
2026-08-16,4,P05,Player 05,CB,31.66,MD+1,Recovery,Recovery,,39.0,2175.0,20.0,1.0,6.0,7.0,17.52,55.4,1.4,55.0,644.0,81.0,1562.0,6870.0,28194.0,113678.0,1010.0,4457.0,184.0,691.0,1717.5,28,0.9094614264919941,4.0,18.0,
2026-08-17,5,P05,Player 05,CB,31.66,OFF,Off,Off,,0.0,0.0,0.0,0.0,0.0,0.0,0.0,0.0,0.0,0.0,499.0,85.0,1562.0,6870.0,28194.0,113678.0,1010.0,4457.0,184.0,691.0,1717.5,29,0.9094614264919941,5.0,19.0,
2026-08-18,5,P05,Player 05,CB,31.66,MD-4,Volume,Training,,77.0,7090.0,236.0,24.0,26.0,21.0,24.0,75.8,4.6,354.0,362.0,84.0,1481.0,6837.0,28791.0,114709.0,1001.0,4467.0,176.0,684.0,1709.25,30,0.8664618984934913,6.0,20.0,
2026-08-19,5,P05,Player 05,CB,31.66,MD-3,Speed / HSR,Training,,88.0,6958.0,422.0,65.0,30.0,28.0,29.52,93.3,5.1,449.0,409.0,88.0,1502.0,6699.0,28787.0,113132.0,1107.0,4408.0,149.0,672.0,1674.75,31,0.896850276160621,0.0,0.0,
2026-08-20,5,P05,Player 05,CB,31.66,MD-2,Tactical,Training,,76.0,5821.0,222.0,28.0,19.0,21.0,23.64,74.7,3.5,266.0,803.0,81.0,1568.0,6575.0,29204.0,113877.0,1137.0,4445.0,155.0,673.0,1643.75,32,0.9539163498098859,1.0,1.0,
2026-08-21,5,P05,Player 05,CB,31.66,MD-1,Activation,Training,,44.0,3123.0,57.0,6.0,12.0,13.0,22.34,70.6,2.5,110.0,1069.0,85.0,1541.0,6537.0,29614.0,114178.0,1122.0,4429.0,153.0,670.0,1634.25,33,0.9429401866299526,2.0,2.0,
2026-08-22,5,P05,Player 05,CB,31.66,MD,Match,Match,Starter,71.0,7782.0,408.0,78.0,29.0,25.0,28.01,88.5,8.9,632.0,825.0,80.0,1866.0,6940.0,32949.0,117533.0,1365.0,4635.0,202.0,721.0,1735.0,34,1.0755043227665706,0.0,3.0,
2026-08-23,5,P05,Player 05,CB,31.66,MD+1,Recovery,Recovery,,44.0,2060.0,17.0,1.0,6.0,6.0,16.51,52.2,1.7,75.0,1008.0,84.0,1886.0,6929.0,32834.0,117482.0,1362.0,4631.0,202.0,721.0,1732.25,35,1.0887573964497042,1.0,4.0,
2026-08-24,6,P05,Player 05,CB,31.66,OFF,Off,Off,,0.0,0.0,0.0,0.0,0.0,0.0,0.0,0.0,0.0,0.0,817.0,83.0,1886.0,6929.0,32834.0,117482.0,1362.0,4631.0,202.0,721.0,1732.25,36,1.0887573964497042,2.0,5.0,
2026-08-25,6,P05,Player 05,CB,31.66,MD-4,Volume,Training,,77.0,6120.0,185.0,29.0,27.0,21.0,25.88,81.7,5.3,408.0,707.0,82.0,1940.0,6832.0,31864.0,118117.0,1311.0,4548.0,207.0,714.0,1708.0,37,1.135831381733021,3.0,6.0,
2026-08-26,6,P05,Player 05,CB,31.66,MD-3,Speed / HSR,Training,,93.0,8031.0,395.0,85.0,30.0,29.0,28.39,89.7,6.9,642.0,483.0,86.0,2133.0,6933.0,32937.0,118803.0,1284.0,4495.0,227.0,717.0,1733.25,38,1.2306360882734746,0.0,7.0,
2026-08-27,6,P05,Player 05,CB,31.66,MD-2,Tactical,Training,,64.0,5133.0,207.0,23.0,21.0,18.0,24.29,76.7,5.5,352.0,1050.0,80.0,2219.0,6995.0,32249.0,118857.0,1269.0,4517.0,222.0,717.0,1748.75,39,1.2689063616869192,1.0,8.0,
2026-08-28,6,P05,Player 05,CB,31.66,MD-1,Activation,Training,,42.0,2841.0,62.0,6.0,13.0,12.0,21.82,68.9,3.0,126.0,1402.0,78.0,2235.0,7010.0,31967.0,118973.0,1274.0,4527.0,222.0,715.0,1752.5,40,1.275320970042796,2.0,9.0,
2026-08-29,6,P05,Player 05,CB,31.66,MD,Match,Match,Starter,82.0,7924.0,375.0,97.0,31.0,31.0,29.28,92.5,8.4,689.0,1120.0,78.0,2292.0,7464.0,32109.0,121811.0,1241.0,4718.0,241.0,795.0,1866.0,41,1.2282958199356913,0.0,0.0,
2026-08-30,6,P05,Player 05,CB,31.66,MD+1,Recovery,Recovery,,28.0,2357.0,17.0,1.0,6.0,5.0,17.86,56.4,1.1,31.0,1167.0,76.0,2248.0,7436.0,32406.0,122067.0,1241.0,4714.0,241.0,795.0,1859.0,42,1.2092522861753632,1.0,1.0,
2026-08-31,7,P05,Player 05,CB,31.66,OFF,Off,Off,,0.0,0.0,0.0,0.0,0.0,0.0,0.0,0.0,0.0,0.0,846.0,80.0,2248.0,7436.0,32406.0,122067.0,1241.0,4714.0,241.0,795.0,1859.0,43,1.2092522861753632,2.0,2.0,
2026-09-01,7,P05,Player 05,CB,31.66,MD-4,Volume,Training,,78.0,6014.0,219.0,37.0,29.0,25.0,25.21,79.6,5.6,437.0,720.0,77.0,2277.0,7312.0,32300.0,121431.0,1275.0,4726.0,249.0,801.0,1828.0,44,1.2456236323851204,3.0,3.0,
2026-09-02,7,P05,Player 05,CB,31.66,MD-3,Speed / HSR,Training,,93.0,7488.0,389.0,71.0,32.0,33.0,29.85,94.3,6.8,632.0,468.0,87.0,2267.0,7438.0,31757.0,121074.0,1269.0,4714.0,235.0,787.0,1859.5,45,1.219144931433181,0.0,0.0,
2026-09-03,7,P05,Player 05,CB,31.66,MD-2,Tactical,Training,,71.0,5118.0,223.0,23.0,23.0,21.0,24.34,76.9,3.9,277.0,1069.0,75.0,2192.0,7492.0,31742.0,120729.0,1285.0,4722.0,235.0,789.0,1873.0,46,1.1703150026695142,1.0,1.0,
2026-09-04,7,P05,Player 05,CB,31.66,MD-1,Activation,Training,,46.0,2626.0,54.0,7.0,12.0,9.0,22.15,70.0,2.8,129.0,1346.0,77.0,2195.0,7460.0,31527.0,120505.0,1277.0,4690.0,236.0,789.0,1865.0,47,1.1769436997319034,2.0,2.0,
2026-09-05,7,P05,Player 05,CB,31.66,MD,Match,Top-up,Unused,55.0,4401.0,191.0,26.0,20.0,18.0,24.36,76.9,5.1,280.0,1038.0,82.0,1786.0,7527.0,28004.0,121062.0,1093.0,4710.0,165.0,792.0,1881.75,48,0.9491165138833533,3.0,3.0,
2026-09-06,7,P05,Player 05,CB,31.66,MD+1,Recovery,Recovery,,33.0,1926.0,16.0,1.0,7.0,5.0,18.16,57.4,2.1,69.0,686.0,85.0,1824.0,7520.0,27573.0,121007.0,1092.0,4705.0,165.0,792.0,1880.0,49,0.9702127659574468,4.0,4.0,
2026-09-07,8,P05,Player 05,CB,31.66,OFF,Off,Off,,0.0,0.0,0.0,0.0,0.0,0.0,0.0,0.0,0.0,0.0,478.0,78.0,1824.0,7520.0,27573.0,121007.0,1092.0,4705.0,165.0,792.0,1880.0,50,0.9702127659574468,5.0,5.0,
2026-09-08,8,P05,Player 05,CB,31.66,MD-4,Volume,Training,,81.0,5918.0,248.0,29.0,26.0,22.0,26.29,83.0,4.5,364.0,349.0,85.0,1751.0,7449.0,27477.0,120432.0,1121.0,4708.0,157.0,789.0,1862.25,51,0.9402604376426366,6.0,6.0,
2026-09-09,8,P05,Player 05,CB,31.66,MD-3,Speed / HSR,Training,,80.0,6465.0,385.0,77.0,32.0,27.0,28.11,88.8,6.4,512.0,433.0,86.0,1631.0,7533.0,26454.0,119935.0,1117.0,4777.0,163.0,774.0,1883.25,52,0.866056020177884,0.0,7.0,
2026-09-10,8,P05,Player 05,CB,31.66,MD-2,Tactical,Training,,72.0,5025.0,176.0,20.0,20.0,23.0,25.11,79.3,4.0,288.0,876.0,81.0,1642.0,7621.0,26361.0,119556.0,1070.0,4761.0,160.0,772.0,1905.25,53,0.8618291562787036,1.0,8.0,
2026-09-11,8,P05,Player 05,CB,31.66,MD-1,Activation,Training,,41.0,3315.0,51.0,6.0,13.0,13.0,22.37,70.7,3.2,131.0,1164.0,83.0,1644.0,7615.0,27050.0,120158.0,1067.0,4740.0,159.0,770.0,1903.75,54,0.863558765594222,2.0,9.0,
2026-09-12,8,P05,Player 05,CB,31.66,MD,Match,Top-up,Unused,53.0,4762.0,141.0,21.0,17.0,18.0,27.15,85.8,4.4,233.0,931.0,78.0,1597.0,7541.0,27411.0,120473.0,1017.0,4716.0,154.0,762.0,1885.25,55,0.8471025062988994,0.0,10.0,
2026-09-13,8,P05,Player 05,CB,31.66,MD+1,Recovery,Recovery,,27.0,2327.0,18.0,1.0,6.0,6.0,17.41,55.0,1.4,38.0,652.0,76.0,1566.0,7524.0,27812.0,120625.0,1019.0,4714.0,154.0,762.0,1881.0,56,0.8325358851674641,1.0,11.0,
2026-07-20,1,P06,Player 06,FB,35.93,OFF,Off,Off,,0.0,0.0,0.0,0.0,0.0,0.0,0.0,0.0,0.0,0.0,0.0,91.0,0.0,0.0,0.0,0.0,0.0,0.0,0.0,0.0,0.0,1,,,,
2026-07-21,1,P06,Player 06,FB,35.93,MD-4,Volume,Training,,79.0,6797.0,409.0,66.0,35.0,34.0,31.38,87.3,6.1,482.0,0.0,86.0,482.0,482.0,6797.0,6797.0,409.0,409.0,66.0,66.0,120.5,2,,0.0,,
2026-07-22,1,P06,Player 06,FB,35.93,MD-3,Speed / HSR,Training,,88.0,8435.0,608.0,144.0,33.0,37.0,32.48,90.4,6.2,546.0,482.0,79.0,1028.0,1028.0,15232.0,15232.0,1017.0,1017.0,210.0,210.0,257.0,3,,0.0,0.0,
2026-07-23,1,P06,Player 06,FB,35.93,MD-2,Tactical,Training,,69.0,6381.0,286.0,68.0,30.0,27.0,28.61,79.6,5.1,352.0,1028.0,79.0,1380.0,1380.0,21613.0,21613.0,1303.0,1303.0,278.0,278.0,345.0,4,,1.0,1.0,
2026-07-24,1,P06,Player 06,FB,35.93,MD-1,Activation,Training,,44.0,3203.0,115.0,27.0,17.0,15.0,26.37,73.4,2.4,106.0,1380.0,81.0,1486.0,1486.0,24816.0,24816.0,1418.0,1418.0,305.0,305.0,371.5,5,,2.0,2.0,
2026-07-25,1,P06,Player 06,FB,35.93,MD,Match,Match,Sub,26.0,3625.0,218.0,86.0,16.0,13.0,33.72,93.8,7.8,203.0,1004.0,76.0,1689.0,1689.0,28441.0,28441.0,1636.0,1636.0,391.0,391.0,422.25,6,,0.0,0.0,
2026-07-26,1,P06,Player 06,FB,35.93,MD+1,Recovery,Recovery,,32.0,2419.0,34.0,2.0,8.0,7.0,19.87,55.3,2.0,64.0,661.0,90.0,1753.0,1753.0,30860.0,30860.0,1670.0,1670.0,393.0,393.0,438.25,7,,1.0,1.0,
2026-07-27,2,P06,Player 06,FB,35.93,OFF,Off,Off,,0.0,0.0,0.0,0.0,0.0,0.0,0.0,0.0,0.0,0.0,373.0,82.0,1753.0,1753.0,30860.0,30860.0,1670.0,1670.0,393.0,393.0,438.25,8,,2.0,2.0,
2026-07-28,2,P06,Player 06,FB,35.93,MD-4,Volume,Training,,78.0,6669.0,398.0,78.0,39.0,34.0,27.6,76.8,5.7,445.0,267.0,86.0,1716.0,2198.0,30732.0,37529.0,1659.0,2068.0,405.0,471.0,549.5,9,,3.0,3.0,
2026-07-29,2,P06,Player 06,FB,35.93,MD-3,Speed / HSR,Training,,87.0,8229.0,682.0,169.0,44.0,53.0,30.82,85.8,6.6,574.0,509.0,80.0,1744.0,2772.0,30526.0,45758.0,1733.0,2750.0,430.0,640.0,693.0,10,,0.0,4.0,
2026-07-30,2,P06,Player 06,FB,35.93,MD-2,Tactical,Training,,68.0,5751.0,254.0,67.0,29.0,29.0,29.59,82.4,3.2,218.0,1019.0,80.0,1610.0,2990.0,29896.0,51509.0,1701.0,3004.0,429.0,707.0,747.5,11,,1.0,5.0,
2026-07-31,2,P06,Player 06,FB,35.93,MD-1,Activation,Training,,46.0,3242.0,109.0,17.0,20.0,15.0,24.31,67.7,2.9,133.0,1237.0,78.0,1637.0,3123.0,29935.0,54751.0,1695.0,3113.0,419.0,724.0,780.75,12,,2.0,6.0,
2026-08-01,2,P06,Player 06,FB,35.93,MD,Match,Top-up,Unused,50.0,5552.0,335.0,64.0,23.0,23.0,29.51,82.1,4.8,240.0,925.0,76.0,1674.0,3363.0,31862.0,60303.0,1812.0,3448.0,397.0,788.0,840.75,13,,3.0,7.0,
2026-08-02,2,P06,Player 06,FB,35.93,MD+1,Recovery,Recovery,,34.0,2283.0,34.0,2.0,8.0,9.0,18.99,52.9,0.8,27.0,591.0,92.0,1637.0,3390.0,31726.0,62586.0,1812.0,3482.0,397.0,790.0,847.5,14,,4.0,8.0,
2026-08-03,3,P06,Player 06,FB,35.93,OFF,Off,Off,,0.0,0.0,0.0,0.0,0.0,0.0,0.0,0.0,0.0,0.0,400.0,83.0,1637.0,3390.0,31726.0,62586.0,1812.0,3482.0,397.0,790.0,847.5,15,,5.0,9.0,
2026-08-04,3,P06,Player 06,FB,35.93,MD-4,Volume,Training,,81.0,7470.0,418.0,73.0,35.0,31.0,27.53,76.6,6.0,486.0,267.0,84.0,1678.0,3876.0,32527.0,70056.0,1832.0,3900.0,392.0,863.0,969.0,16,,6.0,10.0,
2026-08-05,3,P06,Player 06,FB,35.93,MD-3,Speed / HSR,Training,,92.0,7940.0,620.0,137.0,49.0,45.0,34.02,94.7,7.0,644.0,513.0,87.0,1748.0,4520.0,32238.0,77996.0,1770.0,4520.0,360.0,1000.0,1130.0,17,,0.0,0.0,
2026-08-06,3,P06,Player 06,FB,35.93,MD-2,Tactical,Training,,66.0,5926.0,335.0,64.0,35.0,25.0,28.35,78.9,4.6,304.0,1130.0,85.0,1834.0,4824.0,32413.0,83922.0,1851.0,4855.0,357.0,1064.0,1206.0,18,,1.0,1.0,
2026-08-07,3,P06,Player 06,FB,35.93,MD-1,Activation,Training,,44.0,3569.0,113.0,19.0,15.0,17.0,24.98,69.5,2.2,97.0,1434.0,80.0,1798.0,4921.0,32740.0,87491.0,1855.0,4968.0,359.0,1083.0,1230.25,19,,2.0,2.0,
2026-08-08,3,P06,Player 06,FB,35.93,MD,Match,Match,Sub,11.0,1391.0,123.0,44.0,7.0,5.0,31.12,86.6,7.4,81.0,1045.0,76.0,1639.0,5002.0,28579.0,88882.0,1643.0,5091.0,339.0,1127.0,1250.5,20,,0.0,3.0,
2026-08-09,3,P06,Player 06,FB,35.93,MD+1,Recovery,Recovery,,33.0,2541.0,33.0,2.0,7.0,9.0,19.34,53.8,2.3,76.0,482.0,85.0,1688.0,5078.0,28837.0,91423.0,1642.0,5124.0,339.0,1129.0,1269.5,21,,1.0,4.0,
2026-08-10,4,P06,Player 06,FB,35.93,OFF,Off,Off,,0.0,0.0,0.0,0.0,0.0,0.0,0.0,0.0,0.0,0.0,254.0,80.0,1688.0,5078.0,28837.0,91423.0,1642.0,5124.0,339.0,1129.0,1269.5,22,,2.0,5.0,
2026-08-11,4,P06,Player 06,FB,35.93,MD-4,Volume,Training,,82.0,6724.0,477.0,76.0,36.0,35.0,29.05,80.9,4.8,394.0,157.0,90.0,1596.0,5472.0,28091.0,98147.0,1701.0,5601.0,342.0,1205.0,1368.0,23,,3.0,6.0,
2026-08-12,4,P06,Player 06,FB,35.93,MD-3,Speed / HSR,Training,,87.0,8070.0,623.0,195.0,43.0,43.0,32.66,90.9,5.7,496.0,470.0,79.0,1448.0,5968.0,28221.0,106217.0,1704.0,6224.0,400.0,1400.0,1492.0,24,,0.0,0.0,
2026-08-13,4,P06,Player 06,FB,35.93,MD-2,Tactical,Training,,75.0,6301.0,331.0,67.0,31.0,27.0,29.07,80.9,3.9,292.0,890.0,78.0,1436.0,6260.0,28596.0,112518.0,1700.0,6555.0,403.0,1467.0,1565.0,25,,1.0,1.0,
2026-08-14,4,P06,Player 06,FB,35.93,MD-1,Activation,Training,,43.0,3076.0,125.0,16.0,15.0,16.0,25.15,70.0,2.8,120.0,1182.0,79.0,1459.0,6380.0,28103.0,115594.0,1712.0,6680.0,400.0,1483.0,1595.0,26,,2.0,2.0,
2026-08-15,4,P06,Player 06,FB,35.93,MD,Match,Match,Sub,18.0,2102.0,136.0,53.0,8.0,9.0,26.98,75.1,7.4,133.0,908.0,82.0,1511.0,6513.0,28814.0,117696.0,1725.0,6816.0,409.0,1536.0,1628.25,27,,3.0,3.0,
2026-08-16,4,P06,Player 06,FB,35.93,MD+1,Recovery,Recovery,,32.0,2222.0,29.0,2.0,7.0,8.0,19.02,52.9,2.5,80.0,545.0,83.0,1515.0,6593.0,28495.0,119918.0,1721.0,6845.0,409.0,1538.0,1648.25,28,0.9191566813286819,4.0,4.0,
2026-08-17,5,P06,Player 06,FB,35.93,OFF,Off,Off,,0.0,0.0,0.0,0.0,0.0,0.0,0.0,0.0,0.0,0.0,333.0,90.0,1515.0,6593.0,28495.0,119918.0,1721.0,6845.0,409.0,1538.0,1648.25,29,0.9191566813286819,5.0,5.0,
2026-08-18,5,P06,Player 06,FB,35.93,MD-4,Volume,Training,,76.0,7216.0,437.0,79.0,30.0,32.0,29.09,81.0,4.8,365.0,213.0,89.0,1486.0,6476.0,28987.0,120337.0,1681.0,6873.0,412.0,1551.0,1619.0,30,0.9178505250154416,6.0,6.0,
2026-08-19,5,P06,Player 06,FB,35.93,MD-3,Speed / HSR,Training,,92.0,7862.0,775.0,175.0,41.0,49.0,32.71,91.0,7.1,653.0,445.0,87.0,1643.0,6583.0,28779.0,119764.0,1833.0,7040.0,392.0,1582.0,1645.75,31,0.9983290293179401,0.0,0.0,
2026-08-20,5,P06,Player 06,FB,35.93,MD-2,Tactical,Training,,71.0,5923.0,366.0,67.0,31.0,26.0,28.25,78.6,3.5,248.0,1018.0,76.0,1599.0,6479.0,28401.0,119306.0,1868.0,7120.0,392.0,1581.0,1619.75,32,0.9871893810773268,1.0,1.0,
2026-08-21,5,P06,Player 06,FB,35.93,MD-1,Activation,Training,,41.0,3565.0,96.0,16.0,17.0,13.0,26.75,74.5,3.0,123.0,1266.0,83.0,1602.0,6496.0,28890.0,119668.0,1839.0,7101.0,392.0,1570.0,1624.0,33,0.9864532019704434,2.0,2.0,
2026-08-22,5,P06,Player 06,FB,35.93,MD,Match,Match,Starter,96.0,12179.0,605.0,178.0,46.0,42.0,34.19,95.2,8.7,835.0,1024.0,77.0,2304.0,7128.0,38967.0,128222.0,2308.0,7488.0,517.0,1662.0,1782.0,34,1.292929292929293,0.0,0.0,0.0
2026-08-23,5,P06,Player 06,FB,35.93,MD+1,Recovery,Recovery,,26.0,2479.0,29.0,2.0,7.0,8.0,19.41,54.0,1.8,47.0,1206.0,84.0,2271.0,7111.0,39224.0,128282.0,2308.0,7483.0,517.0,1662.0,1777.75,35,1.2774574602728168,1.0,1.0,1.0
2026-08-24,6,P06,Player 06,FB,35.93,OFF,Off,Off,,0.0,0.0,0.0,0.0,0.0,0.0,0.0,0.0,0.0,0.0,1005.0,86.0,2271.0,7111.0,39224.0,128282.0,2308.0,7483.0,517.0,1662.0,1777.75,36,1.2774574602728168,2.0,2.0,2.0
2026-08-25,6,P06,Player 06,FB,35.93,MD-4,Volume,Training,,75.0,7177.0,301.0,77.0,39.0,39.0,29.23,81.4,5.0,375.0,882.0,83.0,2281.0,7041.0,39185.0,128790.0,2172.0,7386.0,515.0,1661.0,1760.25,37,1.295838659281352,3.0,3.0,3.0
2026-08-26,6,P06,Player 06,FB,35.93,MD-3,Speed / HSR,Training,,85.0,9111.0,650.0,189.0,44.0,41.0,32.68,91.0,6.4,544.0,422.0,88.0,2172.0,7011.0,40434.0,129672.0,2047.0,7354.0,529.0,1681.0,1752.75,38,1.2391955498502354,0.0,0.0,4.0
2026-08-27,6,P06,Player 06,FB,35.93,MD-2,Tactical,Training,,70.0,5313.0,318.0,47.0,26.0,33.0,28.21,78.5,5.5,385.0,919.0,71.0,2309.0,7178.0,39824.0,129234.0,1999.0,7418.0,509.0,1661.0,1794.5,39,1.2867093898021733,1.0,1.0,5.0
2026-08-28,6,P06,Player 06,FB,35.93,MD-1,Activation,Training,,45.0,3334.0,92.0,18.0,16.0,17.0,24.36,67.8,1.1,50.0,1304.0,77.0,2236.0,7095.0,39593.0,129326.0,1995.0,7401.0,511.0,1662.0,1773.75,40,1.2606060606060605,2.0,2.0,6.0
2026-08-29,6,P06,Player 06,FB,35.93,MD,Match,Top-up,Unused,60.0,4749.0,329.0,44.0,30.0,25.0,30.78,85.7,4.6,276.0,979.0,84.0,1677.0,7131.0,32163.0,128523.0,1719.0,7395.0,377.0,1642.0,1782.75,41,0.9406815313420278,0.0,3.0,7.0
2026-08-30,6,P06,Player 06,FB,35.93,MD+1,Recovery,Recovery,,37.0,2220.0,27.0,2.0,9.0,8.0,19.8,55.1,2.2,81.0,711.0,85.0,1711.0,7185.0,31904.0,128460.0,1717.0,7388.0,377.0,1642.0,1796.25,42,0.9525400139178845,1.0,4.0,8.0
2026-08-31,7,P06,Player 06,FB,35.93,OFF,Off,Off,,0.0,0.0,0.0,0.0,0.0,0.0,0.0,0.0,0.0,0.0,407.0,81.0,1711.0,7185.0,31904.0,128460.0,1717.0,7388.0,377.0,1642.0,1796.25,43,0.9525400139178845,2.0,5.0,9.0
2026-09-01,7,P06,Player 06,FB,35.93,MD-4,Volume,Training,,78.0,6682.0,425.0,69.0,35.0,35.0,29.5,82.1,4.8,374.0,357.0,84.0,1710.0,7073.0,31409.0,127672.0,1841.0,7395.0,369.0,1638.0,1768.25,44,0.9670578255337198,3.0,6.0,10.0
2026-09-02,7,P06,Player 06,FB,35.93,MD-3,Speed / HSR,Training,,90.0,7456.0,605.0,183.0,38.0,37.0,30.7,85.4,5.6,504.0,455.0,76.0,1670.0,6933.0,29754.0,127188.0,1796.0,7380.0,363.0,1684.0,1733.25,45,0.9635078609548536,0.0,7.0,11.0
2026-09-03,7,P06,Player 06,FB,35.93,MD-2,Tactical,Training,,69.0,5517.0,272.0,56.0,30.0,33.0,29.08,80.9,2.8,193.0,878.0,82.0,1478.0,6822.0,29958.0,126779.0,1750.0,7317.0,372.0,1676.0,1705.5,46,0.8666080328349458,1.0,8.0,12.0
2026-09-04,7,P06,Player 06,FB,35.93,MD-1,Activation,Training,,43.0,3291.0,113.0,17.0,13.0,16.0,23.95,66.7,2.3,99.0,1071.0,73.0,1527.0,6824.0,29915.0,126501.0,1771.0,7317.0,371.0,1674.0,1706.0,47,0.8950762016412661,2.0,9.0,13.0
2026-09-05,7,P06,Player 06,FB,35.93,MD,Match,Match,Starter,87.0,9966.0,899.0,166.0,53.0,45.0,34.53,96.1,8.1,705.0,796.0,85.0,1956.0,7448.0,35132.0,135076.0,2341.0,8093.0,493.0,1796.0,1862.0,48,1.050483351235231,0.0,0.0,0.0
2026-09-06,7,P06,Player 06,FB,35.93,MD+1,Recovery,Recovery,,40.0,2421.0,35.0,2.0,9.0,7.0,19.61,54.6,1.8,72.0,997.0,84.0,1947.0,7444.0,35333.0,134956.0,2349.0,8095.0,493.0,1796.0,1861.0,49,1.046211714132187,1.0,1.0,1.0
2026-09-07,8,P06,Player 06,FB,35.93,OFF,Off,Off,,0.0,0.0,0.0,0.0,0.0,0.0,0.0,0.0,0.0,0.0,876.0,79.0,1947.0,7444.0,35333.0,134956.0,2349.0,8095.0,493.0,1796.0,1861.0,50,1.046211714132187,2.0,2.0,2.0
2026-09-08,8,P06,Player 06,FB,35.93,MD-4,Volume,Training,,87.0,7833.0,489.0,88.0,34.0,38.0,28.62,79.7,4.3,374.0,777.0,83.0,1947.0,7424.0,36484.0,136065.0,2413.0,8107.0,512.0,1808.0,1856.0,51,1.0490301724137931,3.0,3.0,3.0
2026-09-09,8,P06,Player 06,FB,35.93,MD-3,Speed / HSR,Training,,86.0,9149.0,650.0,187.0,52.0,41.0,33.75,93.9,6.8,585.0,446.0,84.0,2028.0,7513.0,38177.0,137144.0,2458.0,8134.0,516.0,1800.0,1878.25,52,1.0797284706508719,0.0,0.0,4.0
2026-09-10,8,P06,Player 06,FB,35.93,MD-2,Tactical,Training,,75.0,5480.0,386.0,75.0,29.0,25.0,31.26,87.0,4.6,345.0,959.0,81.0,2180.0,7566.0,38140.0,136323.0,2572.0,8189.0,535.0,1808.0,1891.5,53,1.1525244514935236,0.0,1.0,5.0
2026-09-11,8,P06,Player 06,FB,35.93,MD-1,Activation,Training,,36.0,3063.0,85.0,21.0,14.0,14.0,25.8,71.8,3.2,115.0,1304.0,74.0,2196.0,7561.0,37912.0,136310.0,2544.0,8149.0,539.0,1813.0,1890.25,54,1.1617510911255124,1.0,2.0,6.0
2026-09-12,8,P06,Player 06,FB,35.93,MD,Match,Top-up,Unused,52.0,5363.0,332.0,51.0,26.0,24.0,29.99,83.5,5.0,260.0,1045.0,82.0,1751.0,7688.0,33309.0,139571.0,1977.0,8345.0,424.0,1811.0,1922.0,55,0.9110301768990635,2.0,3.0,7.0
2026-09-13,8,P06,Player 06,FB,35.93,MD+1,Recovery,Recovery,,35.0,2054.0,25.0,2.0,9.0,8.0,21.08,58.7,1.2,42.0,720.0,77.0,1721.0,7650.0,32942.0,139403.0,1967.0,8341.0,424.0,1811.0,1912.5,56,0.8998692810457516,3.0,4.0,8.0
2026-07-20,1,P07,Player 07,FB,33.9,OFF,Off,Off,,0.0,0.0,0.0,0.0,0.0,0.0,0.0,0.0,0.0,0.0,0.0,82.0,0.0,0.0,0.0,0.0,0.0,0.0,0.0,0.0,0.0,1,,,,
2026-07-21,1,P07,Player 07,FB,33.9,MD-4,Volume,Training,,80.0,6268.0,345.0,100.0,35.0,35.0,25.05,73.9,5.8,464.0,0.0,88.0,464.0,464.0,6268.0,6268.0,345.0,345.0,100.0,100.0,116.0,2,,,,
2026-07-22,1,P07,Player 07,FB,33.9,MD-3,Speed / HSR,Training,,96.0,8695.0,583.0,229.0,40.0,39.0,31.41,92.6,6.8,653.0,464.0,84.0,1117.0,1117.0,14963.0,14963.0,928.0,928.0,329.0,329.0,279.25,3,,0.0,0.0,
2026-07-23,1,P07,Player 07,FB,33.9,MD-2,Tactical,Training,,69.0,4925.0,321.0,62.0,28.0,28.0,24.76,73.0,3.4,235.0,1117.0,80.0,1352.0,1352.0,19888.0,19888.0,1249.0,1249.0,391.0,391.0,338.0,4,,1.0,1.0,
2026-07-24,1,P07,Player 07,FB,33.9,MD-1,Activation,Training,,42.0,3301.0,108.0,22.0,16.0,16.0,24.23,71.5,1.4,59.0,1352.0,75.0,1411.0,1411.0,23189.0,23189.0,1357.0,1357.0,413.0,413.0,352.75,5,,2.0,2.0,
2026-07-25,1,P07,Player 07,FB,33.9,MD,Match,Top-up,Unused,52.0,4505.0,275.0,61.0,27.0,23.0,28.32,83.5,4.0,208.0,947.0,86.0,1619.0,1619.0,27694.0,27694.0,1632.0,1632.0,474.0,474.0,404.75,6,,3.0,3.0,
2026-07-26,1,P07,Player 07,FB,33.9,MD+1,Recovery,Recovery,,31.0,2280.0,33.0,3.0,10.0,9.0,17.46,51.5,2.8,87.0,502.0,84.0,1706.0,1706.0,29974.0,29974.0,1665.0,1665.0,477.0,477.0,426.5,7,,4.0,4.0,
2026-07-27,2,P07,Player 07,FB,33.9,OFF,Off,Off,,0.0,0.0,0.0,0.0,0.0,0.0,0.0,0.0,0.0,0.0,354.0,86.0,1706.0,1706.0,29974.0,29974.0,1665.0,1665.0,477.0,477.0,426.5,8,,5.0,5.0,
2026-07-28,2,P07,Player 07,FB,33.9,MD-4,Volume,Training,,82.0,6925.0,434.0,82.0,31.0,30.0,25.18,74.3,5.3,435.0,295.0,86.0,1677.0,2141.0,30631.0,36899.0,1754.0,2099.0,459.0,559.0,535.25,9,,6.0,6.0,
2026-07-29,2,P07,Player 07,FB,33.9,MD-3,Speed / HSR,Training,,85.0,8396.0,662.0,243.0,46.0,41.0,32.53,96.0,5.0,425.0,522.0,87.0,1449.0,2566.0,30332.0,45295.0,1833.0,2761.0,473.0,802.0,641.5,10,,0.0,0.0,0.0
2026-07-30,2,P07,Player 07,FB,33.9,MD-2,Tactical,Training,,62.0,5694.0,321.0,74.0,28.0,30.0,27.89,82.3,4.7,291.0,860.0,83.0,1505.0,2857.0,31101.0,50989.0,1833.0,3082.0,485.0,876.0,714.25,11,,1.0,1.0,1.0
2026-07-31,2,P07,Player 07,FB,33.9,MD-1,Activation,Training,,45.0,2799.0,122.0,21.0,14.0,17.0,24.47,72.2,1.8,81.0,1151.0,80.0,1527.0,2938.0,30599.0,53788.0,1847.0,3204.0,484.0,897.0,734.5,12,,2.0,2.0,2.0
2026-08-01,2,P07,Player 07,FB,33.9,MD,Match,Match,Sub,9.0,1133.0,86.0,28.0,5.0,5.0,29.47,86.9,7.3,66.0,797.0,84.0,1385.0,3004.0,27227.0,54921.0,1658.0,3290.0,451.0,925.0,751.0,13,,0.0,3.0,3.0
2026-08-02,2,P07,Player 07,FB,33.9,MD+1,Recovery,Recovery,,37.0,2455.0,30.0,2.0,9.0,7.0,19.01,56.1,1.3,48.0,438.0,79.0,1346.0,3052.0,27402.0,57376.0,1655.0,3320.0,450.0,927.0,763.0,14,,1.0,4.0,4.0
2026-08-03,3,P07,Player 07,FB,33.9,OFF,Off,Off,,0.0,0.0,0.0,0.0,0.0,0.0,0.0,0.0,0.0,0.0,195.0,81.0,1346.0,3052.0,27402.0,57376.0,1655.0,3320.0,450.0,927.0,763.0,15,,2.0,5.0,5.0
2026-08-04,3,P07,Player 07,FB,33.9,MD-4,Volume,Training,,83.0,6162.0,445.0,84.0,35.0,35.0,28.3,83.5,5.2,432.0,114.0,87.0,1343.0,3484.0,26639.0,63538.0,1666.0,3765.0,452.0,1011.0,871.0,16,,3.0,6.0,6.0
2026-08-05,3,P07,Player 07,FB,33.9,MD-3,Speed / HSR,Training,,90.0,7932.0,646.0,204.0,52.0,43.0,30.64,90.4,6.7,603.0,480.0,84.0,1521.0,4087.0,26175.0,71470.0,1650.0,4411.0,413.0,1215.0,1021.75,17,,0.0,0.0,7.0
2026-08-06,3,P07,Player 07,FB,33.9,MD-2,Tactical,Training,,67.0,5598.0,260.0,87.0,27.0,34.0,26.74,78.9,5.0,335.0,1035.0,82.0,1565.0,4422.0,26079.0,77068.0,1589.0,4671.0,426.0,1302.0,1105.5,18,,1.0,1.0,8.0
2026-08-07,3,P07,Player 07,FB,33.9,MD-1,Activation,Training,,41.0,3684.0,104.0,17.0,15.0,16.0,24.38,71.9,2.9,119.0,1370.0,77.0,1603.0,4541.0,26964.0,80752.0,1571.0,4775.0,422.0,1319.0,1135.25,19,,2.0,2.0,9.0
2026-08-08,3,P07,Player 07,FB,33.9,MD,Match,Top-up,Unused,53.0,4939.0,273.0,67.0,27.0,27.0,26.84,79.2,4.5,238.0,1057.0,81.0,1775.0,4779.0,30770.0,85691.0,1758.0,5048.0,461.0,1386.0,1194.75,20,,3.0,3.0,10.0
2026-08-09,3,P07,Player 07,FB,33.9,MD+1,Recovery,Recovery,,31.0,2304.0,32.0,3.0,9.0,8.0,17.87,52.7,2.8,87.0,692.0,78.0,1814.0,4866.0,30619.0,87995.0,1760.0,5080.0,462.0,1389.0,1216.5,21,,4.0,4.0,11.0
2026-08-10,4,P07,Player 07,FB,33.9,OFF,Off,Off,,0.0,0.0,0.0,0.0,0.0,0.0,0.0,0.0,0.0,0.0,444.0,84.0,1814.0,4866.0,30619.0,87995.0,1760.0,5080.0,462.0,1389.0,1216.5,22,,5.0,5.0,12.0
2026-08-11,4,P07,Player 07,FB,33.9,MD-4,Volume,Training,,81.0,7940.0,380.0,86.0,32.0,32.0,28.95,85.4,4.8,389.0,325.0,81.0,1771.0,5255.0,32397.0,95935.0,1695.0,5460.0,464.0,1475.0,1313.75,23,,0.0,6.0,13.0
2026-08-12,4,P07,Player 07,FB,33.9,MD-3,Speed / HSR,Training,,91.0,8077.0,729.0,244.0,35.0,35.0,30.29,89.4,5.8,528.0,476.0,85.0,1696.0,5783.0,32542.0,104012.0,1778.0,6189.0,504.0,1719.0,1445.75,24,,0.0,7.0,14.0
2026-08-13,4,P07,Player 07,FB,33.9,MD-2,Tactical,Training,,68.0,6028.0,359.0,64.0,27.0,27.0,27.65,81.6,3.8,258.0,917.0,75.0,1619.0,6041.0,32972.0,110040.0,1877.0,6548.0,481.0,1783.0,1510.25,25,,1.0,8.0,15.0
2026-08-14,4,P07,Player 07,FB,33.9,MD-1,Activation,Training,,52.0,3177.0,77.0,22.0,16.0,16.0,24.02,70.9,2.6,135.0,1175.0,80.0,1635.0,6176.0,32465.0,113217.0,1850.0,6625.0,486.0,1805.0,1544.0,26,,2.0,9.0,16.0
2026-08-15,4,P07,Player 07,FB,33.9,MD,Match,Match,Starter,83.0,8599.0,819.0,189.0,47.0,40.0,34.11,100.6,8.9,739.0,921.0,76.0,2136.0,6915.0,36125.0,121816.0,2396.0,7444.0,608.0,1994.0,1728.75,27,,0.0,0.0,0.0
2026-08-16,4,P07,Player 07,FB,33.9,MD+1,Recovery,Recovery,,35.0,2318.0,28.0,3.0,9.0,9.0,18.53,54.7,2.4,84.0,1132.0,78.0,2133.0,6999.0,36139.0,124134.0,2392.0,7472.0,608.0,1997.0,1749.75,28,1.219031290184312,1.0,1.0,1.0
2026-08-17,5,P07,Player 07,FB,33.9,OFF,Off,Off,,0.0,0.0,0.0,0.0,0.0,0.0,0.0,0.0,0.0,0.0,958.0,83.0,2133.0,6999.0,36139.0,124134.0,2392.0,7472.0,608.0,1997.0,1749.75,29,1.219031290184312,2.0,2.0,2.0
2026-08-18,5,P07,Player 07,FB,33.9,MD-4,Volume,Training,,77.0,6826.0,382.0,88.0,39.0,33.0,28.52,84.1,5.5,424.0,823.0,82.0,2168.0,6959.0,35025.0,124692.0,2394.0,7509.0,610.0,1985.0,1739.75,30,1.2461560569047276,3.0,3.0,3.0
2026-08-19,5,P07,Player 07,FB,33.9,MD-3,Speed / HSR,Training,,88.0,8305.0,664.0,246.0,39.0,36.0,30.43,89.8,6.5,572.0,508.0,79.0,2212.0,6878.0,35253.0,124302.0,2329.0,7590.0,612.0,2002.0,1719.5,31,1.2864204710671707,0.0,4.0,4.0
2026-08-20,5,P07,Player 07,FB,33.9,MD-2,Tactical,Training,,62.0,5876.0,293.0,81.0,32.0,27.0,27.48,81.1,4.0,248.0,996.0,78.0,2202.0,6891.0,35101.0,125253.0,2263.0,7562.0,629.0,2021.0,1722.75,32,1.2781889420983892,1.0,5.0,5.0
2026-08-21,5,P07,Player 07,FB,33.9,MD-1,Activation,Training,,48.0,3225.0,105.0,18.0,16.0,14.0,24.31,71.7,3.1,149.0,1244.0,73.0,2216.0,6981.0,35149.0,125177.0,2291.0,7559.0,625.0,2017.0,1745.25,33,1.2697321300673257,2.0,6.0,6.0
2026-08-22,5,P07,Player 07,FB,33.9,MD,Match,Top-up,Unused,46.0,5018.0,329.0,61.0,25.0,20.0,27.4,80.8,4.7,216.0,969.0,75.0,1693.0,6989.0,31568.0,125690.0,1801.0,7613.0,497.0,2017.0,1747.25,34,0.9689512090427815,3.0,7.0,7.0
2026-08-23,5,P07,Player 07,FB,33.9,MD+1,Recovery,Recovery,,36.0,2505.0,33.0,3.0,10.0,9.0,18.6,54.9,2.4,86.0,613.0,83.0,1695.0,6988.0,31755.0,125915.0,1806.0,7613.0,497.0,2017.0,1747.0,35,0.9702346880366343,4.0,8.0,8.0
2026-08-24,6,P07,Player 07,FB,33.9,OFF,Off,Off,,0.0,0.0,0.0,0.0,0.0,0.0,0.0,0.0,0.0,0.0,451.0,86.0,1695.0,6988.0,31755.0,125915.0,1806.0,7613.0,497.0,2017.0,1747.0,36,0.9702346880366343,5.0,9.0,9.0
2026-08-25,6,P07,Player 07,FB,33.9,MD-4,Volume,Training,,75.0,6481.0,424.0,75.0,36.0,40.0,27.05,79.8,4.4,330.0,302.0,87.0,1601.0,6883.0,31410.0,125471.0,1848.0,7603.0,484.0,2010.0,1720.75,37,0.9304082522156036,6.0,10.0,10.0
2026-08-26,6,P07,Player 07,FB,33.9,MD-3,Speed / HSR,Training,,92.0,7695.0,649.0,218.0,45.0,40.0,33.33,98.3,6.3,580.0,416.0,87.0,1609.0,7038.0,30800.0,124770.0,1833.0,7590.0,456.0,1985.0,1759.5,38,0.9144643364592213,0.0,0.0,0.0
2026-08-27,6,P07,Player 07,FB,33.9,MD-2,Tactical,Training,,70.0,5573.0,346.0,43.0,30.0,28.0,28.54,84.2,5.0,350.0,910.0,81.0,1711.0,7097.0,30497.0,124649.0,1886.0,7615.0,418.0,1954.0,1774.25,39,0.9643511342820911,1.0,1.0,1.0
2026-08-28,6,P07,Player 07,FB,33.9,MD-1,Activation,Training,,40.0,3091.0,108.0,27.0,17.0,16.0,23.69,69.9,3.3,132.0,1260.0,77.0,1694.0,7148.0,30363.0,124941.0,1889.0,7601.0,427.0,1960.0,1787.0,40,0.9479574706211528,2.0,2.0,2.0
2026-08-29,6,P07,Player 07,FB,33.9,MD,Match,Match,Sub,32.0,4174.0,263.0,127.0,16.0,19.0,29.04,85.7,7.5,240.0,1062.0,76.0,1718.0,7322.0,29519.0,127982.0,1823.0,7778.0,493.0,2059.0,1830.5,41,0.9385413821360284,0.0,3.0,3.0
2026-08-30,6,P07,Player 07,FB,33.9,MD+1,Recovery,Recovery,,38.0,2227.0,27.0,3.0,9.0,7.0,17.59,51.9,1.4,53.0,722.0,81.0,1685.0,7327.0,29241.0,127754.0,1817.0,7775.0,493.0,2060.0,1831.75,42,0.919885355534325,1.0,4.0,4.0
2026-08-31,7,P07,Player 07,FB,33.9,OFF,Off,Off,,0.0,0.0,0.0,0.0,0.0,0.0,0.0,0.0,0.0,0.0,425.0,70.0,1685.0,7327.0,29241.0,127754.0,1817.0,7775.0,493.0,2060.0,1831.75,43,0.919885355534325,2.0,5.0,5.0
2026-09-01,7,P07,Player 07,FB,33.9,MD-4,Volume,Training,,81.0,7317.0,371.0,78.0,34.0,41.0,25.97,76.6,6.1,494.0,293.0,73.0,1849.0,7389.0,30077.0,128909.0,1764.0,7701.0,496.0,2054.0,1847.25,44,1.0009473541751253,3.0,6.0,6.0
2026-09-02,7,P07,Player 07,FB,33.9,MD-3,Speed / HSR,Training,,87.0,9477.0,596.0,221.0,46.0,52.0,31.0,91.4,8.1,705.0,547.0,74.0,1974.0,7491.0,31859.0,130454.0,1711.0,7651.0,499.0,2071.0,1872.75,45,1.054064877853424,0.0,0.0,7.0
2026-09-03,7,P07,Player 07,FB,33.9,MD-2,Tactical,Training,,73.0,6335.0,339.0,72.0,33.0,32.0,26.75,78.9,6.5,474.0,1199.0,68.0,2098.0,7630.0,32621.0,131191.0,1704.0,7730.0,528.0,2056.0,1907.5,46,1.0998689384010485,1.0,1.0,8.0
2026-09-04,7,P07,Player 07,FB,33.9,MD-1,Activation,Training,,46.0,3412.0,107.0,23.0,14.0,16.0,23.66,69.8,3.3,152.0,1673.0,74.0,2118.0,7663.0,32942.0,130919.0,1703.0,7733.0,524.0,2062.0,1915.75,47,1.1055722301970508,2.0,2.0,9.0
2026-09-05,7,P07,Player 07,FB,33.9,MD,Match,Top-up,Unused,45.0,4713.0,319.0,73.0,25.0,20.0,25.97,76.6,5.9,266.0,1331.0,63.0,2144.0,7691.0,33481.0,130693.0,1759.0,7779.0,470.0,2068.0,1922.75,48,1.1150695618255104,3.0,3.0,10.0
2026-09-06,7,P07,Player 07,FB,33.9,MD+1,Recovery,Recovery,,33.0,2347.0,33.0,3.0,8.0,8.0,19.95,58.8,2.0,66.0,892.0,70.0,2157.0,7670.0,33601.0,130736.0,1765.0,7780.0,470.0,2068.0,1917.5,49,1.12490221642764,4.0,4.0,11.0
2026-09-07,8,P07,Player 07,FB,33.9,OFF,Off,Off,,0.0,0.0,0.0,0.0,0.0,0.0,0.0,0.0,0.0,0.0,484.0,80.0,2157.0,7670.0,33601.0,130736.0,1765.0,7780.0,470.0,2068.0,1917.5,50,1.12490221642764,5.0,5.0,12.0
2026-09-08,8,P07,Player 07,FB,33.9,MD-4,Volume,Training,,84.0,7145.0,397.0,69.0,32.0,27.0,28.24,83.3,4.2,353.0,332.0,84.0,2016.0,7634.0,33429.0,129941.0,1791.0,7797.0,461.0,2051.0,1908.5,51,1.0563269583442494,6.0,6.0,13.0
2026-09-09,8,P07,Player 07,FB,33.9,MD-3,Speed / HSR,Training,,91.0,8233.0,674.0,221.0,39.0,42.0,33.59,99.1,7.1,646.0,419.0,84.0,1957.0,7752.0,32185.0,130097.0,1869.0,7742.0,461.0,2028.0,1938.0,52,1.0098039215686274,0.0,0.0,0.0
2026-09-10,8,P07,Player 07,FB,33.9,MD-2,Tactical,Training,,69.0,5961.0,349.0,86.0,27.0,29.0,25.37,74.8,4.8,331.0,999.0,83.0,1814.0,7825.0,31811.0,130030.0,1879.0,7732.0,475.0,2050.0,1956.25,53,0.9272843450479233,1.0,1.0,1.0
2026-09-11,8,P07,Player 07,FB,33.9,MD-1,Activation,Training,,43.0,3228.0,114.0,21.0,14.0,17.0,24.46,72.1,3.1,133.0,1330.0,76.0,1795.0,7823.0,31627.0,130081.0,1886.0,7769.0,473.0,2049.0,1955.75,54,0.9178064681068644,2.0,2.0,2.0
2026-09-12,8,P07,Player 07,FB,33.9,MD,Match,Top-up,Unused,47.0,4818.0,302.0,72.0,28.0,27.0,27.44,80.9,5.3,249.0,1110.0,79.0,1778.0,7333.0,31732.0,126300.0,1869.0,7252.0,472.0,1932.0,1833.25,55,0.9698622664666576,3.0,3.0,3.0
2026-09-13,8,P07,Player 07,FB,33.9,MD+1,Recovery,Recovery,,36.0,2258.0,27.0,3.0,8.0,8.0,18.69,55.1,1.7,61.0,713.0,81.0,1773.0,7310.0,31643.0,126240.0,1863.0,7251.0,472.0,1932.0,1827.5,56,0.9701778385772913,4.0,4.0,4.0
2026-07-20,1,P08,Player 08,FB,33.4,OFF,Off,Off,,0.0,0.0,0.0,0.0,0.0,0.0,0.0,0.0,0.0,0.0,0.0,84.0,0.0,0.0,0.0,0.0,0.0,0.0,0.0,0.0,0.0,1,,,,
2026-07-21,1,P08,Player 08,FB,33.4,MD-4,Volume,Training,,80.0,6449.0,406.0,85.0,35.0,31.0,26.6,79.6,5.0,400.0,0.0,86.0,400.0,400.0,6449.0,6449.0,406.0,406.0,85.0,85.0,100.0,2,,,,
2026-07-22,1,P08,Player 08,FB,33.4,MD-3,Speed / HSR,Training,,87.0,9156.0,615.0,209.0,53.0,40.0,32.4,97.0,6.5,566.0,400.0,84.0,966.0,966.0,15605.0,15605.0,1021.0,1021.0,294.0,294.0,241.5,3,,0.0,0.0,0.0
2026-07-23,1,P08,Player 08,FB,33.4,MD-2,Tactical,Training,,72.0,5684.0,241.0,77.0,31.0,26.0,24.85,74.4,4.9,353.0,966.0,81.0,1319.0,1319.0,21289.0,21289.0,1262.0,1262.0,371.0,371.0,329.75,4,,1.0,1.0,1.0
2026-07-24,1,P08,Player 08,FB,33.4,MD-1,Activation,Training,,47.0,3052.0,96.0,20.0,16.0,14.0,24.35,72.9,1.8,85.0,1319.0,79.0,1404.0,1404.0,24341.0,24341.0,1358.0,1358.0,391.0,391.0,351.0,5,,2.0,2.0,2.0
2026-07-25,1,P08,Player 08,FB,33.4,MD,Match,Match,Starter,86.0,10467.0,1057.0,182.0,52.0,43.0,32.21,96.4,8.5,731.0,1004.0,79.0,2135.0,2135.0,34808.0,34808.0,2415.0,2415.0,573.0,573.0,533.75,6,,0.0,0.0,0.0
2026-07-26,1,P08,Player 08,FB,33.4,MD+1,Recovery,Recovery,,32.0,2579.0,33.0,2.0,7.0,8.0,16.55,49.5,2.4,77.0,1169.0,78.0,2212.0,2212.0,37387.0,37387.0,2448.0,2448.0,575.0,575.0,553.0,7,,1.0,1.0,1.0
2026-07-27,2,P08,Player 08,FB,33.4,OFF,Off,Off,,0.0,0.0,0.0,0.0,0.0,0.0,0.0,0.0,0.0,0.0,893.0,75.0,2212.0,2212.0,37387.0,37387.0,2448.0,2448.0,575.0,575.0,553.0,8,,2.0,2.0,2.0
2026-07-28,2,P08,Player 08,FB,33.4,MD-4,Volume,Training,,78.0,6777.0,278.0,66.0,38.0,30.0,27.14,81.3,4.4,343.0,808.0,83.0,2155.0,2555.0,37715.0,44164.0,2320.0,2726.0,556.0,641.0,638.75,9,,3.0,3.0,3.0
2026-07-29,2,P08,Player 08,FB,33.4,MD-3,Speed / HSR,Training,,94.0,8745.0,804.0,171.0,39.0,40.0,30.71,91.9,6.6,620.0,420.0,82.0,2209.0,3175.0,37304.0,52909.0,2509.0,3530.0,518.0,812.0,793.75,10,,0.0,0.0,4.0
2026-07-30,2,P08,Player 08,FB,33.4,MD-2,Tactical,Training,,69.0,5029.0,380.0,81.0,32.0,25.0,27.17,81.4,4.9,338.0,963.0,83.0,2194.0,3513.0,36649.0,57938.0,2648.0,3910.0,522.0,893.0,878.25,11,,1.0,1.0,5.0
2026-07-31,2,P08,Player 08,FB,33.4,MD-1,Activation,Training,,51.0,3429.0,116.0,25.0,17.0,15.0,22.61,67.7,2.9,148.0,1301.0,82.0,2257.0,3661.0,37026.0,61367.0,2668.0,4026.0,527.0,918.0,915.25,12,,2.0,2.0,6.0
2026-08-01,2,P08,Player 08,FB,33.4,MD,Match,Match,Starter,91.0,11913.0,805.0,237.0,51.0,48.0,31.22,93.5,9.0,819.0,1106.0,79.0,2345.0,4480.0,38472.0,73280.0,2416.0,4831.0,582.0,1155.0,1120.0,13,,0.0,0.0,7.0
2026-08-02,2,P08,Player 08,FB,33.4,MD+1,Recovery,Recovery,,29.0,2329.0,32.0,2.0,9.0,8.0,19.52,58.4,2.0,58.0,1305.0,74.0,2326.0,4538.0,38222.0,75609.0,2415.0,4863.0,582.0,1157.0,1134.5,14,,1.0,1.0,8.0
2026-08-03,3,P08,Player 08,FB,33.4,OFF,Off,Off,,0.0,0.0,0.0,0.0,0.0,0.0,0.0,0.0,0.0,0.0,1025.0,80.0,2326.0,4538.0,38222.0,75609.0,2415.0,4863.0,582.0,1157.0,1134.5,15,,2.0,2.0,9.0
2026-08-04,3,P08,Player 08,FB,33.4,MD-4,Volume,Training,,84.0,7143.0,463.0,71.0,42.0,34.0,27.55,82.5,4.2,353.0,877.0,82.0,2336.0,4891.0,38588.0,82752.0,2600.0,5326.0,587.0,1228.0,1222.75,16,,3.0,3.0,10.0
2026-08-05,3,P08,Player 08,FB,33.4,MD-3,Speed / HSR,Training,,84.0,9419.0,656.0,225.0,47.0,41.0,30.84,92.3,6.4,538.0,411.0,84.0,2254.0,5429.0,39262.0,92171.0,2452.0,5982.0,641.0,1453.0,1357.25,17,,0.0,0.0,11.0
2026-08-06,3,P08,Player 08,FB,33.4,MD-2,Tactical,Training,,70.0,5887.0,323.0,70.0,31.0,26.0,26.24,78.6,4.0,280.0,891.0,79.0,2196.0,5709.0,40120.0,98058.0,2395.0,6305.0,630.0,1523.0,1427.25,18,,1.0,1.0,12.0
2026-08-07,3,P08,Player 08,FB,33.4,MD-1,Activation,Training,,47.0,3130.0,121.0,18.0,15.0,14.0,21.99,65.8,3.2,150.0,1171.0,80.0,2198.0,5859.0,39821.0,101188.0,2400.0,6426.0,623.0,1541.0,1464.75,19,,2.0,2.0,13.0
2026-08-08,3,P08,Player 08,FB,33.4,MD,Match,Match,Sub,8.0,984.0,71.0,18.0,5.0,4.0,24.86,74.4,7.4,59.0,968.0,82.0,1438.0,5918.0,28892.0,102172.0,1666.0,6497.0,404.0,1559.0,1479.5,20,,3.0,3.0,14.0
2026-08-09,3,P08,Player 08,FB,33.4,MD+1,Recovery,Recovery,,38.0,2275.0,35.0,2.0,8.0,9.0,16.38,49.0,2.4,91.0,489.0,83.0,1471.0,6009.0,28838.0,104447.0,1669.0,6532.0,404.0,1561.0,1502.25,21,,4.0,4.0,15.0
2026-08-10,4,P08,Player 08,FB,33.4,OFF,Off,Off,,0.0,0.0,0.0,0.0,0.0,0.0,0.0,0.0,0.0,0.0,300.0,80.0,1471.0,6009.0,28838.0,104447.0,1669.0,6532.0,404.0,1561.0,1502.25,22,,5.0,5.0,16.0
2026-08-11,4,P08,Player 08,FB,33.4,MD-4,Volume,Training,,76.0,6215.0,391.0,61.0,37.0,41.0,26.29,78.7,4.2,319.0,150.0,88.0,1437.0,6328.0,27910.0,110662.0,1597.0,6923.0,394.0,1622.0,1582.0,23,,6.0,6.0,17.0
2026-08-12,4,P08,Player 08,FB,33.4,MD-3,Speed / HSR,Training,,91.0,8731.0,806.0,222.0,43.0,44.0,31.28,93.6,6.4,582.0,410.0,82.0,1481.0,6910.0,27222.0,119393.0,1747.0,7729.0,391.0,1844.0,1727.5,24,,0.0,0.0,18.0
2026-08-13,4,P08,Player 08,FB,33.4,MD-2,Tactical,Training,,71.0,6208.0,344.0,79.0,29.0,27.0,25.24,75.6,5.0,355.0,901.0,81.0,1556.0,7265.0,27543.0,125601.0,1768.0,8073.0,400.0,1923.0,1816.25,25,,1.0,1.0,19.0
2026-08-14,4,P08,Player 08,FB,33.4,MD-1,Activation,Training,,44.0,3418.0,108.0,18.0,21.0,14.0,23.5,70.4,1.7,75.0,1256.0,78.0,1481.0,7340.0,27831.0,129019.0,1755.0,8181.0,400.0,1941.0,1835.0,26,,2.0,2.0,20.0
2026-08-15,4,P08,Player 08,FB,33.4,MD,Match,Top-up,Unused,48.0,4703.0,355.0,61.0,26.0,28.0,26.51,79.4,4.8,230.0,1012.0,74.0,1652.0,7570.0,31550.0,133722.0,2039.0,8536.0,443.0,2002.0,1892.5,27,,3.0,3.0,21.0
2026-08-16,4,P08,Player 08,FB,33.4,MD+1,Recovery,Recovery,,34.0,2537.0,31.0,2.0,9.0,9.0,19.04,57.0,2.1,71.0,660.0,83.0,1632.0,7641.0,31812.0,136259.0,2035.0,8567.0,443.0,2004.0,1910.25,28,0.8543384373773066,4.0,4.0,22.0
2026-08-17,5,P08,Player 08,FB,33.4,OFF,Off,Off,,0.0,0.0,0.0,0.0,0.0,0.0,0.0,0.0,0.0,0.0,376.0,87.0,1632.0,7641.0,31812.0,136259.0,2035.0,8567.0,443.0,2004.0,1910.25,29,0.8543384373773066,5.0,5.0,23.0
2026-08-18,5,P08,Player 08,FB,33.4,MD-4,Volume,Training,,72.0,6453.0,387.0,71.0,34.0,34.0,28.19,84.4,5.4,389.0,301.0,88.0,1702.0,7630.0,32050.0,136263.0,2031.0,8548.0,453.0,1990.0,1907.5,30,0.892267365661861,6.0,6.0,24.0
2026-08-19,5,P08,Player 08,FB,33.4,MD-3,Speed / HSR,Training,,87.0,8945.0,824.0,178.0,39.0,34.0,33.1,99.1,6.6,574.0,460.0,85.0,1694.0,7638.0,32264.0,136052.0,2049.0,8757.0,409.0,1959.0,1909.5,31,0.8871432312123593,0.0,0.0,0.0
2026-08-20,5,P08,Player 08,FB,33.4,MD-2,Tactical,Training,,63.0,5950.0,328.0,64.0,36.0,24.0,26.83,80.3,3.8,239.0,963.0,74.0,1578.0,7524.0,32006.0,136318.0,2033.0,8844.0,394.0,1946.0,1881.0,32,0.8389154704944178,1.0,1.0,1.0
2026-08-21,5,P08,Player 08,FB,33.4,MD-1,Activation,Training,,50.0,3363.0,129.0,19.0,16.0,16.0,22.93,68.6,2.8,140.0,1202.0,82.0,1643.0,7579.0,31951.0,136629.0,2054.0,8877.0,395.0,1945.0,1894.75,33,0.8671328671328671,2.0,2.0,2.0
2026-08-22,5,P08,Player 08,FB,33.4,MD,Match,Top-up,Unused,53.0,5159.0,341.0,61.0,27.0,27.0,27.28,81.7,4.9,260.0,953.0,82.0,1673.0,7108.0,32407.0,131321.0,2040.0,8161.0,395.0,1824.0,1777.0,34,0.9414743950478335,3.0,3.0,3.0
2026-08-23,5,P08,Player 08,FB,33.4,MD+1,Recovery,Recovery,,38.0,2513.0,27.0,2.0,8.0,9.0,18.35,54.9,2.5,95.0,639.0,79.0,1697.0,7126.0,32383.0,131255.0,2036.0,8155.0,395.0,1824.0,1781.5,35,0.9525680606230704,4.0,4.0,4.0
2026-08-24,6,P08,Player 08,FB,33.4,OFF,Off,Off,,0.0,0.0,0.0,0.0,0.0,0.0,0.0,0.0,0.0,0.0,495.0,82.0,1697.0,7126.0,32383.0,131255.0,2036.0,8155.0,395.0,1824.0,1781.5,36,0.9525680606230704,5.0,5.0,5.0
2026-08-25,6,P08,Player 08,FB,33.4,MD-4,Volume,Training,,73.0,7372.0,427.0,92.0,33.0,35.0,26.53,79.4,4.8,350.0,355.0,86.0,1658.0,7133.0,33302.0,131850.0,2076.0,8304.0,416.0,1850.0,1783.25,37,0.9297630730407963,6.0,6.0,6.0
2026-08-26,6,P08,Player 08,FB,33.4,MD-3,Speed / HSR,Training,,87.0,8419.0,600.0,177.0,40.0,44.0,30.69,91.9,6.1,531.0,445.0,87.0,1615.0,7044.0,32776.0,131524.0,1852.0,8100.0,415.0,1856.0,1761.0,38,0.9170925610448609,0.0,0.0,7.0
2026-08-27,6,P08,Player 08,FB,33.4,MD-2,Tactical,Training,,65.0,6412.0,337.0,60.0,30.0,27.0,28.18,84.4,4.6,299.0,881.0,79.0,1675.0,7005.0,33238.0,132907.0,1861.0,8057.0,411.0,1835.0,1751.25,39,0.9564596716630978,1.0,1.0,8.0
2026-08-28,6,P08,Player 08,FB,33.4,MD-1,Activation,Training,,42.0,3245.0,101.0,25.0,17.0,14.0,23.25,69.6,2.9,122.0,1180.0,81.0,1657.0,6979.0,33120.0,132723.0,1833.0,8042.0,417.0,1835.0,1744.75,40,0.9497062616420691,2.0,2.0,9.0
2026-08-29,6,P08,Player 08,FB,33.4,MD,Match,Match,Starter,84.0,10204.0,655.0,248.0,45.0,40.0,31.67,94.8,8.5,714.0,952.0,75.0,2111.0,6874.0,38165.0,131014.0,2147.0,7892.0,604.0,1846.0,1718.5,41,1.22839685772476,0.0,0.0,10.0
2026-08-30,6,P08,Player 08,FB,33.4,MD+1,Recovery,Recovery,,33.0,2275.0,36.0,2.0,7.0,8.0,18.16,54.4,0.9,30.0,1135.0,76.0,2046.0,6846.0,37927.0,130960.0,2156.0,7896.0,604.0,1846.0,1711.5,42,1.1954425942156004,1.0,1.0,11.0
2026-08-31,7,P08,Player 08,FB,33.4,OFF,Off,Off,,0.0,0.0,0.0,0.0,0.0,0.0,0.0,0.0,0.0,0.0,866.0,74.0,2046.0,6846.0,37927.0,130960.0,2156.0,7896.0,604.0,1846.0,1711.5,43,1.1954425942156004,2.0,2.0,12.0
2026-09-01,7,P08,Player 08,FB,33.4,MD-4,Volume,Training,,83.0,6713.0,421.0,69.0,37.0,35.0,27.58,82.6,5.5,456.0,744.0,79.0,2152.0,6949.0,37268.0,130530.0,2150.0,7854.0,581.0,1844.0,1737.25,44,1.2387393869621528,3.0,3.0,13.0
2026-09-02,7,P08,Player 08,FB,33.4,MD-3,Speed / HSR,Training,,89.0,7685.0,704.0,170.0,42.0,37.0,31.17,93.3,5.6,498.0,486.0,89.0,2119.0,6909.0,36534.0,128796.0,2254.0,7902.0,574.0,1789.0,1727.25,45,1.2268056158633667,0.0,0.0,14.0
2026-09-03,7,P08,Player 08,FB,33.4,MD-2,Tactical,Training,,70.0,6348.0,387.0,76.0,24.0,31.0,25.85,77.4,4.8,336.0,954.0,87.0,2156.0,6965.0,36470.0,129257.0,2304.0,7966.0,590.0,1795.0,1741.25,46,1.2381909547738694,1.0,1.0,15.0
2026-09-04,7,P08,Player 08,FB,33.4,MD-1,Activation,Training,,42.0,3222.0,131.0,20.0,15.0,19.0,22.12,66.2,2.6,109.0,1290.0,78.0,2143.0,6924.0,36447.0,129349.0,2334.0,7976.0,585.0,1797.0,1731.0,47,1.2380127094165223,2.0,2.0,16.0
2026-09-05,7,P08,Player 08,FB,33.4,MD,Match,Top-up,Unused,48.0,5528.0,294.0,62.0,28.0,23.0,29.25,87.6,4.7,226.0,943.0,78.0,1655.0,7091.0,31771.0,133893.0,1973.0,8199.0,399.0,1841.0,1772.75,48,0.9335777746439148,0.0,3.0,17.0
2026-09-06,7,P08,Player 08,FB,33.4,MD+1,Recovery,Recovery,,30.0,2371.0,26.0,3.0,8.0,8.0,20.22,60.5,1.1,33.0,671.0,82.0,1658.0,7033.0,31867.0,133989.0,1963.0,8190.0,400.0,1842.0,1758.25,49,0.9429830797668136,1.0,4.0,18.0
2026-09-07,8,P08,Player 08,FB,33.4,OFF,Off,Off,,0.0,0.0,0.0,0.0,0.0,0.0,0.0,0.0,0.0,0.0,368.0,87.0,1658.0,7033.0,31867.0,133989.0,1963.0,8190.0,400.0,1842.0,1758.25,50,0.9429830797668136,2.0,5.0,19.0
2026-09-08,8,P08,Player 08,FB,33.4,MD-4,Volume,Training,,79.0,6579.0,357.0,85.0,33.0,35.0,25.24,75.6,4.7,371.0,259.0,81.0,1573.0,7085.0,31733.0,134353.0,1899.0,8156.0,416.0,1866.0,1771.25,51,0.8880733944954129,3.0,6.0,20.0
2026-09-09,8,P08,Player 08,FB,33.4,MD-3,Speed / HSR,Training,,89.0,9032.0,638.0,201.0,46.0,45.0,29.83,89.3,6.1,543.0,404.0,83.0,1618.0,7046.0,33080.0,134654.0,1833.0,7988.0,447.0,1845.0,1761.5,52,0.9185353391995459,0.0,7.0,21.0
2026-09-10,8,P08,Player 08,FB,33.4,MD-2,Tactical,Training,,70.0,6016.0,342.0,66.0,27.0,30.0,28.13,84.2,4.1,287.0,914.0,85.0,1569.0,6978.0,32748.0,134462.0,1788.0,7986.0,437.0,1832.0,1744.5,53,0.8993981083404987,1.0,8.0,22.0
2026-09-11,8,P08,Player 08,FB,33.4,MD-1,Activation,Training,,45.0,3009.0,126.0,20.0,16.0,15.0,22.57,67.6,3.1,140.0,1201.0,75.0,1600.0,7043.0,32535.0,134053.0,1783.0,8004.0,437.0,1834.0,1760.75,54,0.9087036774101945,2.0,9.0,23.0
2026-09-12,8,P08,Player 08,FB,33.4,MD,Match,Match,Starter,81.0,8911.0,411.0,226.0,40.0,42.0,29.43,88.1,7.9,640.0,970.0,78.0,2014.0,7453.0,35918.0,138261.0,1900.0,8060.0,601.0,1999.0,1863.25,55,1.0809070173084665,0.0,10.0,24.0
2026-09-13,8,P08,Player 08,FB,33.4,MD+1,Recovery,Recovery,,33.0,2334.0,28.0,3.0,8.0,7.0,18.09,54.2,2.2,73.0,1067.0,80.0,2054.0,7455.0,35881.0,138058.0,1902.0,8057.0,601.0,2000.0,1863.75,56,1.1020791415157611,1.0,11.0,25.0
2026-07-20,1,P09,Player 09,FB,34.61,OFF,Off,Off,,0.0,0.0,0.0,0.0,0.0,0.0,0.0,0.0,0.0,0.0,0.0,89.0,0.0,0.0,0.0,0.0,0.0,0.0,0.0,0.0,0.0,1,,,,
2026-07-21,1,P09,Player 09,FB,34.61,MD-4,Volume,Training,,79.0,7649.0,302.0,82.0,29.0,32.0,27.24,78.7,4.1,324.0,0.0,86.0,324.0,324.0,7649.0,7649.0,302.0,302.0,82.0,82.0,81.0,2,,,,
2026-07-22,1,P09,Player 09,FB,34.61,MD-3,Speed / HSR,Training,,90.0,8418.0,707.0,193.0,37.0,35.0,32.65,94.3,7.1,639.0,324.0,86.0,963.0,963.0,16067.0,16067.0,1009.0,1009.0,275.0,275.0,240.75,3,,0.0,0.0,
2026-07-23,1,P09,Player 09,FB,34.61,MD-2,Tactical,Training,,71.0,6827.0,370.0,76.0,24.0,29.0,28.1,81.2,5.2,369.0,963.0,82.0,1332.0,1332.0,22894.0,22894.0,1379.0,1379.0,351.0,351.0,333.0,4,,1.0,1.0,
2026-07-24,1,P09,Player 09,FB,34.61,MD-1,Activation,Training,,42.0,3118.0,117.0,22.0,12.0,16.0,24.3,70.2,1.5,63.0,1332.0,84.0,1395.0,1395.0,26012.0,26012.0,1496.0,1496.0,373.0,373.0,348.75,5,,2.0,2.0,
2026-07-25,1,P09,Player 09,FB,34.61,MD,Match,Top-up,Unused,54.0,4931.0,394.0,62.0,24.0,22.0,28.31,81.8,4.1,221.0,1071.0,79.0,1616.0,1616.0,30943.0,30943.0,1890.0,1890.0,435.0,435.0,404.0,6,,3.0,3.0,
2026-07-26,1,P09,Player 09,FB,34.61,MD+1,Recovery,Recovery,,40.0,2251.0,35.0,2.0,7.0,8.0,18.99,54.9,2.8,112.0,653.0,83.0,1728.0,1728.0,33194.0,33194.0,1925.0,1925.0,437.0,437.0,432.0,7,,4.0,4.0,
2026-07-27,2,P09,Player 09,FB,34.61,OFF,Off,Off,,0.0,0.0,0.0,0.0,0.0,0.0,0.0,0.0,0.0,0.0,396.0,90.0,1728.0,1728.0,33194.0,33194.0,1925.0,1925.0,437.0,437.0,432.0,8,,5.0,5.0,
2026-07-28,2,P09,Player 09,FB,34.61,MD-4,Volume,Training,,84.0,6865.0,451.0,115.0,33.0,30.0,26.97,77.9,5.0,420.0,333.0,84.0,1824.0,2148.0,32410.0,40059.0,2074.0,2376.0,470.0,552.0,537.0,9,,6.0,6.0,
2026-07-29,2,P09,Player 09,FB,34.61,MD-3,Speed / HSR,Training,,92.0,7408.0,806.0,218.0,34.0,32.0,32.45,93.8,5.0,460.0,532.0,80.0,1645.0,2608.0,31400.0,47467.0,2173.0,3182.0,495.0,770.0,652.0,10,,0.0,0.0,
2026-07-30,2,P09,Player 09,FB,34.61,MD-2,Tactical,Training,,76.0,5493.0,343.0,80.0,25.0,24.0,27.84,80.5,4.7,357.0,880.0,82.0,1633.0,2965.0,30066.0,52960.0,2146.0,3525.0,499.0,850.0,741.25,11,,1.0,1.0,
2026-07-31,2,P09,Player 09,FB,34.61,MD-1,Activation,Training,,46.0,3254.0,106.0,22.0,14.0,13.0,22.44,64.8,2.9,133.0,1237.0,82.0,1703.0,3098.0,30202.0,56214.0,2135.0,3631.0,499.0,872.0,774.5,12,,2.0,2.0,
2026-08-01,2,P09,Player 09,FB,34.61,MD,Match,Top-up,Unused,56.0,5435.0,407.0,58.0,22.0,24.0,28.26,81.7,4.3,241.0,950.0,82.0,1723.0,3339.0,30706.0,61649.0,2148.0,4038.0,495.0,930.0,834.75,13,,3.0,3.0,
2026-08-02,2,P09,Player 09,FB,34.61,MD+1,Recovery,Recovery,,31.0,2239.0,27.0,3.0,7.0,6.0,18.39,53.1,1.3,40.0,731.0,82.0,1651.0,3379.0,30694.0,63888.0,2140.0,4065.0,496.0,933.0,844.75,14,,4.0,4.0,
2026-08-03,3,P09,Player 09,FB,34.61,OFF,Off,Off,,0.0,0.0,0.0,0.0,0.0,0.0,0.0,0.0,0.0,0.0,414.0,80.0,1651.0,3379.0,30694.0,63888.0,2140.0,4065.0,496.0,933.0,844.75,15,,5.0,5.0,
2026-08-04,3,P09,Player 09,FB,34.61,MD-4,Volume,Training,,75.0,7536.0,451.0,61.0,32.0,29.0,29.4,84.9,5.1,382.0,281.0,86.0,1613.0,3761.0,31365.0,71424.0,2140.0,4516.0,442.0,994.0,940.25,16,,6.0,6.0,
2026-08-05,3,P09,Player 09,FB,34.61,MD-3,Speed / HSR,Training,,88.0,8111.0,683.0,267.0,35.0,35.0,31.22,90.2,7.1,625.0,422.0,89.0,1778.0,4386.0,32068.0,79535.0,2017.0,5199.0,491.0,1261.0,1096.5,17,,0.0,0.0,
2026-08-06,3,P09,Player 09,FB,34.61,MD-2,Tactical,Training,,79.0,5815.0,418.0,70.0,25.0,23.0,26.8,77.4,4.5,356.0,1007.0,76.0,1777.0,4742.0,32390.0,85350.0,2092.0,5617.0,481.0,1331.0,1185.5,18,,1.0,1.0,
2026-08-07,3,P09,Player 09,FB,34.61,MD-1,Activation,Training,,47.0,3473.0,118.0,24.0,11.0,16.0,24.44,70.6,3.0,141.0,1363.0,76.0,1785.0,4883.0,32609.0,88823.0,2104.0,5735.0,483.0,1355.0,1220.75,19,,2.0,2.0,
2026-08-08,3,P09,Player 09,FB,34.61,MD,Match,Match,Starter,81.0,10022.0,616.0,239.0,35.0,40.0,33.03,95.4,8.2,664.0,1122.0,78.0,2208.0,5547.0,37196.0,98845.0,2313.0,6351.0,664.0,1594.0,1386.75,20,,0.0,0.0,0.0
2026-08-09,3,P09,Player 09,FB,34.61,MD+1,Recovery,Recovery,,33.0,2349.0,35.0,3.0,7.0,8.0,19.17,55.4,1.0,33.0,1161.0,76.0,2201.0,5580.0,37306.0,101194.0,2321.0,6386.0,664.0,1597.0,1395.0,21,,1.0,1.0,1.0
2026-08-10,4,P09,Player 09,FB,34.61,OFF,Off,Off,,0.0,0.0,0.0,0.0,0.0,0.0,0.0,0.0,0.0,0.0,838.0,82.0,2201.0,5580.0,37306.0,101194.0,2321.0,6386.0,664.0,1597.0,1395.0,22,,2.0,2.0,2.0
2026-08-11,4,P09,Player 09,FB,34.61,MD-4,Volume,Training,,82.0,6582.0,504.0,82.0,27.0,30.0,28.61,82.7,5.1,418.0,697.0,84.0,2237.0,5998.0,36352.0,107776.0,2374.0,6890.0,685.0,1679.0,1499.5,23,,3.0,3.0,3.0
2026-08-12,4,P09,Player 09,FB,34.61,MD-3,Speed / HSR,Training,,94.0,8520.0,695.0,191.0,38.0,43.0,31.78,91.8,7.2,677.0,451.0,86.0,2289.0,6675.0,36761.0,116296.0,2386.0,7585.0,609.0,1870.0,1668.75,24,,0.0,0.0,4.0
2026-08-13,4,P09,Player 09,FB,34.61,MD-2,Tactical,Training,,67.0,5995.0,349.0,60.0,23.0,30.0,27.59,79.7,3.8,255.0,1095.0,76.0,2188.0,6930.0,36941.0,122291.0,2317.0,7934.0,599.0,1930.0,1732.5,25,,1.0,1.0,5.0
2026-08-14,4,P09,Player 09,FB,34.61,MD-1,Activation,Training,,44.0,3038.0,111.0,25.0,14.0,15.0,22.08,63.8,3.7,163.0,1350.0,72.0,2210.0,7093.0,36506.0,125329.0,2310.0,8045.0,600.0,1955.0,1773.25,26,,2.0,2.0,6.0
2026-08-15,4,P09,Player 09,FB,34.61,MD,Match,Match,Starter,94.0,11918.0,854.0,262.0,34.0,40.0,33.27,96.1,8.3,780.0,1095.0,80.0,2326.0,7873.0,38402.0,137247.0,2548.0,8899.0,623.0,2217.0,1968.25,27,,0.0,0.0,0.0
2026-08-16,4,P09,Player 09,FB,34.61,MD+1,Recovery,Recovery,,33.0,2249.0,36.0,3.0,7.0,9.0,17.97,51.9,1.4,46.0,1198.0,77.0,2339.0,7919.0,38302.0,139496.0,2549.0,8935.0,623.0,2220.0,1979.75,28,1.1814623058466978,1.0,1.0,1.0
2026-08-17,5,P09,Player 09,FB,34.61,OFF,Off,Off,,0.0,0.0,0.0,0.0,0.0,0.0,0.0,0.0,0.0,0.0,989.0,86.0,2339.0,7919.0,38302.0,139496.0,2549.0,8935.0,623.0,2220.0,1979.75,29,1.1814623058466978,2.0,2.0,2.0
2026-08-18,5,P09,Player 09,FB,34.61,MD-4,Volume,Training,,76.0,5924.0,440.0,85.0,29.0,37.0,29.19,84.3,5.7,433.0,826.0,87.0,2354.0,8028.0,37644.0,137771.0,2485.0,9073.0,626.0,2223.0,2007.0,30,1.1728948679621325,3.0,3.0,3.0
2026-08-19,5,P09,Player 09,FB,34.61,MD-3,Speed / HSR,Training,,90.0,7659.0,721.0,235.0,34.0,42.0,34.64,100.1,5.8,522.0,479.0,91.0,2199.0,7911.0,36783.0,137012.0,2511.0,9087.0,670.0,2265.0,1977.75,31,1.111869548729617,0.0,0.0,0.0
2026-08-20,5,P09,Player 09,FB,34.61,MD-2,Tactical,Training,,74.0,5974.0,368.0,62.0,23.0,29.0,29.49,85.2,4.7,348.0,955.0,77.0,2292.0,7890.0,36762.0,136159.0,2530.0,9085.0,672.0,2251.0,1972.5,32,1.1619771863117871,0.0,1.0,1.0
2026-08-21,5,P09,Player 09,FB,34.61,MD-1,Activation,Training,,40.0,3050.0,126.0,24.0,12.0,16.0,23.58,68.1,2.6,104.0,1303.0,79.0,2233.0,7931.0,36774.0,136091.0,2545.0,9094.0,671.0,2253.0,1982.75,33,1.1262135922330097,1.0,2.0,2.0
2026-08-22,5,P09,Player 09,FB,34.61,MD,Match,Top-up,Unused,51.0,4759.0,357.0,61.0,23.0,24.0,28.01,80.9,4.5,230.0,974.0,83.0,1683.0,7940.0,29615.0,135919.0,2048.0,9057.0,470.0,2252.0,1985.0,34,0.8478589420654912,2.0,3.0,3.0
2026-08-23,5,P09,Player 09,FB,34.61,MD+1,Recovery,Recovery,,39.0,2584.0,38.0,2.0,8.0,7.0,17.04,49.2,1.6,62.0,682.0,85.0,1699.0,7890.0,29950.0,136252.0,2050.0,9060.0,469.0,2252.0,1972.5,35,0.8613434727503169,3.0,4.0,4.0
2026-08-24,6,P09,Player 09,FB,34.61,OFF,Off,Off,,0.0,0.0,0.0,0.0,0.0,0.0,0.0,0.0,0.0,0.0,396.0,84.0,1699.0,7890.0,29950.0,136252.0,2050.0,9060.0,469.0,2252.0,1972.5,36,0.8613434727503169,4.0,5.0,5.0
2026-08-25,6,P09,Player 09,FB,34.61,MD-4,Volume,Training,,76.0,6354.0,540.0,84.0,31.0,29.0,26.41,76.3,5.1,388.0,292.0,90.0,1654.0,7858.0,30380.0,135741.0,2150.0,9149.0,468.0,2221.0,1964.5,37,0.8419445151438025,5.0,6.0,6.0
2026-08-26,6,P09,Player 09,FB,34.61,MD-3,Speed / HSR,Training,,93.0,9370.0,830.0,190.0,33.0,45.0,32.13,92.8,6.2,577.0,450.0,84.0,1709.0,7975.0,32091.0,137703.0,2259.0,9173.0,423.0,2193.0,1993.75,38,0.8571786833855799,0.0,0.0,7.0
2026-08-27,6,P09,Player 09,FB,34.61,MD-2,Tactical,Training,,71.0,6220.0,399.0,80.0,28.0,28.0,27.54,79.6,5.1,362.0,965.0,81.0,1723.0,7980.0,32337.0,138430.0,2290.0,9229.0,441.0,2193.0,1995.0,39,0.8636591478696742,1.0,1.0,8.0
2026-08-28,6,P09,Player 09,FB,34.61,MD-1,Activation,Training,,43.0,3129.0,108.0,22.0,13.0,14.0,22.61,65.3,2.6,112.0,1327.0,72.0,1731.0,7959.0,32416.0,138305.0,2272.0,9231.0,439.0,2193.0,1989.75,40,0.8699585375047116,2.0,2.0,9.0
2026-08-29,6,P09,Player 09,FB,34.61,MD,Match,Match,Starter,83.0,9866.0,662.0,348.0,41.0,41.0,34.3,99.1,7.0,581.0,1051.0,82.0,2082.0,8299.0,37523.0,142736.0,2577.0,9486.0,726.0,2483.0,2074.75,41,1.003494396915291,0.0,0.0,0.0
2026-08-30,6,P09,Player 09,FB,34.61,MD+1,Recovery,Recovery,,32.0,2317.0,32.0,3.0,7.0,9.0,19.63,56.7,1.3,42.0,1055.0,79.0,2062.0,8301.0,37256.0,142814.0,2571.0,9491.0,727.0,2483.0,2075.25,42,0.9936152270810745,1.0,1.0,1.0
2026-08-31,7,P09,Player 09,FB,34.61,OFF,Off,Off,,0.0,0.0,0.0,0.0,0.0,0.0,0.0,0.0,0.0,0.0,735.0,84.0,2062.0,8301.0,37256.0,142814.0,2571.0,9491.0,727.0,2483.0,2075.25,43,0.9936152270810745,2.0,2.0,2.0
2026-09-01,7,P09,Player 09,FB,34.61,MD-4,Volume,Training,,78.0,6680.0,394.0,102.0,31.0,29.0,27.74,80.1,5.0,390.0,623.0,84.0,2064.0,8309.0,37582.0,141958.0,2425.0,9434.0,745.0,2524.0,2077.25,44,0.9936213744132868,3.0,3.0,3.0
2026-09-02,7,P09,Player 09,FB,34.61,MD-3,Speed / HSR,Training,,88.0,8791.0,800.0,193.0,35.0,39.0,33.72,97.4,5.5,484.0,432.0,85.0,1971.0,8168.0,37003.0,142638.0,2395.0,9551.0,748.0,2450.0,2042.0,45,0.965230166503428,0.0,0.0,0.0
2026-09-03,7,P09,Player 09,FB,34.61,MD-2,Tactical,Training,,66.0,5366.0,436.0,62.0,28.0,27.0,26.83,77.5,4.4,290.0,874.0,81.0,1899.0,8102.0,36149.0,142189.0,2432.0,9569.0,730.0,2442.0,2025.5,46,0.9375462848679339,1.0,1.0,1.0
2026-09-04,7,P09,Player 09,FB,34.61,MD-1,Activation,Training,,45.0,3312.0,115.0,21.0,13.0,13.0,26.83,77.5,2.5,112.0,1164.0,81.0,1899.0,8073.0,36332.0,142028.0,2439.0,9566.0,729.0,2439.0,2018.25,47,0.9409141583054627,2.0,2.0,2.0
2026-09-05,7,P09,Player 09,FB,34.61,MD,Match,Match,Sub,30.0,3815.0,344.0,133.0,14.0,19.0,29.19,84.3,7.8,234.0,886.0,80.0,1552.0,7643.0,30281.0,135821.0,2121.0,9294.0,514.0,2333.0,1910.75,48,0.8122465000654193,3.0,3.0,3.0
2026-09-06,7,P09,Player 09,FB,34.61,MD+1,Recovery,Recovery,,37.0,2749.0,38.0,3.0,6.0,7.0,18.54,53.6,1.4,52.0,636.0,78.0,1562.0,7662.0,30713.0,136221.0,2127.0,9297.0,514.0,2333.0,1915.5,49,0.8154528843643957,4.0,4.0,4.0
2026-09-07,8,P09,Player 09,FB,34.61,OFF,Off,Off,,0.0,0.0,0.0,0.0,0.0,0.0,0.0,0.0,0.0,0.0,398.0,87.0,1562.0,7662.0,30713.0,136221.0,2127.0,9297.0,514.0,2333.0,1915.5,50,0.8154528843643957,5.0,5.0,5.0
2026-09-08,8,P09,Player 09,FB,34.61,MD-4,Volume,Training,,68.0,5875.0,530.0,112.0,29.0,28.0,27.33,79.0,5.7,388.0,286.0,83.0,1560.0,7632.0,29908.0,135514.0,2263.0,9323.0,524.0,2363.0,1908.0,51,0.8176100628930818,6.0,6.0,6.0
2026-09-09,8,P09,Player 09,FB,34.61,MD-3,Speed / HSR,Training,,97.0,8509.0,879.0,225.0,36.0,37.0,32.98,95.3,7.2,698.0,440.0,80.0,1774.0,7653.0,29626.0,135503.0,2342.0,9507.0,556.0,2397.0,1913.25,52,0.9272180844113419,0.0,0.0,0.0
2026-09-10,8,P09,Player 09,FB,34.61,MD-2,Tactical,Training,,72.0,6028.0,353.0,55.0,22.0,25.0,24.75,71.5,5.2,374.0,1086.0,76.0,1858.0,7772.0,30288.0,135536.0,2259.0,9511.0,549.0,2392.0,1943.0,53,0.9562532166752444,1.0,1.0,1.0
2026-09-11,8,P09,Player 09,FB,34.61,MD-1,Activation,Training,,38.0,3025.0,113.0,26.0,15.0,12.0,25.86,74.7,3.4,129.0,1460.0,77.0,1875.0,7738.0,30001.0,135523.0,2257.0,9513.0,554.0,2393.0,1934.5,54,0.9692426983716723,2.0,2.0,2.0
2026-09-12,8,P09,Player 09,FB,34.61,MD,Match,Match,Starter,90.0,10087.0,890.0,240.0,40.0,46.0,34.03,98.3,8.5,765.0,1201.0,78.0,2406.0,7723.0,36273.0,133692.0,2803.0,9549.0,661.0,2371.0,1930.75,55,1.2461478699987052,0.0,0.0,0.0
2026-09-13,8,P09,Player 09,FB,34.61,MD+1,Recovery,Recovery,,35.0,2295.0,31.0,3.0,5.0,8.0,16.77,48.4,1.0,35.0,1268.0,71.0,2389.0,7712.0,35819.0,133738.0,2796.0,9544.0,661.0,2371.0,1928.0,56,1.2391078838174274,1.0,1.0,1.0
2026-07-20,1,P10,Player 10,FB,33.58,OFF,Off,Off,,0.0,0.0,0.0,0.0,0.0,0.0,0.0,0.0,0.0,0.0,0.0,87.0,0.0,0.0,0.0,0.0,0.0,0.0,0.0,0.0,0.0,1,,,,
2026-07-21,1,P10,Player 10,FB,33.58,MD-4,Volume,Training,,79.0,7500.0,340.0,104.0,29.0,34.0,25.63,76.3,5.0,395.0,0.0,92.0,395.0,395.0,7500.0,7500.0,340.0,340.0,104.0,104.0,98.75,2,,,,
2026-07-22,1,P10,Player 10,FB,33.58,MD-3,Speed / HSR,Training,,89.0,7991.0,727.0,224.0,40.0,34.0,30.5,90.8,5.2,463.0,395.0,83.0,858.0,858.0,15491.0,15491.0,1067.0,1067.0,328.0,328.0,214.5,3,,0.0,0.0,
2026-07-23,1,P10,Player 10,FB,33.58,MD-2,Tactical,Training,,68.0,5474.0,317.0,87.0,30.0,28.0,26.03,77.5,4.6,313.0,858.0,81.0,1171.0,1171.0,20965.0,20965.0,1384.0,1384.0,415.0,415.0,292.75,4,,1.0,1.0,
2026-07-24,1,P10,Player 10,FB,33.58,MD-1,Activation,Training,,36.0,3134.0,109.0,23.0,14.0,16.0,24.62,73.3,1.9,68.0,1171.0,82.0,1239.0,1239.0,24099.0,24099.0,1493.0,1493.0,438.0,438.0,309.75,5,,2.0,2.0,
2026-07-25,1,P10,Player 10,FB,33.58,MD,Match,Match,Starter,90.0,11536.0,795.0,277.0,37.0,46.0,30.03,89.4,7.8,702.0,844.0,84.0,1941.0,1941.0,35635.0,35635.0,2288.0,2288.0,715.0,715.0,485.25,6,,0.0,3.0,
2026-07-26,1,P10,Player 10,FB,33.58,MD+1,Recovery,Recovery,,32.0,2461.0,32.0,3.0,7.0,8.0,18.33,54.6,1.3,42.0,1083.0,83.0,1983.0,1983.0,38096.0,38096.0,2320.0,2320.0,718.0,718.0,495.75,7,,1.0,4.0,
2026-07-27,2,P10,Player 10,FB,33.58,OFF,Off,Off,,0.0,0.0,0.0,0.0,0.0,0.0,0.0,0.0,0.0,0.0,812.0,73.0,1983.0,1983.0,38096.0,38096.0,2320.0,2320.0,718.0,718.0,495.75,8,,2.0,5.0,
2026-07-28,2,P10,Player 10,FB,33.58,MD-4,Volume,Training,,80.0,6642.0,397.0,112.0,30.0,42.0,26.97,80.3,6.3,504.0,744.0,88.0,2092.0,2487.0,37238.0,44738.0,2377.0,2717.0,726.0,830.0,621.75,9,,3.0,6.0,
2026-07-29,2,P10,Player 10,FB,33.58,MD-3,Speed / HSR,Training,,91.0,7303.0,694.0,231.0,41.0,41.0,30.08,89.6,6.1,555.0,546.0,86.0,2184.0,3042.0,36550.0,52041.0,2344.0,3411.0,733.0,1061.0,760.5,10,,0.0,7.0,
2026-07-30,2,P10,Player 10,FB,33.58,MD-2,Tactical,Training,,70.0,5732.0,326.0,95.0,24.0,27.0,26.54,79.0,4.9,343.0,1059.0,87.0,2214.0,3385.0,36808.0,57773.0,2353.0,3737.0,741.0,1156.0,846.25,11,,1.0,8.0,
2026-07-31,2,P10,Player 10,FB,33.58,MD-1,Activation,Training,,34.0,3182.0,106.0,27.0,14.0,17.0,23.04,68.6,2.7,92.0,1402.0,74.0,2238.0,3477.0,36856.0,60955.0,2350.0,3843.0,745.0,1183.0,869.25,12,,2.0,9.0,
2026-08-01,2,P10,Player 10,FB,33.58,MD,Match,Match,Starter,77.0,8956.0,609.0,248.0,33.0,36.0,32.18,95.8,8.5,654.0,990.0,74.0,2190.0,4131.0,34276.0,69911.0,2164.0,4452.0,716.0,1431.0,1032.75,13,,0.0,0.0,0.0
2026-08-02,2,P10,Player 10,FB,33.58,MD+1,Recovery,Recovery,,40.0,2026.0,27.0,3.0,9.0,8.0,17.73,52.8,2.2,88.0,1089.0,79.0,2236.0,4219.0,33841.0,71937.0,2159.0,4479.0,716.0,1434.0,1054.75,14,,1.0,1.0,1.0
2026-08-03,3,P10,Player 10,FB,33.58,OFF,Off,Off,,0.0,0.0,0.0,0.0,0.0,0.0,0.0,0.0,0.0,0.0,834.0,80.0,2236.0,4219.0,33841.0,71937.0,2159.0,4479.0,716.0,1434.0,1054.75,15,,2.0,2.0,2.0
2026-08-04,3,P10,Player 10,FB,33.58,MD-4,Volume,Training,,79.0,7243.0,372.0,78.0,30.0,37.0,25.3,75.3,4.2,332.0,742.0,84.0,2064.0,4551.0,34442.0,79180.0,2134.0,4851.0,682.0,1512.0,1137.75,16,,3.0,3.0,3.0
2026-08-05,3,P10,Player 10,FB,33.58,MD-3,Speed / HSR,Training,,91.0,8475.0,668.0,256.0,35.0,40.0,32.03,95.4,6.9,628.0,420.0,88.0,2137.0,5179.0,35614.0,87655.0,2108.0,5519.0,707.0,1768.0,1294.75,17,,0.0,0.0,0.0
2026-08-06,3,P10,Player 10,FB,33.58,MD-2,Tactical,Training,,76.0,5733.0,393.0,85.0,30.0,29.0,29.34,87.4,4.1,312.0,960.0,80.0,2106.0,5491.0,35615.0,93388.0,2175.0,5912.0,697.0,1853.0,1372.75,18,,0.0,1.0,1.0
2026-08-07,3,P10,Player 10,FB,33.58,MD-1,Activation,Training,,46.0,2920.0,92.0,21.0,15.0,17.0,21.9,65.2,2.0,92.0,1272.0,77.0,2106.0,5583.0,35353.0,96308.0,2161.0,6004.0,691.0,1874.0,1395.75,19,,1.0,2.0,2.0
2026-08-08,3,P10,Player 10,FB,33.58,MD,Match,Match,Starter,76.0,7941.0,624.0,243.0,33.0,42.0,31.57,94.0,7.7,585.0,1032.0,81.0,2037.0,6168.0,34338.0,104249.0,2176.0,6628.0,686.0,2117.0,1542.0,20,,0.0,0.0,3.0
2026-08-09,3,P10,Player 10,FB,33.58,MD+1,Recovery,Recovery,,33.0,2522.0,39.0,3.0,7.0,9.0,19.47,58.0,2.2,73.0,989.0,79.0,2022.0,6241.0,34834.0,106771.0,2188.0,6667.0,686.0,2120.0,1560.25,21,,1.0,1.0,4.0
2026-08-10,4,P10,Player 10,FB,33.58,OFF,Off,Off,,0.0,0.0,0.0,0.0,0.0,0.0,0.0,0.0,0.0,0.0,750.0,81.0,2022.0,6241.0,34834.0,106771.0,2188.0,6667.0,686.0,2120.0,1560.25,22,,2.0,2.0,5.0
2026-08-11,4,P10,Player 10,FB,33.58,MD-4,Volume,Training,,76.0,6598.0,353.0,97.0,25.0,32.0,27.76,82.7,5.4,410.0,658.0,86.0,2100.0,6651.0,34189.0,113369.0,2169.0,7020.0,705.0,2217.0,1662.75,23,,3.0,3.0,6.0
2026-08-12,4,P10,Player 10,FB,33.58,MD-3,Speed / HSR,Training,,80.0,8123.0,686.0,210.0,46.0,41.0,30.41,90.6,6.4,512.0,483.0,88.0,1984.0,7163.0,33837.0,121492.0,2187.0,7706.0,659.0,2427.0,1790.75,24,,0.0,0.0,7.0
2026-08-13,4,P10,Player 10,FB,33.58,MD-2,Tactical,Training,,71.0,5588.0,476.0,81.0,25.0,33.0,24.36,72.6,4.5,320.0,922.0,84.0,1992.0,7483.0,33692.0,127080.0,2270.0,8182.0,655.0,2508.0,1870.75,25,,1.0,1.0,8.0
2026-08-14,4,P10,Player 10,FB,33.58,MD-1,Activation,Training,,39.0,3472.0,126.0,25.0,13.0,16.0,22.95,68.4,2.6,101.0,1242.0,78.0,2001.0,7584.0,34244.0,130552.0,2304.0,8308.0,659.0,2533.0,1896.0,26,,2.0,2.0,9.0
2026-08-15,4,P10,Player 10,FB,33.58,MD,Match,Top-up,Unused,52.0,5159.0,275.0,69.0,24.0,24.0,29.22,87.0,5.2,270.0,933.0,74.0,1686.0,7854.0,31462.0,135711.0,1955.0,8583.0,485.0,2602.0,1963.5,27,,0.0,3.0,10.0
2026-08-16,4,P10,Player 10,FB,33.58,MD+1,Recovery,Recovery,,41.0,2440.0,31.0,3.0,8.0,6.0,17.4,51.8,1.8,74.0,691.0,82.0,1687.0,7928.0,31380.0,138151.0,1947.0,8614.0,485.0,2605.0,1982.0,28,0.8511604439959637,1.0,4.0,11.0
2026-08-17,5,P10,Player 10,FB,33.58,OFF,Off,Off,,0.0,0.0,0.0,0.0,0.0,0.0,0.0,0.0,0.0,0.0,445.0,82.0,1687.0,7928.0,31380.0,138151.0,1947.0,8614.0,485.0,2605.0,1982.0,29,0.8511604439959637,2.0,5.0,12.0
2026-08-18,5,P10,Player 10,FB,33.58,MD-4,Volume,Training,,74.0,6451.0,412.0,81.0,32.0,35.0,25.58,76.2,5.9,437.0,344.0,85.0,1714.0,7970.0,31233.0,137102.0,2006.0,8686.0,469.0,2582.0,1992.5,30,0.8602258469259724,3.0,6.0,13.0
2026-08-19,5,P10,Player 10,FB,33.58,MD-3,Speed / HSR,Training,,84.0,7654.0,823.0,272.0,36.0,42.0,29.93,89.1,6.9,580.0,511.0,82.0,1782.0,8087.0,30764.0,136765.0,2143.0,8782.0,531.0,2630.0,2021.75,31,0.8814146160504513,0.0,7.0,14.0
2026-08-20,5,P10,Player 10,FB,33.58,MD-2,Tactical,Training,,66.0,5780.0,435.0,79.0,30.0,27.0,26.48,78.9,4.8,317.0,1017.0,80.0,1779.0,8091.0,30956.0,137071.0,2102.0,8900.0,529.0,2622.0,2022.75,32,0.8794957360029663,1.0,8.0,15.0
2026-08-21,5,P10,Player 10,FB,33.58,MD-1,Activation,Training,,50.0,3314.0,123.0,30.0,13.0,14.0,22.66,67.5,2.4,120.0,1334.0,74.0,1798.0,8143.0,30798.0,137251.0,2099.0,8914.0,534.0,2629.0,2035.75,33,0.8832125752179786,2.0,9.0,16.0
2026-08-22,5,P10,Player 10,FB,33.58,MD,Match,Match,Starter,83.0,8577.0,783.0,277.0,42.0,41.0,34.13,101.6,8.1,672.0,1017.0,76.0,2200.0,8113.0,34216.0,134292.0,2607.0,8902.0,742.0,2629.0,2028.25,34,1.0846789103907308,0.0,0.0,0.0
2026-08-23,5,P10,Player 10,FB,33.58,MD+1,Recovery,Recovery,,39.0,2374.0,40.0,3.0,9.0,9.0,18.5,55.1,1.0,39.0,1109.0,83.0,2165.0,8110.0,34150.0,134205.0,2616.0,8910.0,742.0,2629.0,2027.5,35,1.0678175092478421,1.0,1.0,1.0
2026-08-24,6,P10,Player 10,FB,33.58,OFF,Off,Off,,0.0,0.0,0.0,0.0,0.0,0.0,0.0,0.0,0.0,0.0,831.0,78.0,2165.0,8110.0,34150.0,134205.0,2616.0,8910.0,742.0,2629.0,2027.5,36,1.0678175092478421,2.0,2.0,2.0
2026-08-25,6,P10,Player 10,FB,33.58,MD-4,Volume,Training,,82.0,6447.0,373.0,94.0,32.0,39.0,27.28,81.2,5.6,459.0,711.0,82.0,2187.0,8065.0,34146.0,134010.0,2577.0,8886.0,755.0,2611.0,2016.25,37,1.0846869187848729,3.0,3.0,3.0
2026-08-26,6,P10,Player 10,FB,33.58,MD-3,Speed / HSR,Training,,91.0,8730.0,642.0,243.0,40.0,37.0,30.91,92.0,5.7,519.0,498.0,87.0,2126.0,8029.0,35222.0,135437.0,2396.0,8834.0,726.0,2623.0,2007.25,38,1.0591605430315107,0.0,0.0,4.0
2026-08-27,6,P10,Player 10,FB,33.58,MD-2,Tactical,Training,,70.0,5659.0,406.0,96.0,26.0,28.0,28.25,84.1,4.9,343.0,978.0,83.0,2152.0,8029.0,35101.0,135364.0,2367.0,8914.0,743.0,2624.0,2007.25,39,1.0721135882426205,1.0,1.0,5.0
2026-08-28,6,P10,Player 10,FB,33.58,MD-1,Activation,Training,,43.0,3066.0,115.0,26.0,15.0,17.0,23.22,69.2,2.3,99.0,1321.0,80.0,2131.0,8036.0,34853.0,135248.0,2359.0,8923.0,739.0,2623.0,2009.0,40,1.0607267297162768,2.0,2.0,6.0
2026-08-29,6,P10,Player 10,FB,33.58,MD,Match,Top-up,Unused,42.0,4675.0,268.0,69.0,24.0,28.0,26.2,78.0,4.9,206.0,961.0,81.0,1665.0,7588.0,30951.0,130967.0,1844.0,8582.0,531.0,2444.0,1897.0,41,0.8777016341591988,3.0,3.0,7.0
2026-08-30,6,P10,Player 10,FB,33.58,MD+1,Recovery,Recovery,,34.0,2320.0,37.0,3.0,8.0,8.0,20.22,60.2,2.6,88.0,648.0,85.0,1714.0,7588.0,30897.0,131261.0,1841.0,8592.0,531.0,2444.0,1897.0,42,0.9035318924617818,4.0,4.0,8.0
2026-08-31,7,P10,Player 10,FB,33.58,OFF,Off,Off,,0.0,0.0,0.0,0.0,0.0,0.0,0.0,0.0,0.0,0.0,393.0,89.0,1714.0,7588.0,30897.0,131261.0,1841.0,8592.0,531.0,2444.0,1897.0,43,0.9035318924617818,5.0,5.0,9.0
2026-09-01,7,P10,Player 10,FB,33.58,MD-4,Volume,Training,,73.0,6774.0,396.0,79.0,26.0,29.0,26.43,78.7,5.1,372.0,294.0,87.0,1627.0,7628.0,31224.0,130792.0,1864.0,8616.0,516.0,2445.0,1907.0,44,0.8531725222863136,6.0,6.0,10.0
2026-09-02,7,P10,Player 10,FB,33.58,MD-3,Speed / HSR,Training,,84.0,9756.0,667.0,169.0,35.0,30.0,31.18,92.8,6.9,580.0,460.0,78.0,1688.0,7580.0,32250.0,132073.0,1889.0,8615.0,442.0,2358.0,1895.0,45,0.8907651715039577,0.0,0.0,11.0
2026-09-03,7,P10,Player 10,FB,33.58,MD-2,Tactical,Training,,65.0,5640.0,293.0,73.0,28.0,30.0,24.79,73.8,4.9,318.0,952.0,79.0,1663.0,7586.0,32231.0,131980.0,1776.0,8515.0,419.0,2346.0,1896.5,46,0.8768784603216452,1.0,1.0,12.0
2026-09-04,7,P10,Player 10,FB,33.58,MD-1,Activation,Training,,46.0,3063.0,108.0,21.0,12.0,16.0,23.03,68.6,3.3,152.0,1270.0,80.0,1716.0,7646.0,32228.0,132123.0,1769.0,8531.0,414.0,2346.0,1911.5,47,0.8977243002877322,2.0,2.0,13.0
2026-09-05,7,P10,Player 10,FB,33.58,MD,Match,Match,Starter,90.0,9719.0,830.0,289.0,39.0,49.0,32.07,95.5,8.3,747.0,1050.0,78.0,2257.0,7808.0,37272.0,133901.0,2331.0,8737.0,634.0,2392.0,1952.0,48,1.15625,0.0,0.0,0.0
2026-09-06,7,P10,Player 10,FB,33.58,MD+1,Recovery,Recovery,,31.0,2248.0,32.0,3.0,7.0,8.0,18.28,54.4,1.7,53.0,1217.0,83.0,2222.0,7788.0,37200.0,133627.0,2326.0,8730.0,634.0,2392.0,1947.0,49,1.1412429378531073,1.0,1.0,1.0
2026-09-07,8,P10,Player 10,FB,33.58,OFF,Off,Off,,0.0,0.0,0.0,0.0,0.0,0.0,0.0,0.0,0.0,0.0,952.0,80.0,2222.0,7788.0,37200.0,133627.0,2326.0,8730.0,634.0,2392.0,1947.0,50,1.1412429378531073,2.0,2.0,2.0
2026-09-08,8,P10,Player 10,FB,33.58,MD-4,Volume,Training,,76.0,6803.0,416.0,84.0,29.0,35.0,25.72,76.6,5.5,418.0,800.0,82.0,2268.0,7796.0,37229.0,133832.0,2346.0,8793.0,639.0,2379.0,1949.0,51,1.163673678809646,3.0,3.0,3.0
2026-09-09,8,P10,Player 10,FB,33.58,MD-3,Speed / HSR,Training,,84.0,7954.0,765.0,231.0,35.0,46.0,32.19,95.9,6.1,512.0,471.0,88.0,2200.0,7796.0,35427.0,133663.0,2444.0,8872.0,701.0,2400.0,1949.0,52,1.128783991790662,0.0,0.0,0.0
2026-09-10,8,P10,Player 10,FB,33.58,MD-2,Tactical,Training,,71.0,5634.0,248.0,56.0,26.0,35.0,25.71,76.6,4.9,348.0,930.0,80.0,2230.0,7824.0,35421.0,133709.0,2399.0,8644.0,684.0,2375.0,1956.0,53,1.140081799591002,1.0,1.0,1.0
2026-09-11,8,P10,Player 10,FB,33.58,MD-1,Activation,Training,,39.0,2583.0,111.0,27.0,17.0,15.0,25.57,76.1,1.3,51.0,1278.0,78.0,2129.0,7774.0,34941.0,132820.0,2402.0,8629.0,690.0,2377.0,1943.5,54,1.0954463596604065,2.0,2.0,2.0
2026-09-12,8,P10,Player 10,FB,33.58,MD,Match,Top-up,Unused,49.0,4655.0,345.0,61.0,23.0,25.0,27.41,81.6,4.1,201.0,911.0,84.0,1583.0,7705.0,29877.0,132316.0,1917.0,8699.0,462.0,2369.0,1926.25,55,0.8218040233614536,3.0,3.0,3.0
2026-09-13,8,P10,Player 10,FB,33.58,MD+1,Recovery,Recovery,,32.0,2650.0,39.0,3.0,8.0,7.0,18.65,55.5,1.5,48.0,600.0,78.0,1578.0,7679.0,30279.0,132526.0,1924.0,8707.0,462.0,2369.0,1919.75,56,0.8219820289100144,4.0,4.0,4.0
2026-07-20,1,P11,Player 11,CM,31.15,OFF,Off,Off,,0.0,0.0,0.0,0.0,0.0,0.0,0.0,0.0,0.0,0.0,0.0,87.0,0.0,0.0,0.0,0.0,0.0,0.0,0.0,0.0,0.0,1,,,,
2026-07-21,1,P11,Player 11,CM,31.15,MD-4,Volume,Training,,83.0,7335.0,413.0,56.0,37.0,41.0,25.4,81.5,5.7,473.0,0.0,91.0,473.0,473.0,7335.0,7335.0,413.0,413.0,56.0,56.0,118.25,2,,,,
2026-07-22,1,P11,Player 11,CM,31.15,MD-3,Speed / HSR,Training,,82.0,9409.0,627.0,108.0,37.0,30.0,28.07,90.1,7.9,648.0,473.0,84.0,1121.0,1121.0,16744.0,16744.0,1040.0,1040.0,164.0,164.0,280.25,3,,0.0,0.0,
2026-07-23,1,P11,Player 11,CM,31.15,MD-2,Tactical,Training,,69.0,6343.0,202.0,35.0,28.0,23.0,23.56,75.6,3.9,269.0,1121.0,84.0,1390.0,1390.0,23087.0,23087.0,1242.0,1242.0,199.0,199.0,347.5,4,,1.0,1.0,
2026-07-24,1,P11,Player 11,CM,31.15,MD-1,Activation,Training,,39.0,3051.0,95.0,14.0,16.0,12.0,19.95,64.0,2.1,82.0,1390.0,72.0,1472.0,1472.0,26138.0,26138.0,1337.0,1337.0,213.0,213.0,368.0,5,,2.0,2.0,
2026-07-25,1,P11,Player 11,CM,31.15,MD,Match,Match,Starter,89.0,11840.0,902.0,130.0,55.0,49.0,29.43,94.5,8.7,774.0,999.0,75.0,2246.0,2246.0,37978.0,37978.0,2239.0,2239.0,343.0,343.0,561.5,6,,0.0,0.0,
2026-07-26,1,P11,Player 11,CM,31.15,MD+1,Recovery,Recovery,,37.0,2533.0,28.0,2.0,10.0,8.0,17.54,56.3,1.4,52.0,1125.0,81.0,2298.0,2298.0,40511.0,40511.0,2267.0,2267.0,345.0,345.0,574.5,7,,1.0,1.0,
2026-07-27,2,P11,Player 11,CM,31.15,OFF,Off,Off,,0.0,0.0,0.0,0.0,0.0,0.0,0.0,0.0,0.0,0.0,908.0,84.0,2298.0,2298.0,40511.0,40511.0,2267.0,2267.0,345.0,345.0,574.5,8,,2.0,2.0,
2026-07-28,2,P11,Player 11,CM,31.15,MD-4,Volume,Training,,79.0,7523.0,312.0,41.0,37.0,39.0,24.96,80.1,4.4,348.0,826.0,81.0,2173.0,2646.0,40699.0,48034.0,2166.0,2579.0,330.0,386.0,661.5,9,,3.0,3.0,
2026-07-29,2,P11,Player 11,CM,31.15,MD-3,Speed / HSR,Training,,93.0,8912.0,540.0,117.0,36.0,45.0,26.74,85.8,6.9,642.0,400.0,86.0,2167.0,3288.0,40202.0,56946.0,2079.0,3119.0,339.0,503.0,822.0,10,,0.0,4.0,
2026-07-30,2,P11,Player 11,CM,31.15,MD-2,Tactical,Training,,64.0,5401.0,209.0,40.0,27.0,29.0,25.33,81.3,4.0,256.0,990.0,82.0,2154.0,3544.0,39260.0,62347.0,2086.0,3328.0,344.0,543.0,886.0,11,,1.0,5.0,
2026-07-31,2,P11,Player 11,CM,31.15,MD-1,Activation,Training,,47.0,3197.0,103.0,10.0,17.0,18.0,22.52,72.3,3.7,174.0,1246.0,75.0,2246.0,3718.0,39406.0,65544.0,2094.0,3431.0,340.0,553.0,929.5,12,,2.0,6.0,
2026-08-01,2,P11,Player 11,CM,31.15,MD,Match,Match,Starter,91.0,12846.0,692.0,163.0,44.0,43.0,31.32,100.5,7.8,710.0,1072.0,77.0,2182.0,4428.0,40412.0,78390.0,1884.0,4123.0,373.0,716.0,1107.0,13,,0.0,0.0,0.0
2026-08-02,2,P11,Player 11,CM,31.15,MD+1,Recovery,Recovery,,25.0,2107.0,25.0,2.0,8.0,9.0,18.37,59.0,3.1,78.0,1140.0,79.0,2208.0,4506.0,39986.0,80497.0,1881.0,4148.0,373.0,718.0,1126.5,14,,1.0,1.0,1.0
2026-08-03,3,P11,Player 11,CM,31.15,OFF,Off,Off,,0.0,0.0,0.0,0.0,0.0,0.0,0.0,0.0,0.0,0.0,962.0,83.0,2208.0,4506.0,39986.0,80497.0,1881.0,4148.0,373.0,718.0,1126.5,15,,2.0,2.0,2.0
2026-08-04,3,P11,Player 11,CM,31.15,MD-4,Volume,Training,,81.0,6750.0,326.0,34.0,33.0,35.0,25.93,83.3,4.7,381.0,788.0,78.0,2241.0,4887.0,39213.0,87247.0,1895.0,4474.0,366.0,752.0,1221.75,16,,3.0,3.0,3.0
2026-08-05,3,P11,Player 11,CM,31.15,MD-3,Speed / HSR,Training,,84.0,8075.0,573.0,153.0,35.0,44.0,27.16,87.2,6.0,504.0,459.0,84.0,2103.0,5391.0,38376.0,95322.0,1928.0,5047.0,402.0,905.0,1347.75,17,,0.0,4.0,4.0
2026-08-06,3,P11,Player 11,CM,31.15,MD-2,Tactical,Training,,67.0,5443.0,354.0,45.0,29.0,34.0,25.36,81.4,5.6,375.0,885.0,80.0,2222.0,5766.0,38418.0,100765.0,2073.0,5401.0,407.0,950.0,1441.5,18,,1.0,5.0,5.0
2026-08-07,3,P11,Player 11,CM,31.15,MD-1,Activation,Training,,41.0,3221.0,77.0,9.0,15.0,17.0,20.52,65.9,2.5,102.0,1260.0,79.0,2150.0,5868.0,38442.0,103986.0,2047.0,5478.0,406.0,959.0,1467.0,19,,2.0,6.0,6.0
2026-08-08,3,P11,Player 11,CM,31.15,MD,Match,Top-up,Unused,51.0,5146.0,273.0,47.0,25.0,27.0,26.01,83.5,4.7,240.0,981.0,80.0,1680.0,6108.0,30742.0,109132.0,1628.0,5751.0,290.0,1006.0,1527.0,20,,3.0,7.0,7.0
2026-08-09,3,P11,Player 11,CM,31.15,MD+1,Recovery,Recovery,,37.0,2484.0,26.0,1.0,7.0,9.0,17.34,55.7,2.1,78.0,717.0,81.0,1680.0,6186.0,31119.0,111616.0,1629.0,5777.0,289.0,1007.0,1546.5,21,,4.0,8.0,8.0
2026-08-10,4,P11,Player 11,CM,31.15,OFF,Off,Off,,0.0,0.0,0.0,0.0,0.0,0.0,0.0,0.0,0.0,0.0,420.0,89.0,1680.0,6186.0,31119.0,111616.0,1629.0,5777.0,289.0,1007.0,1546.5,22,,5.0,9.0,9.0
2026-08-11,4,P11,Player 11,CM,31.15,MD-4,Volume,Training,,80.0,7016.0,390.0,54.0,37.0,39.0,25.74,82.6,4.9,392.0,318.0,84.0,1691.0,6578.0,31385.0,118632.0,1693.0,6167.0,309.0,1061.0,1644.5,23,,6.0,10.0,10.0
2026-08-12,4,P11,Player 11,CM,31.15,MD-3,Speed / HSR,Training,,80.0,8132.0,633.0,110.0,40.0,49.0,30.12,96.7,6.7,536.0,470.0,83.0,1723.0,7114.0,31442.0,126764.0,1753.0,6800.0,266.0,1171.0,1778.5,24,,0.0,0.0,0.0
2026-08-13,4,P11,Player 11,CM,31.15,MD-2,Tactical,Training,,78.0,5898.0,219.0,38.0,35.0,32.0,23.69,76.1,4.0,312.0,928.0,75.0,1660.0,7426.0,31897.0,132662.0,1618.0,7019.0,259.0,1209.0,1856.5,25,,1.0,1.0,1.0
2026-08-14,4,P11,Player 11,CM,31.15,MD-1,Activation,Training,,43.0,2832.0,105.0,12.0,16.0,16.0,22.2,71.3,2.1,90.0,1240.0,76.0,1648.0,7516.0,31508.0,135494.0,1646.0,7124.0,262.0,1221.0,1879.0,26,,2.0,2.0,2.0
2026-08-15,4,P11,Player 11,CM,31.15,MD,Match,Match,Starter,89.0,12262.0,514.0,146.0,50.0,44.0,29.92,96.1,7.6,676.0,938.0,82.0,2084.0,8192.0,38624.0,147756.0,1887.0,7638.0,361.0,1367.0,2048.0,27,,0.0,0.0,0.0
2026-08-16,4,P11,Player 11,CM,31.15,MD+1,Recovery,Recovery,,33.0,2465.0,30.0,1.0,8.0,9.0,16.78,53.9,1.7,56.0,1078.0,80.0,2062.0,8248.0,38605.0,150221.0,1891.0,7668.0,361.0,1368.0,2062.0,28,1.0,1.0,1.0,1.0
2026-08-17,5,P11,Player 11,CM,31.15,OFF,Off,Off,,0.0,0.0,0.0,0.0,0.0,0.0,0.0,0.0,0.0,0.0,822.0,83.0,2062.0,8248.0,38605.0,150221.0,1891.0,7668.0,361.0,1368.0,2062.0,29,1.0,2.0,2.0,2.0
2026-08-18,5,P11,Player 11,CM,31.15,MD-4,Volume,Training,,78.0,6195.0,340.0,49.0,39.0,34.0,25.82,82.9,5.3,413.0,732.0,84.0,2083.0,8188.0,37784.0,149081.0,1841.0,7595.0,356.0,1361.0,2047.0,30,1.0175867122618467,3.0,3.0,3.0
2026-08-19,5,P11,Player 11,CM,31.15,MD-3,Speed / HSR,Training,,86.0,8433.0,607.0,118.0,42.0,43.0,29.53,94.8,7.4,636.0,469.0,91.0,2183.0,8176.0,38085.0,148105.0,1815.0,7575.0,364.0,1371.0,2044.0,31,1.068003913894325,0.0,0.0,4.0
2026-08-20,5,P11,Player 11,CM,31.15,MD-2,Tactical,Training,,72.0,5627.0,250.0,46.0,34.0,35.0,26.58,85.3,4.5,324.0,1049.0,77.0,2195.0,8231.0,37814.0,147389.0,1846.0,7623.0,372.0,1382.0,2057.75,32,1.0666990645122099,0.0,1.0,5.0
2026-08-21,5,P11,Player 11,CM,31.15,MD-1,Activation,Training,,35.0,3256.0,86.0,13.0,17.0,16.0,22.45,72.1,3.0,105.0,1373.0,72.0,2210.0,8254.0,38238.0,147594.0,1827.0,7614.0,373.0,1381.0,2063.5,33,1.070995880785074,1.0,2.0,6.0
2026-08-22,5,P11,Player 11,CM,31.15,MD,Match,Match,Starter,81.0,9207.0,448.0,170.0,50.0,47.0,28.62,91.9,9.7,786.0,1065.0,76.0,2320.0,8266.0,35183.0,144961.0,1761.0,7160.0,397.0,1421.0,2066.5,34,1.1226711831599323,0.0,0.0,7.0
2026-08-23,5,P11,Player 11,CM,31.15,MD+1,Recovery,Recovery,,38.0,2337.0,24.0,2.0,10.0,10.0,16.74,53.7,1.8,68.0,1215.0,76.0,2332.0,8282.0,35055.0,144765.0,1755.0,7156.0,398.0,1421.0,2070.5,35,1.1262979956532237,1.0,1.0,8.0
2026-08-24,6,P11,Player 11,CM,31.15,OFF,Off,Off,,0.0,0.0,0.0,0.0,0.0,0.0,0.0,0.0,0.0,0.0,959.0,77.0,2332.0,8282.0,35055.0,144765.0,1755.0,7156.0,398.0,1421.0,2070.5,36,1.1262979956532237,2.0,2.0,9.0
2026-08-25,6,P11,Player 11,CM,31.15,MD-4,Volume,Training,,81.0,6479.0,303.0,40.0,31.0,38.0,25.24,81.0,5.2,421.0,854.0,81.0,2340.0,8355.0,35339.0,143721.0,1718.0,7147.0,389.0,1420.0,2088.75,37,1.1202872531418313,3.0,3.0,10.0
2026-08-26,6,P11,Player 11,CM,31.15,MD-3,Speed / HSR,Training,,84.0,8251.0,598.0,115.0,40.0,43.0,27.41,88.0,6.7,563.0,489.0,88.0,2267.0,8276.0,35157.0,143060.0,1709.0,7205.0,386.0,1418.0,2069.0,38,1.095698405026583,0.0,4.0,11.0
2026-08-27,6,P11,Player 11,CM,31.15,MD-2,Tactical,Training,,71.0,5812.0,287.0,40.0,28.0,31.0,24.9,79.9,4.2,298.0,984.0,85.0,2241.0,8318.0,35342.0,143471.0,1746.0,7283.0,380.0,1418.0,2079.5,39,1.0776628997355133,1.0,5.0,12.0
2026-08-28,6,P11,Player 11,CM,31.15,MD-1,Activation,Training,,40.0,3166.0,92.0,10.0,17.0,15.0,19.99,64.2,3.1,124.0,1282.0,79.0,2260.0,8268.0,35252.0,143440.0,1752.0,7272.0,377.0,1418.0,2067.0,40,1.0933720367682631,2.0,6.0,13.0
2026-08-29,6,P11,Player 11,CM,31.15,MD,Match,Match,Starter,87.0,10917.0,590.0,179.0,47.0,56.0,28.73,92.2,8.9,774.0,985.0,87.0,2248.0,8332.0,36962.0,141511.0,1894.0,7170.0,386.0,1434.0,2083.0,41,1.0792126740278445,0.0,0.0,14.0
2026-08-30,6,P11,Player 11,CM,31.15,MD+1,Recovery,Recovery,,35.0,2378.0,28.0,1.0,10.0,9.0,16.69,53.6,1.5,52.0,1196.0,77.0,2232.0,8306.0,37003.0,141782.0,1898.0,7173.0,385.0,1433.0,2076.5,42,1.0748856248495064,1.0,1.0,15.0
2026-08-31,7,P11,Player 11,CM,31.15,OFF,Off,Off,,0.0,0.0,0.0,0.0,0.0,0.0,0.0,0.0,0.0,0.0,950.0,75.0,2232.0,8306.0,37003.0,141782.0,1898.0,7173.0,385.0,1433.0,2076.5,43,1.0748856248495064,2.0,2.0,16.0
2026-09-01,7,P11,Player 11,CM,31.15,MD-4,Volume,Training,,74.0,7369.0,339.0,51.0,35.0,33.0,25.04,80.4,4.4,326.0,826.0,85.0,2137.0,8251.0,37893.0,142401.0,1934.0,7186.0,396.0,1450.0,2062.75,44,1.0359956368924979,3.0,3.0,17.0
2026-09-02,7,P11,Player 11,CM,31.15,MD-3,Speed / HSR,Training,,84.0,8306.0,629.0,89.0,37.0,42.0,27.84,89.4,6.2,521.0,378.0,79.0,2095.0,8268.0,37948.0,142632.0,1965.0,7242.0,370.0,1386.0,2067.0,45,1.0135462022254476,0.0,4.0,18.0
2026-09-03,7,P11,Player 11,CM,31.15,MD-2,Tactical,Training,,70.0,5721.0,301.0,39.0,27.0,36.0,24.59,78.9,4.4,308.0,847.0,79.0,2105.0,8201.0,37857.0,142910.0,1979.0,7189.0,369.0,1380.0,2050.25,46,1.0267040604804292,1.0,5.0,19.0
2026-09-04,7,P11,Player 11,CM,31.15,MD-1,Activation,Training,,39.0,3170.0,82.0,14.0,15.0,18.0,22.86,73.4,2.5,98.0,1155.0,80.0,2079.0,8197.0,37861.0,142859.0,1969.0,7194.0,373.0,1385.0,2049.25,47,1.0145175064047822,2.0,6.0,20.0
2026-09-05,7,P11,Player 11,CM,31.15,MD,Match,Match,Starter,87.0,10519.0,600.0,146.0,44.0,60.0,28.06,90.1,8.0,696.0,927.0,80.0,2001.0,8653.0,37463.0,148232.0,1979.0,7521.0,340.0,1484.0,2163.25,48,0.9249971108286144,0.0,0.0,21.0
2026-09-06,7,P11,Player 11,CM,31.15,MD+1,Recovery,Recovery,,41.0,2462.0,21.0,2.0,9.0,9.0,15.81,50.8,2.9,119.0,1102.0,79.0,2068.0,8694.0,37547.0,148210.0,1972.0,7516.0,341.0,1485.0,2173.5,49,0.9514607775477341,1.0,1.0,22.0
2026-09-07,8,P11,Player 11,CM,31.15,OFF,Off,Off,,0.0,0.0,0.0,0.0,0.0,0.0,0.0,0.0,0.0,0.0,913.0,77.0,2068.0,8694.0,37547.0,148210.0,1972.0,7516.0,341.0,1485.0,2173.5,50,0.9514607775477341,2.0,2.0,23.0
2026-09-08,8,P11,Player 11,CM,31.15,MD-4,Volume,Training,,76.0,7111.0,399.0,46.0,39.0,29.0,24.41,78.4,5.2,395.0,815.0,81.0,2137.0,8697.0,37289.0,148305.0,2032.0,7525.0,336.0,1477.0,2174.25,51,0.9828676555133954,3.0,3.0,24.0
2026-09-09,8,P11,Player 11,CM,31.15,MD-3,Speed / HSR,Training,,89.0,7863.0,505.0,124.0,43.0,39.0,27.88,89.5,5.8,516.0,514.0,87.0,2132.0,8677.0,36846.0,148036.0,1908.0,7397.0,371.0,1491.0,2169.25,52,0.9828281664169644,0.0,4.0,25.0
2026-09-10,8,P11,Player 11,CM,31.15,MD-2,Tactical,Training,,68.0,5969.0,317.0,38.0,28.0,35.0,24.66,79.2,5.1,347.0,911.0,81.0,2171.0,8712.0,37094.0,148107.0,1924.0,7495.0,370.0,1491.0,2178.0,53,0.9967860422405876,1.0,5.0,26.0
2026-09-11,8,P11,Player 11,CM,31.15,MD-1,Activation,Training,,43.0,3207.0,105.0,14.0,18.0,14.0,22.75,73.0,2.9,125.0,1258.0,75.0,2198.0,8747.0,37131.0,148482.0,1947.0,7495.0,370.0,1493.0,2186.75,54,1.0051446210129187,2.0,6.0,27.0
2026-09-12,8,P11,Player 11,CM,31.15,MD,Match,Top-up,Unused,45.0,5250.0,294.0,27.0,28.0,30.0,26.19,84.1,4.4,198.0,988.0,76.0,1700.0,8269.0,31862.0,141470.0,1641.0,7275.0,251.0,1374.0,2067.25,55,0.8223485306566695,3.0,7.0,28.0
2026-09-13,8,P11,Player 11,CM,31.15,MD+1,Recovery,Recovery,,31.0,2449.0,25.0,2.0,7.0,9.0,16.17,51.9,1.6,50.0,670.0,80.0,1631.0,8263.0,31849.0,141454.0,1645.0,7270.0,251.0,1375.0,2065.75,56,0.7895437492436161,4.0,8.0,29.0
2026-07-20,1,P12,Player 12,CM,32.22,OFF,Off,Off,,0.0,0.0,0.0,0.0,0.0,0.0,0.0,0.0,0.0,0.0,0.0,89.0,0.0,0.0,0.0,0.0,0.0,0.0,0.0,0.0,0.0,1,,,,
2026-07-21,1,P12,Player 12,CM,32.22,MD-4,Volume,Training,,77.0,7035.0,331.0,50.0,27.0,33.0,25.56,79.3,5.9,454.0,0.0,89.0,454.0,454.0,7035.0,7035.0,331.0,331.0,50.0,50.0,113.5,2,,,,
2026-07-22,1,P12,Player 12,CM,32.22,MD-3,Speed / HSR,Training,,90.0,8200.0,631.0,86.0,37.0,37.0,29.55,91.7,6.9,621.0,454.0,82.0,1075.0,1075.0,15235.0,15235.0,962.0,962.0,136.0,136.0,268.75,3,,0.0,0.0,
2026-07-23,1,P12,Player 12,CM,32.22,MD-2,Tactical,Training,,69.0,6368.0,283.0,31.0,27.0,29.0,24.35,75.6,3.9,269.0,1075.0,72.0,1344.0,1344.0,21603.0,21603.0,1245.0,1245.0,167.0,167.0,336.0,4,,1.0,1.0,
2026-07-24,1,P12,Player 12,CM,32.22,MD-1,Activation,Training,,42.0,3188.0,98.0,10.0,16.0,13.0,21.58,67.0,2.9,122.0,1344.0,79.0,1466.0,1466.0,24791.0,24791.0,1343.0,1343.0,177.0,177.0,366.5,5,,2.0,2.0,
2026-07-25,1,P12,Player 12,CM,32.22,MD,Match,Match,Starter,87.0,10711.0,637.0,100.0,35.0,43.0,30.3,94.0,8.0,696.0,1012.0,77.0,2162.0,2162.0,35502.0,35502.0,1980.0,1980.0,277.0,277.0,540.5,6,,0.0,0.0,
2026-07-26,1,P12,Player 12,CM,32.22,MD+1,Recovery,Recovery,,34.0,2306.0,33.0,1.0,8.0,8.0,15.27,47.4,0.6,20.0,1087.0,82.0,2182.0,2182.0,37808.0,37808.0,2013.0,2013.0,278.0,278.0,545.5,7,,1.0,1.0,
2026-07-27,2,P12,Player 12,CM,32.22,OFF,Off,Off,,0.0,0.0,0.0,0.0,0.0,0.0,0.0,0.0,0.0,0.0,838.0,79.0,2182.0,2182.0,37808.0,37808.0,2013.0,2013.0,278.0,278.0,545.5,8,,2.0,2.0,
2026-07-28,2,P12,Player 12,CM,32.22,MD-4,Volume,Training,,73.0,6303.0,285.0,45.0,34.0,30.0,23.23,72.1,5.1,372.0,716.0,79.0,2100.0,2554.0,37076.0,44111.0,1967.0,2298.0,273.0,323.0,638.5,9,,3.0,3.0,
2026-07-29,2,P12,Player 12,CM,32.22,MD-3,Speed / HSR,Training,,89.0,9960.0,519.0,111.0,45.0,41.0,28.86,89.6,6.5,578.0,392.0,85.0,2057.0,3132.0,38836.0,54071.0,1855.0,2817.0,298.0,434.0,783.0,10,,0.0,4.0,
2026-07-30,2,P12,Player 12,CM,32.22,MD-2,Tactical,Training,,71.0,5784.0,315.0,40.0,25.0,26.0,26.63,82.7,4.6,327.0,950.0,88.0,2115.0,3459.0,38252.0,59855.0,1887.0,3132.0,307.0,474.0,864.75,11,,1.0,5.0,
2026-07-31,2,P12,Player 12,CM,32.22,MD-1,Activation,Training,,41.0,2965.0,86.0,12.0,15.0,14.0,21.29,66.1,3.1,127.0,1277.0,80.0,2120.0,3586.0,38029.0,62820.0,1875.0,3218.0,309.0,486.0,896.5,12,,2.0,6.0,
2026-08-01,2,P12,Player 12,CM,32.22,MD,Match,Match,Sub,17.0,2172.0,136.0,21.0,8.0,10.0,26.8,83.2,6.1,104.0,1032.0,80.0,1528.0,3690.0,29490.0,64992.0,1374.0,3354.0,230.0,507.0,922.5,13,,3.0,7.0,
2026-08-02,2,P12,Player 12,CM,32.22,MD+1,Recovery,Recovery,,32.0,2404.0,34.0,1.0,9.0,7.0,17.84,55.4,1.7,54.0,558.0,85.0,1562.0,3744.0,29588.0,67396.0,1375.0,3388.0,230.0,508.0,936.0,14,,4.0,8.0,
2026-08-03,3,P12,Player 12,CM,32.22,OFF,Off,Off,,0.0,0.0,0.0,0.0,0.0,0.0,0.0,0.0,0.0,0.0,285.0,80.0,1562.0,3744.0,29588.0,67396.0,1375.0,3388.0,230.0,508.0,936.0,15,,5.0,9.0,
2026-08-04,3,P12,Player 12,CM,32.22,MD-4,Volume,Training,,85.0,6667.0,332.0,54.0,32.0,29.0,25.6,79.5,6.0,510.0,158.0,83.0,1700.0,4254.0,29952.0,74063.0,1422.0,3720.0,239.0,562.0,1063.5,16,,6.0,10.0,
2026-08-05,3,P12,Player 12,CM,32.22,MD-3,Speed / HSR,Training,,87.0,8283.0,559.0,112.0,36.0,32.0,30.52,94.7,6.9,600.0,564.0,75.0,1722.0,4854.0,28275.0,82346.0,1462.0,4279.0,240.0,674.0,1213.5,17,,0.0,0.0,
2026-08-06,3,P12,Player 12,CM,32.22,MD-2,Tactical,Training,,64.0,5798.0,276.0,26.0,29.0,25.0,26.29,81.6,5.8,371.0,1110.0,85.0,1766.0,5225.0,28289.0,88144.0,1423.0,4555.0,226.0,700.0,1306.25,18,,1.0,1.0,
2026-08-07,3,P12,Player 12,CM,32.22,MD-1,Activation,Training,,48.0,2983.0,95.0,13.0,14.0,13.0,23.87,74.1,2.4,115.0,1481.0,81.0,1754.0,5340.0,28307.0,91127.0,1432.0,4650.0,227.0,713.0,1335.0,19,,2.0,2.0,
2026-08-08,3,P12,Player 12,CM,32.22,MD,Match,Match,Starter,83.0,9050.0,599.0,103.0,33.0,36.0,29.43,91.3,8.8,730.0,1086.0,81.0,2380.0,6070.0,35185.0,100177.0,1895.0,5249.0,309.0,816.0,1517.5,20,,0.0,0.0,
2026-08-09,3,P12,Player 12,CM,32.22,MD+1,Recovery,Recovery,,29.0,2516.0,35.0,1.0,8.0,8.0,20.01,62.1,1.2,35.0,1216.0,79.0,2361.0,6105.0,35297.0,102693.0,1896.0,5284.0,309.0,817.0,1526.25,21,,1.0,1.0,
2026-08-10,4,P12,Player 12,CM,32.22,OFF,Off,Off,,0.0,0.0,0.0,0.0,0.0,0.0,0.0,0.0,0.0,0.0,880.0,76.0,2361.0,6105.0,35297.0,102693.0,1896.0,5284.0,309.0,817.0,1526.25,22,,2.0,2.0,
2026-08-11,4,P12,Player 12,CM,32.22,MD-4,Volume,Training,,73.0,7208.0,385.0,51.0,28.0,27.0,26.29,81.6,5.2,380.0,765.0,81.0,2231.0,6485.0,35838.0,109901.0,1949.0,5669.0,306.0,868.0,1621.25,23,,3.0,3.0,
2026-08-12,4,P12,Player 12,CM,32.22,MD-3,Speed / HSR,Training,,86.0,8391.0,540.0,96.0,34.0,35.0,28.48,88.4,5.5,473.0,415.0,90.0,2104.0,6958.0,35946.0,118292.0,1930.0,6209.0,290.0,964.0,1739.5,24,,0.0,4.0,
2026-08-13,4,P12,Player 12,CM,32.22,MD-2,Tactical,Training,,68.0,6058.0,339.0,43.0,28.0,23.0,23.96,74.4,4.7,320.0,853.0,82.0,2053.0,7278.0,36206.0,124350.0,1993.0,6548.0,307.0,1007.0,1819.5,25,,1.0,5.0,
2026-08-14,4,P12,Player 12,CM,32.22,MD-1,Activation,Training,,35.0,3376.0,103.0,11.0,13.0,14.0,20.9,64.9,2.0,70.0,1173.0,77.0,2008.0,7348.0,36599.0,127726.0,2001.0,6651.0,305.0,1018.0,1837.0,26,,2.0,6.0,
2026-08-15,4,P12,Player 12,CM,32.22,MD,Match,Top-up,Unused,55.0,5406.0,287.0,25.0,21.0,24.0,26.44,82.1,3.1,170.0,863.0,75.0,1448.0,7518.0,32955.0,133132.0,1689.0,6938.0,227.0,1043.0,1879.5,27,,3.0,7.0,
2026-08-16,4,P12,Player 12,CM,32.22,MD+1,Recovery,Recovery,,33.0,2785.0,20.0,1.0,8.0,7.0,18.74,58.1,2.3,76.0,560.0,88.0,1489.0,7594.0,33224.0,135917.0,1674.0,6958.0,227.0,1044.0,1898.5,28,0.784303397419015,4.0,8.0,
2026-08-17,5,P12,Player 12,CM,32.22,OFF,Off,Off,,0.0,0.0,0.0,0.0,0.0,0.0,0.0,0.0,0.0,0.0,316.0,85.0,1489.0,7594.0,33224.0,135917.0,1674.0,6958.0,227.0,1044.0,1898.5,29,0.784303397419015,5.0,9.0,
2026-08-18,5,P12,Player 12,CM,32.22,MD-4,Volume,Training,,73.0,6309.0,410.0,52.0,32.0,35.0,26.97,83.7,5.6,409.0,246.0,80.0,1518.0,7549.0,32325.0,135191.0,1699.0,7037.0,228.0,1046.0,1887.25,30,0.80434494635051,6.0,10.0,
2026-08-19,5,P12,Player 12,CM,32.22,MD-3,Speed / HSR,Training,,90.0,9014.0,583.0,100.0,40.0,38.0,28.04,87.0,6.2,558.0,485.0,81.0,1603.0,7486.0,32948.0,136005.0,1742.0,6989.0,232.0,1060.0,1871.5,31,0.8565321934277318,0.0,11.0,
2026-08-20,5,P12,Player 12,CM,32.22,MD-2,Tactical,Training,,69.0,6467.0,317.0,32.0,24.0,27.0,25.25,78.4,4.4,304.0,967.0,76.0,1587.0,7521.0,33357.0,136104.0,1720.0,7023.0,221.0,1061.0,1880.25,32,0.8440366972477065,1.0,12.0,
2026-08-21,5,P12,Player 12,CM,32.22,MD-1,Activation,Training,,41.0,3169.0,71.0,9.0,14.0,14.0,21.49,66.7,2.3,94.0,1271.0,77.0,1611.0,7493.0,33150.0,136085.0,1688.0,6996.0,219.0,1060.0,1873.25,33,0.8600026691578807,2.0,13.0,
2026-08-22,5,P12,Player 12,CM,32.22,MD,Match,Top-up,Unused,51.0,4938.0,326.0,38.0,29.0,24.0,25.97,80.6,4.3,219.0,956.0,81.0,1660.0,7016.0,32682.0,130312.0,1727.0,6685.0,232.0,998.0,1754.0,34,0.9464082098061574,3.0,14.0,
2026-08-23,5,P12,Player 12,CM,32.22,MD+1,Recovery,Recovery,,34.0,2539.0,33.0,1.0,9.0,8.0,17.46,54.2,2.3,78.0,617.0,81.0,1662.0,7074.0,32436.0,130545.0,1740.0,6685.0,232.0,998.0,1768.5,35,0.9397794741306191,4.0,15.0,
2026-08-24,6,P12,Player 12,CM,32.22,OFF,Off,Off,,0.0,0.0,0.0,0.0,0.0,0.0,0.0,0.0,0.0,0.0,391.0,87.0,1662.0,7074.0,32436.0,130545.0,1740.0,6685.0,232.0,998.0,1768.5,36,0.9397794741306191,5.0,16.0,
2026-08-25,6,P12,Player 12,CM,32.22,MD-4,Volume,Training,,68.0,8010.0,323.0,57.0,26.0,28.0,23.29,72.3,5.4,367.0,297.0,86.0,1620.0,7069.0,34137.0,132252.0,1653.0,6723.0,237.0,1010.0,1767.25,37,0.9166784552270477,6.0,17.0,
2026-08-26,6,P12,Player 12,CM,32.22,MD-3,Speed / HSR,Training,,93.0,8487.0,583.0,119.0,30.0,39.0,32.86,102.0,6.3,586.0,445.0,88.0,1648.0,7077.0,33610.0,130779.0,1653.0,6787.0,256.0,1018.0,1769.25,38,0.9314681362159107,0.0,0.0,0.0
2026-08-27,6,P12,Player 12,CM,32.22,MD-2,Tactical,Training,,74.0,6441.0,326.0,35.0,29.0,26.0,24.06,74.7,4.8,355.0,953.0,79.0,1699.0,7105.0,33584.0,131436.0,1662.0,6798.0,259.0,1013.0,1776.25,39,0.9565095003518649,1.0,1.0,1.0
2026-08-28,6,P12,Player 12,CM,32.22,MD-1,Activation,Training,,42.0,3090.0,85.0,12.0,17.0,14.0,22.31,69.2,3.2,134.0,1308.0,87.0,1739.0,7112.0,33505.0,131561.0,1676.0,6797.0,262.0,1013.0,1778.0,40,0.9780652418447694,2.0,2.0,2.0
2026-08-29,6,P12,Player 12,CM,32.22,MD,Match,Match,Starter,87.0,10284.0,728.0,125.0,30.0,28.0,32.04,99.5,9.3,809.0,1075.0,78.0,2329.0,7817.0,38851.0,139673.0,2078.0,7389.0,349.0,1117.0,1954.25,41,1.1917615453498784,0.0,0.0,0.0
2026-08-30,6,P12,Player 12,CM,32.22,MD+1,Recovery,Recovery,,29.0,2501.0,25.0,2.0,7.0,8.0,19.02,59.0,0.5,14.0,1298.0,75.0,2265.0,7777.0,38813.0,139770.0,2070.0,7380.0,350.0,1118.0,1944.25,42,1.164973640221165,1.0,1.0,1.0
2026-08-31,7,P12,Player 12,CM,32.22,OFF,Off,Off,,0.0,0.0,0.0,0.0,0.0,0.0,0.0,0.0,0.0,0.0,957.0,77.0,2265.0,7777.0,38813.0,139770.0,2070.0,7380.0,350.0,1118.0,1944.25,43,1.164973640221165,2.0,2.0,2.0
2026-09-01,7,P12,Player 12,CM,32.22,MD-4,Volume,Training,,80.0,6543.0,401.0,42.0,34.0,27.0,25.01,77.6,5.4,432.0,823.0,81.0,2330.0,7699.0,37346.0,139646.0,2148.0,7449.0,335.0,1106.0,1924.75,44,1.2105468242628912,3.0,3.0,3.0
2026-09-02,7,P12,Player 12,CM,32.22,MD-3,Speed / HSR,Training,,83.0,8662.0,587.0,122.0,39.0,38.0,28.01,86.9,6.7,556.0,446.0,79.0,2300.0,7655.0,37521.0,140025.0,2152.0,7477.0,338.0,1116.0,1913.75,45,1.201828870019595,0.0,4.0,4.0
2026-09-03,7,P12,Player 12,CM,32.22,MD-2,Tactical,Training,,68.0,6396.0,274.0,28.0,25.0,29.0,26.39,81.9,4.2,286.0,988.0,81.0,2231.0,7570.0,37476.0,140623.0,2100.0,7475.0,331.0,1118.0,1892.5,46,1.1788639365918099,1.0,5.0,5.0
2026-09-04,7,P12,Player 12,CM,32.22,MD-1,Activation,Training,,38.0,2969.0,107.0,9.0,15.0,14.0,22.98,71.3,2.9,110.0,1274.0,72.0,2207.0,7565.0,37355.0,140609.0,2122.0,7487.0,328.0,1114.0,1891.25,47,1.166953073364177,2.0,6.0,6.0
2026-09-05,7,P12,Player 12,CM,32.22,MD,Match,Top-up,Unused,50.0,5752.0,234.0,36.0,24.0,24.0,27.81,86.3,5.4,270.0,952.0,81.0,1668.0,7105.0,32823.0,137311.0,1628.0,7122.0,239.0,1047.0,1776.25,48,0.9390570021111893,0.0,7.0,7.0
2026-09-06,7,P12,Player 12,CM,32.22,MD+1,Recovery,Recovery,,30.0,2518.0,28.0,1.0,9.0,8.0,17.09,53.0,2.5,75.0,666.0,78.0,1729.0,7145.0,32840.0,137313.0,1631.0,7115.0,238.0,1047.0,1786.25,49,0.9679496151154654,1.0,8.0,8.0
2026-09-07,8,P12,Player 12,CM,32.22,OFF,Off,Off,,0.0,0.0,0.0,0.0,0.0,0.0,0.0,0.0,0.0,0.0,455.0,83.0,1729.0,7145.0,32840.0,137313.0,1631.0,7115.0,238.0,1047.0,1786.25,50,0.9679496151154654,2.0,9.0,9.0
2026-09-08,8,P12,Player 12,CM,32.22,MD-4,Volume,Training,,86.0,6042.0,357.0,53.0,29.0,30.0,26.15,81.2,5.3,456.0,345.0,87.0,1753.0,7221.0,32339.0,136147.0,1587.0,7087.0,249.0,1049.0,1805.25,51,0.9710566403545215,3.0,10.0,10.0
2026-09-09,8,P12,Player 12,CM,32.22,MD-3,Speed / HSR,Training,,90.0,7359.0,525.0,81.0,39.0,30.0,29.68,92.1,7.4,666.0,531.0,91.0,1863.0,7414.0,31036.0,135115.0,1525.0,7072.0,208.0,1034.0,1853.5,52,1.0051254383598598,0.0,0.0,11.0
2026-09-10,8,P12,Player 12,CM,32.22,MD-2,Tactical,Training,,67.0,6490.0,301.0,39.0,27.0,25.0,25.45,79.0,4.1,275.0,1122.0,76.0,1852.0,7369.0,31130.0,135547.0,1552.0,7034.0,219.0,1030.0,1842.25,53,1.005292441308183,1.0,1.0,12.0
2026-09-11,8,P12,Player 12,CM,32.22,MD-1,Activation,Training,,37.0,2807.0,109.0,11.0,13.0,14.0,22.96,71.3,2.6,96.0,1397.0,76.0,1838.0,7395.0,30968.0,134978.0,1554.0,7040.0,221.0,1030.0,1848.75,54,0.994185260311021,2.0,2.0,13.0
2026-09-12,8,P12,Player 12,CM,32.22,MD,Match,Top-up,Unused,48.0,5061.0,286.0,35.0,23.0,21.0,26.9,83.5,5.0,240.0,1037.0,77.0,1808.0,7465.0,30277.0,134633.0,1606.0,7039.0,220.0,1040.0,1866.25,55,0.9687876758204956,3.0,3.0,14.0
2026-09-13,8,P12,Player 12,CM,32.22,MD+1,Recovery,Recovery,,35.0,2219.0,28.0,1.0,7.0,7.0,17.55,54.5,1.3,46.0,611.0,80.0,1779.0,7435.0,29978.0,134067.0,1606.0,7047.0,220.0,1040.0,1858.75,56,0.9570948217888365,4.0,4.0,15.0
2026-07-20,1,P13,Player 13,CM,31.76,OFF,Off,Off,,0.0,0.0,0.0,0.0,0.0,0.0,0.0,0.0,0.0,0.0,0.0,86.0,0.0,0.0,0.0,0.0,0.0,0.0,0.0,0.0,0.0,1,,,,
2026-07-21,1,P13,Player 13,CM,31.76,MD-4,Volume,Training,,81.0,8282.0,372.0,37.0,33.0,30.0,24.83,78.2,6.1,494.0,0.0,91.0,494.0,494.0,8282.0,8282.0,372.0,372.0,37.0,37.0,123.5,2,,,,
2026-07-22,1,P13,Player 13,CM,31.76,MD-3,Speed / HSR,Training,,89.0,9372.0,518.0,140.0,47.0,37.0,28.23,88.9,7.2,641.0,494.0,82.0,1135.0,1135.0,17654.0,17654.0,890.0,890.0,177.0,177.0,283.75,3,,0.0,,
2026-07-23,1,P13,Player 13,CM,31.76,MD-2,Tactical,Training,,72.0,6102.0,297.0,40.0,31.0,26.0,25.08,79.0,4.3,310.0,1135.0,86.0,1445.0,1445.0,23756.0,23756.0,1187.0,1187.0,217.0,217.0,361.25,4,,1.0,,
2026-07-24,1,P13,Player 13,CM,31.76,MD-1,Activation,Training,,38.0,3537.0,93.0,12.0,18.0,15.0,24.52,77.2,2.5,95.0,1445.0,78.0,1540.0,1540.0,27293.0,27293.0,1280.0,1280.0,229.0,229.0,385.0,5,,2.0,,
2026-07-25,1,P13,Player 13,CM,31.76,MD,Match,Match,Sub,26.0,3877.0,213.0,40.0,17.0,18.0,28.89,91.0,8.0,208.0,1046.0,76.0,1748.0,1748.0,31170.0,31170.0,1493.0,1493.0,269.0,269.0,437.0,6,,0.0,0.0,
2026-07-26,1,P13,Player 13,CM,31.76,MD+1,Recovery,Recovery,,37.0,2536.0,27.0,1.0,8.0,10.0,18.38,57.9,1.9,70.0,613.0,82.0,1818.0,1818.0,33706.0,33706.0,1520.0,1520.0,270.0,270.0,454.5,7,,1.0,1.0,
2026-07-27,2,P13,Player 13,CM,31.76,OFF,Off,Off,,0.0,0.0,0.0,0.0,0.0,0.0,0.0,0.0,0.0,0.0,373.0,82.0,1818.0,1818.0,33706.0,33706.0,1520.0,1520.0,270.0,270.0,454.5,8,,2.0,2.0,
2026-07-28,2,P13,Player 13,CM,31.76,MD-4,Volume,Training,,77.0,8424.0,282.0,45.0,39.0,35.0,26.03,82.0,5.3,408.0,278.0,88.0,1732.0,2226.0,33848.0,42130.0,1430.0,1802.0,278.0,315.0,556.5,9,,3.0,3.0,
2026-07-29,2,P13,Player 13,CM,31.76,MD-3,Speed / HSR,Training,,88.0,9130.0,518.0,121.0,34.0,42.0,29.72,93.6,6.3,554.0,478.0,79.0,1645.0,2780.0,33606.0,51260.0,1430.0,2320.0,259.0,436.0,695.0,10,,0.0,0.0,
2026-07-30,2,P13,Player 13,CM,31.76,MD-2,Tactical,Training,,64.0,6483.0,240.0,49.0,31.0,30.0,25.27,79.6,4.3,275.0,962.0,76.0,1610.0,3055.0,33987.0,57743.0,1373.0,2560.0,268.0,485.0,763.75,11,,1.0,1.0,
2026-07-31,2,P13,Player 13,CM,31.76,MD-1,Activation,Training,,39.0,3723.0,124.0,13.0,17.0,15.0,20.22,63.7,2.2,86.0,1237.0,76.0,1601.0,3141.0,34173.0,61466.0,1404.0,2684.0,269.0,498.0,785.25,12,,2.0,2.0,
2026-08-01,2,P13,Player 13,CM,31.76,MD,Match,Top-up,Unused,56.0,5462.0,243.0,29.0,23.0,26.0,27.34,86.1,4.1,230.0,915.0,83.0,1623.0,3371.0,35758.0,66928.0,1434.0,2927.0,258.0,527.0,842.75,13,,0.0,3.0,
2026-08-02,2,P13,Player 13,CM,31.76,MD+1,Recovery,Recovery,,30.0,2351.0,27.0,2.0,8.0,9.0,18.1,57.0,1.2,36.0,591.0,87.0,1589.0,3407.0,35573.0,69279.0,1434.0,2954.0,259.0,529.0,851.75,14,,1.0,4.0,
2026-08-03,3,P13,Player 13,CM,31.76,OFF,Off,Off,,0.0,0.0,0.0,0.0,0.0,0.0,0.0,0.0,0.0,0.0,352.0,90.0,1589.0,3407.0,35573.0,69279.0,1434.0,2954.0,259.0,529.0,851.75,15,,2.0,5.0,
2026-08-04,3,P13,Player 13,CM,31.76,MD-4,Volume,Training,,84.0,6926.0,340.0,49.0,30.0,34.0,25.41,80.0,5.9,496.0,266.0,88.0,1677.0,3903.0,34075.0,76205.0,1492.0,3294.0,263.0,578.0,975.75,16,,3.0,6.0,
2026-08-05,3,P13,Player 13,CM,31.76,MD-3,Speed / HSR,Training,,91.0,7987.0,585.0,135.0,36.0,41.0,29.09,91.6,7.5,682.0,532.0,83.0,1805.0,4585.0,32932.0,84192.0,1559.0,3879.0,277.0,713.0,1146.25,17,,0.0,0.0,
2026-08-06,3,P13,Player 13,CM,31.76,MD-2,Tactical,Training,,69.0,6015.0,280.0,46.0,27.0,27.0,26.27,82.7,4.6,317.0,1178.0,81.0,1847.0,4902.0,32464.0,90207.0,1599.0,4159.0,274.0,759.0,1225.5,18,,1.0,1.0,
2026-08-07,3,P13,Player 13,CM,31.76,MD-1,Activation,Training,,48.0,3547.0,88.0,13.0,16.0,18.0,21.62,68.1,2.6,125.0,1495.0,72.0,1886.0,5027.0,32288.0,93754.0,1563.0,4247.0,274.0,772.0,1256.75,19,,2.0,2.0,
2026-08-08,3,P13,Player 13,CM,31.76,MD,Match,Match,Starter,91.0,10896.0,642.0,101.0,44.0,50.0,31.09,97.9,7.9,719.0,1124.0,73.0,2375.0,5746.0,37722.0,104650.0,1962.0,4889.0,346.0,873.0,1436.5,20,,0.0,0.0,0.0
2026-08-09,3,P13,Player 13,CM,31.76,MD+1,Recovery,Recovery,,35.0,2384.0,25.0,1.0,9.0,10.0,17.97,56.6,1.6,56.0,1161.0,80.0,2395.0,5802.0,37755.0,107034.0,1960.0,4914.0,345.0,874.0,1450.5,21,,1.0,1.0,1.0
2026-08-10,4,P13,Player 13,CM,31.76,OFF,Off,Off,,0.0,0.0,0.0,0.0,0.0,0.0,0.0,0.0,0.0,0.0,900.0,78.0,2395.0,5802.0,37755.0,107034.0,1960.0,4914.0,345.0,874.0,1450.5,22,,2.0,2.0,2.0
2026-08-11,4,P13,Player 13,CM,31.76,MD-4,Volume,Training,,70.0,7539.0,266.0,41.0,38.0,40.0,24.06,75.7,5.0,350.0,775.0,82.0,2249.0,6152.0,38368.0,114573.0,1886.0,5180.0,337.0,915.0,1538.0,23,,3.0,3.0,3.0
2026-08-12,4,P13,Player 13,CM,31.76,MD-3,Speed / HSR,Training,,89.0,9100.0,680.0,111.0,42.0,43.0,28.94,91.1,6.8,605.0,406.0,85.0,2172.0,6757.0,39481.0,123673.0,1981.0,5860.0,313.0,1026.0,1689.25,24,,0.0,0.0,4.0
2026-08-13,4,P13,Player 13,CM,31.76,MD-2,Tactical,Training,,65.0,6100.0,286.0,34.0,26.0,29.0,25.65,80.8,5.0,325.0,955.0,81.0,2180.0,7082.0,39566.0,129773.0,1987.0,6146.0,301.0,1060.0,1770.5,25,,1.0,1.0,5.0
2026-08-14,4,P13,Player 13,CM,31.76,MD-1,Activation,Training,,41.0,3647.0,88.0,11.0,19.0,17.0,22.61,71.2,2.4,98.0,1280.0,81.0,2153.0,7180.0,39666.0,133420.0,1987.0,6234.0,299.0,1071.0,1795.0,26,,2.0,2.0,6.0
2026-08-15,4,P13,Player 13,CM,31.76,MD,Match,Match,Starter,96.0,12322.0,618.0,188.0,46.0,47.0,30.57,96.3,9.6,922.0,1028.0,82.0,2356.0,8102.0,41092.0,145742.0,1963.0,6852.0,386.0,1259.0,2025.5,27,,0.0,0.0,0.0
2026-08-16,4,P13,Player 13,CM,31.76,MD+1,Recovery,Recovery,,34.0,2477.0,26.0,1.0,8.0,8.0,17.75,55.9,2.3,78.0,1345.0,78.0,2378.0,8180.0,41185.0,148219.0,1964.0,6878.0,386.0,1260.0,2045.0,28,1.162836185819071,1.0,1.0,1.0
2026-08-17,5,P13,Player 13,CM,31.76,OFF,Off,Off,,0.0,0.0,0.0,0.0,0.0,0.0,0.0,0.0,0.0,0.0,1098.0,78.0,2378.0,8180.0,41185.0,148219.0,1964.0,6878.0,386.0,1260.0,2045.0,29,1.162836185819071,2.0,2.0,2.0
2026-08-18,5,P13,Player 13,CM,31.76,MD-4,Volume,Training,,74.0,8236.0,364.0,45.0,31.0,35.0,23.55,74.2,5.6,414.0,1000.0,80.0,2442.0,8100.0,41882.0,148173.0,2062.0,6870.0,390.0,1268.0,2025.0,30,1.2059259259259258,3.0,3.0,3.0
2026-08-19,5,P13,Player 13,CM,31.76,MD-3,Speed / HSR,Training,,88.0,8633.0,665.0,132.0,46.0,42.0,29.31,92.3,5.8,510.0,492.0,82.0,2347.0,7969.0,41415.0,147434.0,2047.0,7017.0,411.0,1260.0,1992.25,31,1.1780650018822938,0.0,0.0,4.0
2026-08-20,5,P13,Player 13,CM,31.76,MD-2,Tactical,Training,,74.0,6527.0,320.0,29.0,29.0,31.0,23.39,73.7,4.0,296.0,924.0,80.0,2318.0,7955.0,41842.0,147859.0,2081.0,7040.0,406.0,1249.0,1988.75,32,1.165556253928347,1.0,1.0,5.0
2026-08-21,5,P13,Player 13,CM,31.76,MD-1,Activation,Training,,39.0,3485.0,97.0,13.0,16.0,14.0,21.54,67.8,2.4,94.0,1220.0,87.0,2314.0,7954.0,41680.0,147807.0,2090.0,7044.0,408.0,1250.0,1988.5,33,1.1636912245411113,2.0,2.0,6.0
2026-08-22,5,P13,Player 13,CM,31.76,MD,Match,Top-up,Unused,45.0,5177.0,299.0,41.0,25.0,23.0,26.3,82.8,5.3,238.0,900.0,81.0,1630.0,7984.0,34535.0,149107.0,1771.0,7130.0,261.0,1251.0,1996.0,34,0.8166332665330661,3.0,3.0,7.0
2026-08-23,5,P13,Player 13,CM,31.76,MD+1,Recovery,Recovery,,41.0,2878.0,30.0,2.0,8.0,9.0,19.33,60.9,2.1,86.0,628.0,84.0,1638.0,8000.0,34936.0,149449.0,1775.0,7133.0,262.0,1252.0,2000.0,35,0.819,4.0,4.0,8.0
2026-08-24,6,P13,Player 13,CM,31.76,OFF,Off,Off,,0.0,0.0,0.0,0.0,0.0,0.0,0.0,0.0,0.0,0.0,418.0,82.0,1638.0,8000.0,34936.0,149449.0,1775.0,7133.0,262.0,1252.0,2000.0,36,0.819,5.0,5.0,9.0
2026-08-25,6,P13,Player 13,CM,31.76,MD-4,Volume,Training,,74.0,6794.0,285.0,54.0,35.0,40.0,24.65,77.6,5.3,392.0,324.0,89.0,1616.0,7984.0,33494.0,147819.0,1696.0,7136.0,271.0,1261.0,1996.0,37,0.8096192384769539,6.0,6.0,10.0
2026-08-26,6,P13,Player 13,CM,31.76,MD-3,Speed / HSR,Training,,88.0,9419.0,677.0,141.0,32.0,44.0,32.08,101.0,6.8,598.0,478.0,87.0,1704.0,8028.0,34280.0,148108.0,1708.0,7295.0,280.0,1281.0,2007.0,38,0.8490284005979073,0.0,0.0,0.0
2026-08-27,6,P13,Player 13,CM,31.76,MD-2,Tactical,Training,,71.0,7323.0,324.0,45.0,29.0,30.0,23.97,75.5,3.4,241.0,990.0,83.0,1649.0,7994.0,35076.0,148948.0,1712.0,7379.0,296.0,1277.0,1998.5,39,0.825118839129347,1.0,1.0,1.0
2026-08-28,6,P13,Player 13,CM,31.76,MD-1,Activation,Training,,37.0,3917.0,119.0,7.0,15.0,15.0,21.94,69.1,2.3,85.0,1231.0,79.0,1640.0,7993.0,35508.0,149142.0,1734.0,7374.0,290.0,1271.0,1998.25,40,0.8207181283623171,2.0,2.0,2.0
2026-08-29,6,P13,Player 13,CM,31.76,MD,Match,Top-up,Unused,60.0,5273.0,222.0,35.0,25.0,23.0,27.88,87.8,6.0,360.0,924.0,84.0,1762.0,8123.0,35604.0,148953.0,1657.0,7353.0,284.0,1277.0,2030.75,41,0.8676597316262464,0.0,3.0,3.0
2026-08-30,6,P13,Player 13,CM,31.76,MD+1,Recovery,Recovery,,42.0,2450.0,27.0,2.0,9.0,9.0,18.58,58.5,2.1,88.0,686.0,87.0,1764.0,8175.0,35176.0,149052.0,1654.0,7353.0,284.0,1277.0,2043.75,42,0.8631192660550459,1.0,4.0,4.0
2026-08-31,7,P13,Player 13,CM,31.76,OFF,Off,Off,,0.0,0.0,0.0,0.0,0.0,0.0,0.0,0.0,0.0,0.0,533.0,85.0,1764.0,8175.0,35176.0,149052.0,1654.0,7353.0,284.0,1277.0,2043.75,43,0.8631192660550459,2.0,5.0,5.0
2026-09-01,7,P13,Player 13,CM,31.76,MD-4,Volume,Training,,83.0,8203.0,343.0,61.0,32.0,38.0,24.36,76.7,5.5,456.0,448.0,84.0,1828.0,8135.0,36585.0,150329.0,1712.0,7356.0,291.0,1289.0,2033.75,44,0.8988322065150584,3.0,6.0,6.0
2026-09-02,7,P13,Player 13,CM,31.76,MD-3,Speed / HSR,Training,,87.0,8848.0,636.0,110.0,46.0,47.0,30.06,94.6,5.8,505.0,544.0,87.0,1735.0,7958.0,36014.0,151190.0,1671.0,7407.0,260.0,1264.0,1989.5,45,0.8720784116612215,0.0,0.0,7.0
2026-09-03,7,P13,Player 13,CM,31.76,MD-2,Tactical,Training,,75.0,6523.0,267.0,39.0,29.0,27.0,25.1,79.0,4.6,345.0,961.0,77.0,1839.0,7986.0,35214.0,151698.0,1614.0,7394.0,254.0,1257.0,1996.5,46,0.9211119459053343,1.0,1.0,8.0
2026-09-04,7,P13,Player 13,CM,31.76,MD-1,Activation,Training,,40.0,3208.0,100.0,11.0,11.0,17.0,21.08,66.4,2.9,116.0,1306.0,75.0,1870.0,7977.0,34505.0,151359.0,1595.0,7406.0,258.0,1255.0,1994.25,47,0.9376958756424721,2.0,2.0,9.0
2026-09-05,7,P13,Player 13,CM,31.76,MD,Match,Match,Starter,84.0,10838.0,452.0,142.0,39.0,43.0,28.3,89.1,8.7,731.0,966.0,80.0,2241.0,7989.0,40070.0,151301.0,1825.0,7216.0,365.0,1296.0,1997.25,48,1.1220428088621854,0.0,3.0,10.0
2026-09-06,7,P13,Player 13,CM,31.76,MD+1,Recovery,Recovery,,31.0,2554.0,22.0,1.0,8.0,9.0,15.58,49.0,2.1,65.0,1192.0,73.0,2218.0,7998.0,40174.0,151471.0,1820.0,7213.0,364.0,1296.0,1999.5,49,1.1092773193298324,1.0,4.0,11.0
2026-09-07,8,P13,Player 13,CM,31.76,OFF,Off,Off,,0.0,0.0,0.0,0.0,0.0,0.0,0.0,0.0,0.0,0.0,912.0,83.0,2218.0,7998.0,40174.0,151471.0,1820.0,7213.0,364.0,1296.0,1999.5,50,1.1092773193298324,2.0,5.0,12.0
2026-09-08,8,P13,Player 13,CM,31.76,MD-4,Volume,Training,,84.0,7577.0,396.0,45.0,31.0,33.0,24.12,75.9,5.5,462.0,796.0,79.0,2224.0,8110.0,39548.0,151509.0,1873.0,7343.0,348.0,1300.0,2027.5,51,1.09691738594328,3.0,6.0,13.0
2026-09-09,8,P13,Player 13,CM,31.76,MD-3,Speed / HSR,Training,,95.0,7821.0,585.0,105.0,36.0,41.0,30.58,96.3,6.8,646.0,527.0,82.0,2365.0,8151.0,38521.0,150230.0,1822.0,7248.0,343.0,1294.0,2037.75,52,1.1605937921727396,0.0,0.0,0.0
2026-09-10,8,P13,Player 13,CM,31.76,MD-2,Tactical,Training,,74.0,6110.0,226.0,30.0,24.0,31.0,23.81,75.0,4.6,340.0,1108.0,78.0,2360.0,8166.0,38108.0,150240.0,1781.0,7188.0,334.0,1290.0,2041.5,53,1.1560127357335293,1.0,1.0,1.0
2026-09-11,8,P13,Player 13,CM,31.76,MD-1,Activation,Training,,38.0,3898.0,103.0,11.0,15.0,17.0,20.98,66.0,2.8,106.0,1448.0,77.0,2350.0,8174.0,38798.0,150491.0,1784.0,7203.0,334.0,1290.0,2043.5,54,1.1499877660875948,2.0,2.0,2.0
2026-09-12,8,P13,Player 13,CM,31.76,MD,Match,Match,Starter,88.0,11362.0,797.0,131.0,51.0,43.0,31.4,98.9,9.3,818.0,1092.0,78.0,2437.0,8070.0,39322.0,149531.0,2129.0,7382.0,323.0,1233.0,2017.5,55,1.2079306071871128,0.0,0.0,0.0
2026-09-13,8,P13,Player 13,CM,31.76,MD+1,Recovery,Recovery,,34.0,2476.0,24.0,2.0,9.0,8.0,17.63,55.5,1.2,41.0,1264.0,78.0,2413.0,8033.0,39244.0,149530.0,2131.0,7380.0,324.0,1234.0,2008.25,56,1.201543632515872,1.0,1.0,1.0
2026-07-20,1,P14,Player 14,CM,33.0,OFF,Off,Off,,0.0,0.0,0.0,0.0,0.0,0.0,0.0,0.0,0.0,0.0,0.0,88.0,0.0,0.0,0.0,0.0,0.0,0.0,0.0,0.0,0.0,1,,,,
2026-07-21,1,P14,Player 14,CM,33.0,MD-4,Volume,Training,,81.0,6712.0,308.0,42.0,29.0,30.0,26.76,81.1,5.9,478.0,0.0,87.0,478.0,478.0,6712.0,6712.0,308.0,308.0,42.0,42.0,119.5,2,,,,
2026-07-22,1,P14,Player 14,CM,33.0,MD-3,Speed / HSR,Training,,87.0,9446.0,549.0,131.0,41.0,41.0,32.17,97.5,6.2,539.0,478.0,82.0,1017.0,1017.0,16158.0,16158.0,857.0,857.0,173.0,173.0,254.25,3,,0.0,0.0,0.0
2026-07-23,1,P14,Player 14,CM,33.0,MD-2,Tactical,Training,,65.0,5303.0,306.0,34.0,26.0,28.0,27.37,82.9,3.0,195.0,1017.0,83.0,1212.0,1212.0,21461.0,21461.0,1163.0,1163.0,207.0,207.0,303.0,4,,1.0,1.0,1.0
2026-07-24,1,P14,Player 14,CM,33.0,MD-1,Activation,Training,,39.0,3324.0,82.0,9.0,16.0,16.0,22.38,67.8,3.2,125.0,1212.0,72.0,1337.0,1337.0,24785.0,24785.0,1245.0,1245.0,216.0,216.0,334.25,5,,2.0,2.0,2.0
2026-07-25,1,P14,Player 14,CM,33.0,MD,Match,Match,Starter,96.0,12652.0,778.0,154.0,51.0,43.0,32.16,97.5,7.5,720.0,859.0,80.0,2057.0,2057.0,37437.0,37437.0,2023.0,2023.0,370.0,370.0,514.25,6,,0.0,0.0,0.0
2026-07-26,1,P14,Player 14,CM,33.0,MD+1,Recovery,Recovery,,32.0,2359.0,20.0,1.0,9.0,7.0,17.39,52.7,1.1,35.0,1040.0,78.0,2092.0,2092.0,39796.0,39796.0,2043.0,2043.0,371.0,371.0,523.0,7,,1.0,1.0,1.0
2026-07-27,2,P14,Player 14,CM,33.0,OFF,Off,Off,,0.0,0.0,0.0,0.0,0.0,0.0,0.0,0.0,0.0,0.0,880.0,82.0,2092.0,2092.0,39796.0,39796.0,2043.0,2043.0,371.0,371.0,523.0,8,,2.0,2.0,2.0
2026-07-28,2,P14,Player 14,CM,33.0,MD-4,Volume,Training,,79.0,7441.0,316.0,47.0,29.0,33.0,26.61,80.6,4.8,379.0,755.0,77.0,1993.0,2471.0,40525.0,47237.0,2051.0,2359.0,376.0,418.0,617.75,9,,3.0,3.0,3.0
2026-07-29,2,P14,Player 14,CM,33.0,MD-3,Speed / HSR,Training,,82.0,9196.0,605.0,96.0,39.0,34.0,29.18,88.4,6.1,500.0,414.0,83.0,1954.0,2971.0,40275.0,56433.0,2107.0,2964.0,341.0,514.0,742.75,10,,0.0,4.0,4.0
2026-07-30,2,P14,Player 14,CM,33.0,MD-2,Tactical,Training,,73.0,5800.0,291.0,40.0,27.0,26.0,24.69,74.8,3.8,277.0,879.0,81.0,2036.0,3248.0,40772.0,62233.0,2092.0,3255.0,347.0,554.0,812.0,11,,1.0,5.0,5.0
2026-07-31,2,P14,Player 14,CM,33.0,MD-1,Activation,Training,,40.0,2973.0,114.0,11.0,16.0,15.0,22.9,69.4,3.2,128.0,1156.0,82.0,2039.0,3376.0,40421.0,65206.0,2124.0,3369.0,349.0,565.0,844.0,12,,2.0,6.0,6.0
2026-08-01,2,P14,Player 14,CM,33.0,MD,Match,Match,Starter,86.0,11087.0,431.0,149.0,39.0,45.0,31.63,95.9,9.2,791.0,905.0,82.0,2110.0,4167.0,38856.0,76293.0,1777.0,3800.0,344.0,714.0,1041.75,13,,0.0,0.0,0.0
2026-08-02,2,P14,Player 14,CM,33.0,MD+1,Recovery,Recovery,,37.0,2565.0,35.0,1.0,8.0,9.0,19.1,57.9,1.5,56.0,1196.0,75.0,2131.0,4223.0,39062.0,78858.0,1792.0,3835.0,344.0,715.0,1055.75,14,,1.0,1.0,1.0
2026-08-03,3,P14,Player 14,CM,33.0,OFF,Off,Off,,0.0,0.0,0.0,0.0,0.0,0.0,0.0,0.0,0.0,0.0,975.0,79.0,2131.0,4223.0,39062.0,78858.0,1792.0,3835.0,344.0,715.0,1055.75,15,,2.0,2.0,2.0
2026-08-04,3,P14,Player 14,CM,33.0,MD-4,Volume,Training,,83.0,6895.0,341.0,46.0,31.0,34.0,26.3,79.7,4.6,382.0,847.0,84.0,2134.0,4605.0,38516.0,85753.0,1817.0,4176.0,343.0,761.0,1151.25,16,,3.0,3.0,3.0
2026-08-05,3,P14,Player 14,CM,33.0,MD-3,Speed / HSR,Training,,96.0,7599.0,753.0,93.0,44.0,43.0,29.21,88.5,6.7,643.0,438.0,81.0,2277.0,5248.0,36919.0,93352.0,1965.0,4929.0,340.0,854.0,1312.0,17,,0.0,4.0,4.0
2026-08-06,3,P14,Player 14,CM,33.0,MD-2,Tactical,Training,,62.0,5444.0,334.0,38.0,26.0,27.0,26.09,79.0,4.8,298.0,1025.0,80.0,2298.0,5546.0,36563.0,98796.0,2008.0,5263.0,338.0,892.0,1386.5,18,,1.0,5.0,5.0
2026-08-07,3,P14,Player 14,CM,33.0,MD-1,Activation,Training,,44.0,3471.0,83.0,12.0,16.0,13.0,24.5,74.2,3.9,172.0,1323.0,77.0,2342.0,5718.0,37061.0,102267.0,1977.0,5346.0,339.0,904.0,1429.5,19,,2.0,6.0,6.0
2026-08-08,3,P14,Player 14,CM,33.0,MD,Match,Top-up,Unused,56.0,4534.0,229.0,36.0,30.0,26.0,27.01,81.9,3.4,190.0,1113.0,78.0,1741.0,5908.0,30508.0,106801.0,1775.0,5575.0,226.0,940.0,1477.0,20,,3.0,7.0,7.0
2026-08-09,3,P14,Player 14,CM,33.0,MD+1,Recovery,Recovery,,44.0,2353.0,25.0,1.0,9.0,9.0,20.94,63.5,1.0,44.0,660.0,91.0,1729.0,5952.0,30296.0,109154.0,1765.0,5600.0,226.0,941.0,1488.0,21,,4.0,8.0,8.0
2026-08-10,4,P14,Player 14,CM,33.0,OFF,Off,Off,,0.0,0.0,0.0,0.0,0.0,0.0,0.0,0.0,0.0,0.0,406.0,83.0,1729.0,5952.0,30296.0,109154.0,1765.0,5600.0,226.0,941.0,1488.0,22,,5.0,9.0,9.0
2026-08-11,4,P14,Player 14,CM,33.0,MD-4,Volume,Training,,78.0,7937.0,330.0,39.0,38.0,31.0,27.23,82.5,4.3,335.0,234.0,88.0,1682.0,6287.0,31338.0,117091.0,1754.0,5930.0,219.0,980.0,1571.75,23,,6.0,10.0,10.0
2026-08-12,4,P14,Player 14,CM,33.0,MD-3,Speed / HSR,Training,,91.0,8798.0,562.0,102.0,35.0,36.0,29.64,89.8,5.7,519.0,379.0,83.0,1558.0,6806.0,32537.0,125889.0,1563.0,6492.0,228.0,1082.0,1701.5,24,,0.0,11.0,11.0
2026-08-13,4,P14,Player 14,CM,33.0,MD-2,Tactical,Training,,72.0,5985.0,258.0,30.0,27.0,29.0,26.46,80.2,3.1,223.0,854.0,83.0,1483.0,7029.0,33078.0,131874.0,1487.0,6750.0,220.0,1112.0,1757.25,25,,1.0,12.0,12.0
2026-08-14,4,P14,Player 14,CM,33.0,MD-1,Activation,Training,,42.0,2802.0,105.0,11.0,15.0,15.0,23.95,72.6,1.7,71.0,1077.0,82.0,1382.0,7100.0,32409.0,134676.0,1509.0,6855.0,219.0,1123.0,1775.0,26,,2.0,13.0,13.0
2026-08-15,4,P14,Player 14,CM,33.0,MD,Match,Top-up,Unused,58.0,5200.0,285.0,37.0,22.0,26.0,26.21,79.4,4.9,284.0,813.0,80.0,1476.0,7384.0,33075.0,139876.0,1565.0,7140.0,220.0,1160.0,1846.0,27,,3.0,14.0,14.0
2026-08-16,4,P14,Player 14,CM,33.0,MD+1,Recovery,Recovery,,29.0,2248.0,21.0,1.0,8.0,9.0,16.5,50.0,2.9,84.0,578.0,83.0,1516.0,7468.0,32970.0,142124.0,1561.0,7161.0,220.0,1161.0,1867.0,28,0.8119978575254418,4.0,15.0,15.0
2026-08-17,5,P14,Player 14,CM,33.0,OFF,Off,Off,,0.0,0.0,0.0,0.0,0.0,0.0,0.0,0.0,0.0,0.0,439.0,82.0,1516.0,7468.0,32970.0,142124.0,1561.0,7161.0,220.0,1161.0,1867.0,29,0.8119978575254418,5.0,16.0,16.0
2026-08-18,5,P14,Player 14,CM,33.0,MD-4,Volume,Training,,74.0,7240.0,329.0,40.0,31.0,32.0,28.58,86.6,6.0,444.0,368.0,81.0,1625.0,7434.0,32273.0,142652.0,1560.0,7182.0,221.0,1159.0,1858.5,30,0.8743610438525693,0.0,17.0,17.0
2026-08-19,5,P14,Player 14,CM,33.0,MD-3,Speed / HSR,Training,,88.0,8609.0,485.0,99.0,39.0,41.0,30.89,93.6,6.1,537.0,528.0,87.0,1643.0,7432.0,32084.0,141815.0,1483.0,7118.0,218.0,1127.0,1858.0,31,0.8842841765339075,0.0,0.0,18.0
2026-08-20,5,P14,Player 14,CM,33.0,MD-2,Tactical,Training,,67.0,5964.0,338.0,46.0,26.0,29.0,26.72,81.0,4.6,308.0,981.0,78.0,1728.0,7545.0,32063.0,142476.0,1563.0,7150.0,234.0,1139.0,1886.25,32,0.91610337972167,1.0,1.0,19.0
2026-08-21,5,P14,Player 14,CM,33.0,MD-1,Activation,Training,,42.0,3325.0,111.0,12.0,14.0,16.0,23.84,72.2,2.1,88.0,1289.0,70.0,1745.0,7508.0,32586.0,142477.0,1569.0,7179.0,235.0,1142.0,1877.0,33,0.9296750133191263,2.0,2.0,20.0
2026-08-22,5,P14,Player 14,CM,33.0,MD,Match,Match,Starter,90.0,11158.0,599.0,151.0,32.0,47.0,33.66,102.0,7.3,657.0,933.0,86.0,2118.0,7445.0,38544.0,140983.0,1883.0,7000.0,349.0,1139.0,1861.25,34,1.1379449294828745,0.0,0.0,0.0
2026-08-23,5,P14,Player 14,CM,33.0,MD+1,Recovery,Recovery,,36.0,2435.0,26.0,1.0,8.0,9.0,17.87,54.2,1.8,65.0,1053.0,77.0,2099.0,7475.0,38731.0,141059.0,1888.0,7006.0,349.0,1139.0,1868.75,35,1.123210702341137,1.0,1.0,1.0
2026-08-24,6,P14,Player 14,CM,33.0,OFF,Off,Off,,0.0,0.0,0.0,0.0,0.0,0.0,0.0,0.0,0.0,0.0,810.0,81.0,2099.0,7475.0,38731.0,141059.0,1888.0,7006.0,349.0,1139.0,1868.75,36,1.123210702341137,2.0,2.0,2.0
2026-08-25,6,P14,Player 14,CM,33.0,MD-4,Volume,Training,,73.0,6892.0,329.0,45.0,36.0,36.0,25.43,77.1,5.8,423.0,722.0,87.0,2078.0,7519.0,38383.0,140510.0,1888.0,7019.0,354.0,1137.0,1879.75,37,1.105466152413885,3.0,3.0,3.0
2026-08-26,6,P14,Player 14,CM,33.0,MD-3,Speed / HSR,Training,,83.0,8771.0,491.0,127.0,37.0,40.0,29.37,89.0,6.1,506.0,488.0,84.0,2047.0,7525.0,38545.0,140085.0,1894.0,6905.0,382.0,1168.0,1881.25,38,1.0881063122923589,0.0,4.0,4.0
2026-08-27,6,P14,Player 14,CM,33.0,MD-2,Tactical,Training,,67.0,5935.0,212.0,32.0,28.0,27.0,25.31,76.7,4.2,281.0,929.0,80.0,2020.0,7529.0,38516.0,140220.0,1768.0,6826.0,368.0,1160.0,1882.25,39,1.0731836897330322,1.0,5.0,5.0
2026-08-28,6,P14,Player 14,CM,33.0,MD-1,Activation,Training,,47.0,3282.0,84.0,10.0,16.0,13.0,21.2,64.2,3.8,179.0,1210.0,74.0,2111.0,7580.0,38473.0,140529.0,1741.0,6796.0,366.0,1159.0,1895.0,40,1.1139841688654353,2.0,6.0,6.0
2026-08-29,6,P14,Player 14,CM,33.0,MD,Match,Match,Sub,30.0,4006.0,182.0,65.0,17.0,16.0,29.99,90.9,6.7,201.0,966.0,75.0,1655.0,6990.0,31321.0,133448.0,1324.0,6547.0,280.0,1075.0,1747.5,41,0.9470672389127325,0.0,0.0,7.0
2026-08-30,6,P14,Player 14,CM,33.0,MD+1,Recovery,Recovery,,41.0,2515.0,33.0,1.0,7.0,10.0,17.49,53.0,2.7,111.0,661.0,82.0,1701.0,7045.0,31401.0,133398.0,1331.0,6545.0,280.0,1075.0,1761.25,42,0.9657913413768631,1.0,1.0,8.0
2026-08-31,7,P14,Player 14,CM,33.0,OFF,Off,Off,,0.0,0.0,0.0,0.0,0.0,0.0,0.0,0.0,0.0,0.0,491.0,85.0,1701.0,7045.0,31401.0,133398.0,1331.0,6545.0,280.0,1075.0,1761.25,43,0.9657913413768631,2.0,2.0,9.0
2026-09-01,7,P14,Player 14,CM,33.0,MD-4,Volume,Training,,69.0,6503.0,370.0,34.0,35.0,35.0,25.82,78.2,4.6,317.0,312.0,86.0,1595.0,6980.0,31012.0,133006.0,1372.0,6574.0,269.0,1063.0,1745.0,44,0.9140401146131805,3.0,3.0,10.0
2026-09-02,7,P14,Player 14,CM,33.0,MD-3,Speed / HSR,Training,,79.0,9251.0,587.0,95.0,45.0,36.0,29.87,90.5,6.7,529.0,428.0,83.0,1618.0,6866.0,31492.0,134658.0,1468.0,6408.0,237.0,1065.0,1716.5,45,0.9426157879405768,0.0,0.0,11.0
2026-09-03,7,P14,Player 14,CM,33.0,MD-2,Tactical,Training,,63.0,5876.0,273.0,41.0,23.0,27.0,25.51,77.3,5.0,315.0,846.0,81.0,1652.0,6883.0,31433.0,135090.0,1529.0,6347.0,246.0,1068.0,1720.75,46,0.9600464913555136,1.0,1.0,12.0
2026-09-04,7,P14,Player 14,CM,33.0,MD-1,Activation,Training,,50.0,3312.0,106.0,11.0,18.0,14.0,23.09,70.0,3.0,150.0,1161.0,73.0,1623.0,6861.0,31463.0,134931.0,1551.0,6370.0,247.0,1067.0,1715.25,47,0.9462177525142108,2.0,2.0,13.0
2026-09-05,7,P14,Player 14,CM,33.0,MD,Match,Top-up,Unused,45.0,5125.0,230.0,29.0,28.0,26.0,28.39,86.0,5.6,252.0,994.0,82.0,1674.0,6923.0,32582.0,135522.0,1599.0,6371.0,211.0,1060.0,1730.75,48,0.9672107467860754,0.0,3.0,14.0
2026-09-06,7,P14,Player 14,CM,33.0,MD+1,Recovery,Recovery,,31.0,2643.0,26.0,1.0,8.0,7.0,19.62,59.4,1.8,56.0,717.0,83.0,1619.0,6935.0,32710.0,135812.0,1592.0,6372.0,211.0,1060.0,1733.75,49,0.9338139870223504,1.0,4.0,15.0
2026-09-07,8,P14,Player 14,CM,33.0,OFF,Off,Off,,0.0,0.0,0.0,0.0,0.0,0.0,0.0,0.0,0.0,0.0,458.0,91.0,1619.0,6935.0,32710.0,135812.0,1592.0,6372.0,211.0,1060.0,1733.75,50,0.9338139870223504,2.0,5.0,16.0
2026-09-08,8,P14,Player 14,CM,33.0,MD-4,Volume,Training,,76.0,6725.0,371.0,35.0,36.0,31.0,27.74,84.1,5.0,380.0,308.0,86.0,1682.0,6980.0,32932.0,134600.0,1593.0,6413.0,212.0,1056.0,1745.0,51,0.9638968481375358,3.0,6.0,17.0
2026-09-09,8,P14,Player 14,CM,33.0,MD-3,Speed / HSR,Training,,85.0,9026.0,424.0,95.0,37.0,40.0,30.13,91.3,6.3,536.0,436.0,81.0,1689.0,6997.0,32707.0,134828.0,1430.0,6275.0,212.0,1049.0,1749.25,52,0.9655566671430613,0.0,0.0,18.0
2026-09-10,8,P14,Player 14,CM,33.0,MD-2,Tactical,Training,,71.0,5928.0,298.0,36.0,21.0,27.0,26.56,80.5,5.4,383.0,916.0,81.0,1757.0,7157.0,32759.0,134771.0,1455.0,6315.0,207.0,1055.0,1789.25,53,0.9819756881374878,1.0,1.0,19.0
2026-09-11,8,P14,Player 14,CM,33.0,MD-1,Activation,Training,,39.0,3292.0,81.0,9.0,18.0,15.0,23.34,70.7,1.4,55.0,1299.0,77.0,1662.0,7141.0,32739.0,135261.0,1430.0,6291.0,205.0,1053.0,1785.25,54,0.9309620501330346,2.0,2.0,20.0
2026-09-12,8,P14,Player 14,CM,33.0,MD,Match,Match,Starter,85.0,11618.0,678.0,104.0,42.0,47.0,32.42,98.2,7.7,654.0,974.0,82.0,2064.0,7511.0,39232.0,141679.0,1878.0,6684.0,280.0,1120.0,1877.75,55,1.0991878578085474,0.0,0.0,0.0
2026-09-13,8,P14,Player 14,CM,33.0,MD+1,Recovery,Recovery,,32.0,2372.0,23.0,1.0,8.0,8.0,17.49,53.0,3.6,115.0,1092.0,79.0,2123.0,7542.0,38961.0,141803.0,1875.0,6686.0,280.0,1120.0,1885.5,56,1.1259612834791832,1.0,1.0,1.0
2026-07-20,1,P15,Player 15,CM,31.54,OFF,Off,Off,,0.0,0.0,0.0,0.0,0.0,0.0,0.0,0.0,0.0,0.0,0.0,84.0,0.0,0.0,0.0,0.0,0.0,0.0,0.0,0.0,0.0,1,,,,
2026-07-21,1,P15,Player 15,CM,31.54,MD-4,Volume,Training,,80.0,6165.0,337.0,45.0,37.0,39.0,22.95,72.8,4.8,384.0,0.0,83.0,384.0,384.0,6165.0,6165.0,337.0,337.0,45.0,45.0,96.0,2,,,,
2026-07-22,1,P15,Player 15,CM,31.54,MD-3,Speed / HSR,Training,,84.0,8668.0,568.0,88.0,46.0,39.0,30.28,96.0,5.0,420.0,384.0,86.0,804.0,804.0,14833.0,14833.0,905.0,905.0,133.0,133.0,201.0,3,,0.0,0.0,0.0
2026-07-23,1,P15,Player 15,CM,31.54,MD-2,Tactical,Training,,64.0,5795.0,309.0,39.0,33.0,26.0,23.68,75.1,4.7,301.0,804.0,86.0,1105.0,1105.0,20628.0,20628.0,1214.0,1214.0,172.0,172.0,276.25,4,,1.0,1.0,1.0
2026-07-24,1,P15,Player 15,CM,31.54,MD-1,Activation,Training,,49.0,3788.0,93.0,13.0,14.0,15.0,21.12,67.0,2.7,132.0,1105.0,79.0,1237.0,1237.0,24416.0,24416.0,1307.0,1307.0,185.0,185.0,309.25,5,,2.0,2.0,2.0
2026-07-25,1,P15,Player 15,CM,31.54,MD,Match,Top-up,Unused,49.0,5759.0,276.0,43.0,26.0,23.0,25.6,81.2,4.8,235.0,853.0,84.0,1472.0,1472.0,30175.0,30175.0,1583.0,1583.0,228.0,228.0,368.0,6,,3.0,3.0,3.0
2026-07-26,1,P15,Player 15,CM,31.54,MD+1,Recovery,Recovery,,30.0,2534.0,19.0,2.0,9.0,8.0,14.61,46.3,1.2,36.0,668.0,86.0,1508.0,1508.0,32709.0,32709.0,1602.0,1602.0,230.0,230.0,377.0,7,,4.0,4.0,4.0
2026-07-27,2,P15,Player 15,CM,31.54,OFF,Off,Off,,0.0,0.0,0.0,0.0,0.0,0.0,0.0,0.0,0.0,0.0,403.0,86.0,1508.0,1508.0,32709.0,32709.0,1602.0,1602.0,230.0,230.0,377.0,8,,5.0,5.0,5.0
2026-07-28,2,P15,Player 15,CM,31.54,MD-4,Volume,Training,,78.0,7023.0,284.0,42.0,31.0,35.0,23.96,76.0,5.6,437.0,271.0,83.0,1561.0,1945.0,33567.0,39732.0,1549.0,1886.0,227.0,272.0,486.25,9,,6.0,6.0,6.0
2026-07-29,2,P15,Player 15,CM,31.54,MD-3,Speed / HSR,Training,,93.0,8548.0,580.0,106.0,44.0,41.0,29.98,95.1,6.1,567.0,473.0,85.0,1708.0,2512.0,33447.0,48280.0,1561.0,2466.0,245.0,378.0,628.0,10,,0.0,0.0,0.0
2026-07-30,2,P15,Player 15,CM,31.54,MD-2,Tactical,Training,,63.0,6512.0,320.0,46.0,25.0,31.0,26.49,84.0,4.1,258.0,1004.0,84.0,1665.0,2770.0,34164.0,54792.0,1572.0,2786.0,252.0,424.0,692.5,11,,1.0,1.0,1.0
2026-07-31,2,P15,Player 15,CM,31.54,MD-1,Activation,Training,,44.0,3570.0,86.0,11.0,14.0,13.0,21.79,69.1,2.6,114.0,1262.0,80.0,1647.0,2884.0,33946.0,58362.0,1565.0,2872.0,250.0,435.0,721.0,12,,2.0,2.0,2.0
2026-08-01,2,P15,Player 15,CM,31.54,MD,Match,Match,Starter,91.0,9655.0,563.0,145.0,49.0,50.0,30.83,97.8,8.8,801.0,939.0,83.0,2213.0,3685.0,37842.0,68017.0,1852.0,3435.0,352.0,580.0,921.25,13,,0.0,0.0,0.0
2026-08-02,2,P15,Player 15,CM,31.54,MD+1,Recovery,Recovery,,32.0,2620.0,23.0,1.0,9.0,9.0,16.68,52.9,0.7,22.0,1173.0,77.0,2199.0,3707.0,37928.0,70637.0,1856.0,3458.0,351.0,581.0,926.75,14,,1.0,1.0,1.0
2026-08-03,3,P15,Player 15,CM,31.54,OFF,Off,Off,,0.0,0.0,0.0,0.0,0.0,0.0,0.0,0.0,0.0,0.0,937.0,80.0,2199.0,3707.0,37928.0,70637.0,1856.0,3458.0,351.0,581.0,926.75,15,,2.0,2.0,2.0
2026-08-04,3,P15,Player 15,CM,31.54,MD-4,Volume,Training,,74.0,8086.0,319.0,56.0,33.0,35.0,27.87,88.4,4.6,340.0,823.0,81.0,2102.0,4047.0,38991.0,78723.0,1891.0,3777.0,365.0,637.0,1011.75,16,,0.0,3.0,3.0
2026-08-05,3,P15,Player 15,CM,31.54,MD-3,Speed / HSR,Training,,88.0,9296.0,553.0,135.0,43.0,41.0,30.23,95.8,6.7,590.0,362.0,85.0,2125.0,4637.0,39739.0,88019.0,1864.0,4330.0,394.0,772.0,1159.25,17,,0.0,0.0,0.0
2026-08-06,3,P15,Player 15,CM,31.54,MD-2,Tactical,Training,,65.0,5831.0,272.0,37.0,32.0,26.0,25.31,80.2,5.1,332.0,930.0,84.0,2199.0,4969.0,39058.0,93850.0,1816.0,4602.0,385.0,809.0,1242.25,18,,1.0,1.0,1.0
2026-08-07,3,P15,Player 15,CM,31.54,MD-1,Activation,Training,,48.0,3786.0,89.0,8.0,14.0,16.0,21.42,67.9,2.1,101.0,1262.0,70.0,2186.0,5070.0,39274.0,97636.0,1819.0,4691.0,382.0,817.0,1267.5,19,,2.0,2.0,2.0
2026-08-08,3,P15,Player 15,CM,31.54,MD,Match,Match,Starter,73.0,9370.0,481.0,91.0,40.0,38.0,31.01,98.3,8.5,620.0,1023.0,80.0,2005.0,5690.0,38989.0,107006.0,1737.0,5172.0,328.0,908.0,1422.5,20,,0.0,0.0,0.0
2026-08-09,3,P15,Player 15,CM,31.54,MD+1,Recovery,Recovery,,40.0,2536.0,27.0,1.0,10.0,9.0,17.3,54.9,2.2,88.0,1053.0,79.0,2071.0,5778.0,38905.0,109542.0,1741.0,5199.0,328.0,909.0,1444.5,21,,1.0,1.0,1.0
2026-08-10,4,P15,Player 15,CM,31.54,OFF,Off,Off,,0.0,0.0,0.0,0.0,0.0,0.0,0.0,0.0,0.0,0.0,809.0,77.0,2071.0,5778.0,38905.0,109542.0,1741.0,5199.0,328.0,909.0,1444.5,22,,2.0,2.0,2.0
2026-08-11,4,P15,Player 15,CM,31.54,MD-4,Volume,Training,,77.0,6490.0,284.0,50.0,35.0,33.0,24.41,77.4,5.1,393.0,708.0,84.0,2124.0,6171.0,37309.0,116032.0,1706.0,5483.0,322.0,959.0,1542.75,23,,3.0,3.0,3.0
2026-08-12,4,P15,Player 15,CM,31.54,MD-3,Speed / HSR,Training,,90.0,9699.0,480.0,120.0,39.0,40.0,28.25,89.6,6.8,612.0,481.0,82.0,2146.0,6783.0,37712.0,125731.0,1633.0,5963.0,307.0,1079.0,1695.75,24,,0.0,4.0,4.0
2026-08-13,4,P15,Player 15,CM,31.54,MD-2,Tactical,Training,,67.0,6718.0,265.0,30.0,38.0,29.0,25.34,80.3,4.6,308.0,1005.0,79.0,2122.0,7091.0,38599.0,132449.0,1626.0,6228.0,300.0,1109.0,1772.75,25,,1.0,5.0,5.0
2026-08-14,4,P15,Player 15,CM,31.54,MD-1,Activation,Training,,42.0,3168.0,106.0,13.0,13.0,14.0,21.93,69.5,2.3,97.0,1313.0,83.0,2118.0,7188.0,37981.0,135617.0,1643.0,6334.0,305.0,1122.0,1797.0,26,,2.0,6.0,6.0
2026-08-15,4,P15,Player 15,CM,31.54,MD,Match,Match,Starter,85.0,11270.0,604.0,59.0,47.0,47.0,30.46,96.6,8.3,706.0,1017.0,83.0,2204.0,7894.0,39881.0,146887.0,1766.0,6938.0,273.0,1181.0,1973.5,27,,0.0,0.0,0.0
2026-08-16,4,P15,Player 15,CM,31.54,MD+1,Recovery,Recovery,,32.0,2554.0,28.0,1.0,8.0,9.0,20.5,65.0,2.0,64.0,1111.0,81.0,2180.0,7958.0,39899.0,149441.0,1767.0,6966.0,273.0,1182.0,1989.5,28,1.0957527016838402,1.0,1.0,1.0
2026-08-17,5,P15,Player 15,CM,31.54,OFF,Off,Off,,0.0,0.0,0.0,0.0,0.0,0.0,0.0,0.0,0.0,0.0,867.0,82.0,2180.0,7958.0,39899.0,149441.0,1767.0,6966.0,273.0,1182.0,1989.5,29,1.0957527016838402,2.0,2.0,2.0
2026-08-18,5,P15,Player 15,CM,31.54,MD-4,Volume,Training,,79.0,7330.0,358.0,52.0,32.0,34.0,23.22,73.6,5.9,466.0,770.0,81.0,2253.0,8040.0,40739.0,150606.0,1841.0,6987.0,275.0,1189.0,2010.0,30,1.1208955223880597,3.0,3.0,3.0
2026-08-19,5,P15,Player 15,CM,31.54,MD-3,Speed / HSR,Training,,90.0,8835.0,353.0,106.0,48.0,34.0,29.14,92.4,7.4,666.0,530.0,90.0,2307.0,8286.0,39875.0,150773.0,1714.0,6772.0,261.0,1207.0,2071.5,31,1.113685734974656,0.0,0.0,4.0
2026-08-20,5,P15,Player 15,CM,31.54,MD-2,Tactical,Training,,72.0,6327.0,316.0,44.0,27.0,31.0,25.9,82.1,4.6,331.0,1132.0,82.0,2330.0,8316.0,39484.0,151305.0,1765.0,6779.0,275.0,1212.0,2079.0,32,1.1207311207311208,1.0,1.0,5.0
2026-08-21,5,P15,Player 15,CM,31.54,MD-1,Activation,Training,,47.0,3403.0,73.0,12.0,17.0,16.0,22.04,69.9,2.2,103.0,1463.0,74.0,2336.0,8287.0,39719.0,150920.0,1732.0,6759.0,274.0,1211.0,2071.75,33,1.127549173404127,2.0,2.0,6.0
2026-08-22,5,P15,Player 15,CM,31.54,MD,Match,Match,Starter,85.0,10869.0,555.0,157.0,49.0,45.0,30.84,97.8,8.4,714.0,1100.0,75.0,2344.0,8766.0,39318.0,156030.0,1683.0,7038.0,372.0,1325.0,2191.5,34,1.0695870408396075,0.0,0.0,0.0
2026-08-23,5,P15,Player 15,CM,31.54,MD+1,Recovery,Recovery,,31.0,2651.0,29.0,2.0,9.0,9.0,17.18,54.5,2.1,65.0,1148.0,81.0,2345.0,8795.0,39415.0,156147.0,1684.0,7048.0,373.0,1325.0,2198.75,35,1.0665150653780557,1.0,1.0,1.0
2026-08-24,6,P15,Player 15,CM,31.54,OFF,Off,Off,,0.0,0.0,0.0,0.0,0.0,0.0,0.0,0.0,0.0,0.0,882.0,81.0,2345.0,8795.0,39415.0,156147.0,1684.0,7048.0,373.0,1325.0,2198.75,36,1.0665150653780557,2.0,2.0,2.0
2026-08-25,6,P15,Player 15,CM,31.54,MD-4,Volume,Training,,78.0,7176.0,298.0,41.0,41.0,35.0,25.42,80.6,5.0,390.0,779.0,77.0,2269.0,8748.0,39261.0,156300.0,1624.0,7062.0,362.0,1324.0,2187.0,37,1.0374942844078647,3.0,3.0,3.0
2026-08-26,6,P15,Player 15,CM,31.54,MD-3,Speed / HSR,Training,,94.0,9014.0,502.0,95.0,35.0,36.0,29.14,92.4,7.0,658.0,455.0,86.0,2261.0,8839.0,39440.0,156766.0,1773.0,6984.0,351.0,1313.0,2209.75,38,1.0231926688539428,0.0,0.0,4.0
2026-08-27,6,P15,Player 15,CM,31.54,MD-2,Tactical,Training,,77.0,6483.0,245.0,37.0,30.0,27.0,24.07,76.3,5.0,385.0,1048.0,79.0,2315.0,8966.0,39596.0,156737.0,1702.0,6909.0,344.0,1304.0,2241.5,39,1.032790542047736,1.0,1.0,5.0
2026-08-28,6,P15,Player 15,CM,31.54,MD-1,Activation,Training,,41.0,3409.0,83.0,12.0,20.0,17.0,20.4,64.7,1.8,74.0,1433.0,78.0,2286.0,8926.0,39602.0,156576.0,1712.0,6906.0,344.0,1305.0,2231.5,40,1.0244230338337441,2.0,2.0,6.0
2026-08-29,6,P15,Player 15,CM,31.54,MD,Match,Match,Starter,88.0,10089.0,705.0,134.0,53.0,45.0,29.81,94.5,7.6,669.0,1117.0,80.0,2241.0,8794.0,38822.0,157010.0,1862.0,7048.0,321.0,1294.0,2198.5,41,1.0193313622924722,0.0,0.0,7.0
2026-08-30,6,P15,Player 15,CM,31.54,MD+1,Recovery,Recovery,,34.0,2712.0,23.0,2.0,9.0,10.0,17.83,56.5,2.4,82.0,1128.0,77.0,2258.0,8854.0,38883.0,157102.0,1856.0,7048.0,321.0,1295.0,2213.5,42,1.0201039078382652,1.0,1.0,8.0
2026-08-31,7,P15,Player 15,CM,31.54,OFF,Off,Off,,0.0,0.0,0.0,0.0,0.0,0.0,0.0,0.0,0.0,0.0,825.0,83.0,2258.0,8854.0,38883.0,157102.0,1856.0,7048.0,321.0,1295.0,2213.5,43,1.0201039078382652,2.0,2.0,9.0
2026-09-01,7,P15,Player 15,CM,31.54,MD-4,Volume,Training,,76.0,6846.0,322.0,45.0,34.0,40.0,24.44,77.5,6.0,456.0,751.0,80.0,2324.0,8970.0,38553.0,155862.0,1880.0,7051.0,325.0,1284.0,2242.5,44,1.0363433667781494,3.0,3.0,10.0
2026-09-02,7,P15,Player 15,CM,31.54,MD-3,Speed / HSR,Training,,84.0,8880.0,609.0,118.0,48.0,46.0,29.03,92.0,5.0,420.0,538.0,82.0,2086.0,8800.0,38419.0,155446.0,1987.0,7107.0,348.0,1267.0,2200.0,45,0.9481818181818182,0.0,0.0,11.0
2026-09-03,7,P15,Player 15,CM,31.54,MD-2,Tactical,Training,,70.0,6974.0,284.0,35.0,31.0,28.0,25.87,82.0,3.6,252.0,876.0,79.0,1953.0,8720.0,38910.0,156589.0,2026.0,7119.0,346.0,1265.0,2180.0,46,0.8958715596330276,1.0,1.0,12.0
2026-09-04,7,P15,Player 15,CM,31.54,MD-1,Activation,Training,,43.0,3720.0,83.0,15.0,20.0,16.0,22.69,71.9,3.3,142.0,1128.0,83.0,2021.0,8761.0,39221.0,156523.0,2026.0,7113.0,349.0,1272.0,2190.25,47,0.922725716242438,2.0,2.0,13.0
2026-09-05,7,P15,Player 15,CM,31.54,MD,Match,Match,Starter,82.0,11492.0,451.0,144.0,42.0,39.0,30.64,97.2,9.1,746.0,814.0,81.0,2098.0,8887.0,40624.0,158645.0,1772.0,7083.0,359.0,1325.0,2221.75,48,0.9443006638910768,0.0,0.0,0.0
2026-09-06,7,P15,Player 15,CM,31.54,MD+1,Recovery,Recovery,,33.0,2629.0,22.0,1.0,9.0,8.0,16.13,51.1,2.3,76.0,1140.0,83.0,2092.0,8875.0,40541.0,158738.0,1771.0,7078.0,358.0,1325.0,2218.75,49,0.9428732394366197,1.0,1.0,1.0
2026-09-07,8,P15,Player 15,CM,31.54,OFF,Off,Off,,0.0,0.0,0.0,0.0,0.0,0.0,0.0,0.0,0.0,0.0,964.0,86.0,2092.0,8875.0,40541.0,158738.0,1771.0,7078.0,358.0,1325.0,2218.75,50,0.9428732394366197,2.0,2.0,2.0
2026-09-08,8,P15,Player 15,CM,31.54,MD-4,Volume,Training,,81.0,7435.0,355.0,46.0,29.0,37.0,25.14,79.7,5.7,462.0,822.0,79.0,2098.0,8944.0,41130.0,159683.0,1804.0,7149.0,359.0,1321.0,2236.0,51,0.9382826475849732,3.0,3.0,3.0
2026-09-09,8,P15,Player 15,CM,31.54,MD-3,Speed / HSR,Training,,87.0,8963.0,573.0,117.0,42.0,43.0,29.93,94.9,6.1,531.0,538.0,74.0,2209.0,8863.0,41213.0,158947.0,1768.0,7242.0,358.0,1318.0,2215.75,52,0.9969536274399188,0.0,0.0,4.0
2026-09-10,8,P15,Player 15,CM,31.54,MD-2,Tactical,Training,,77.0,5604.0,252.0,29.0,35.0,32.0,25.3,80.2,4.5,346.0,993.0,83.0,2303.0,8901.0,39843.0,157833.0,1736.0,7229.0,352.0,1317.0,2225.25,53,1.0349398943938883,1.0,1.0,5.0
2026-09-11,8,P15,Player 15,CM,31.54,MD-1,Activation,Training,,42.0,3553.0,90.0,8.0,17.0,17.0,23.5,74.5,2.2,92.0,1339.0,76.0,2253.0,8896.0,39676.0,158218.0,1743.0,7213.0,345.0,1312.0,2224.0,54,1.0130395683453237,2.0,2.0,6.0
2026-09-12,8,P15,Player 15,CM,31.54,MD,Match,Match,Starter,86.0,11123.0,556.0,191.0,48.0,45.0,31.28,99.2,8.1,697.0,969.0,77.0,2204.0,8887.0,39307.0,158071.0,1848.0,7165.0,392.0,1444.0,2221.75,55,0.9920108022954878,0.0,0.0,0.0
2026-09-13,8,P15,Player 15,CM,31.54,MD+1,Recovery,Recovery,,31.0,2159.0,20.0,2.0,10.0,8.0,18.76,59.5,2.2,68.0,1135.0,77.0,2196.0,8891.0,38837.0,157676.0,1846.0,7157.0,393.0,1445.0,2222.75,56,0.987965358227421,1.0,1.0,1.0
2026-07-20,1,P16,Player 16,W,35.6,OFF,Off,Off,,0.0,0.0,0.0,0.0,0.0,0.0,0.0,0.0,0.0,0.0,0.0,87.0,0.0,0.0,0.0,0.0,0.0,0.0,0.0,0.0,0.0,1,,,,
2026-07-21,1,P16,Player 16,W,35.6,MD-4,Volume,Training,,80.0,5890.0,544.0,110.0,33.0,28.0,29.49,82.8,5.8,464.0,0.0,92.0,464.0,464.0,5890.0,5890.0,544.0,544.0,110.0,110.0,116.0,2,,,,
2026-07-22,1,P16,Player 16,W,35.6,MD-3,Speed / HSR,Training,,85.0,7119.0,689.0,278.0,36.0,35.0,32.55,91.4,6.5,552.0,464.0,85.0,1016.0,1016.0,13009.0,13009.0,1233.0,1233.0,388.0,388.0,254.0,3,,0.0,0.0,
2026-07-23,1,P16,Player 16,W,35.6,MD-2,Tactical,Training,,70.0,5803.0,365.0,92.0,26.0,27.0,29.13,81.8,3.4,238.0,1016.0,84.0,1254.0,1254.0,18812.0,18812.0,1598.0,1598.0,480.0,480.0,313.5,4,,1.0,1.0,
2026-07-24,1,P16,Player 16,W,35.6,MD-1,Activation,Training,,42.0,3069.0,153.0,25.0,15.0,14.0,25.01,70.3,2.6,109.0,1254.0,80.0,1363.0,1363.0,21881.0,21881.0,1751.0,1751.0,505.0,505.0,340.75,5,,2.0,2.0,
2026-07-25,1,P16,Player 16,W,35.6,MD,Match,Top-up,Unused,52.0,5138.0,340.0,86.0,21.0,24.0,29.2,82.0,4.3,224.0,899.0,80.0,1587.0,1587.0,27019.0,27019.0,2091.0,2091.0,591.0,591.0,396.75,6,,3.0,3.0,
2026-07-26,1,P16,Player 16,W,35.6,MD+1,Recovery,Recovery,,39.0,1834.0,34.0,3.0,8.0,7.0,20.08,56.4,2.1,82.0,571.0,82.0,1669.0,1669.0,28853.0,28853.0,2125.0,2125.0,594.0,594.0,417.25,7,,4.0,4.0,
2026-07-27,2,P16,Player 16,W,35.6,OFF,Off,Off,,0.0,0.0,0.0,0.0,0.0,0.0,0.0,0.0,0.0,0.0,415.0,86.0,1669.0,1669.0,28853.0,28853.0,2125.0,2125.0,594.0,594.0,417.25,8,,5.0,5.0,
2026-07-28,2,P16,Player 16,W,35.6,MD-4,Volume,Training,,73.0,6361.0,428.0,125.0,31.0,29.0,29.1,81.7,3.9,285.0,306.0,88.0,1490.0,1954.0,29324.0,35214.0,2009.0,2553.0,609.0,719.0,488.5,9,,6.0,6.0,
2026-07-29,2,P16,Player 16,W,35.6,MD-3,Speed / HSR,Training,,82.0,7291.0,716.0,218.0,38.0,34.0,35.71,100.3,5.4,443.0,367.0,88.0,1381.0,2397.0,29496.0,42505.0,2036.0,3269.0,549.0,937.0,599.25,10,,0.0,0.0,0.0
2026-07-30,2,P16,Player 16,W,35.6,MD-2,Tactical,Training,,70.0,4803.0,385.0,74.0,27.0,21.0,28.8,80.9,5.0,350.0,728.0,81.0,1493.0,2747.0,28496.0,47308.0,2056.0,3654.0,531.0,1011.0,686.75,11,,1.0,1.0,1.0
2026-07-31,2,P16,Player 16,W,35.6,MD-1,Activation,Training,,39.0,3097.0,125.0,18.0,13.0,15.0,25.4,71.4,1.9,74.0,1078.0,80.0,1458.0,2821.0,28524.0,50405.0,2028.0,3779.0,524.0,1029.0,705.25,12,,2.0,2.0,2.0
2026-08-01,2,P16,Player 16,W,35.6,MD,Match,Match,Starter,86.0,8561.0,791.0,334.0,36.0,41.0,34.95,98.2,8.5,731.0,867.0,83.0,1965.0,3552.0,31947.0,58966.0,2479.0,4570.0,772.0,1363.0,888.0,13,,0.0,0.0,0.0
2026-08-02,2,P16,Player 16,W,35.6,MD+1,Recovery,Recovery,,26.0,2076.0,30.0,3.0,7.0,7.0,18.62,52.3,1.5,39.0,1155.0,78.0,1922.0,3591.0,32189.0,61042.0,2475.0,4600.0,772.0,1366.0,897.75,14,,1.0,1.0,1.0
2026-08-03,3,P16,Player 16,W,35.6,OFF,Off,Off,,0.0,0.0,0.0,0.0,0.0,0.0,0.0,0.0,0.0,0.0,844.0,78.0,1922.0,3591.0,32189.0,61042.0,2475.0,4600.0,772.0,1366.0,897.75,15,,2.0,2.0,2.0
2026-08-04,3,P16,Player 16,W,35.6,MD-4,Volume,Training,,70.0,7220.0,416.0,104.0,28.0,30.0,27.3,76.7,5.1,357.0,770.0,79.0,1994.0,3948.0,33048.0,68262.0,2463.0,5016.0,751.0,1470.0,987.0,16,,3.0,3.0,3.0
2026-08-05,3,P16,Player 16,W,35.6,MD-3,Speed / HSR,Training,,91.0,7697.0,669.0,245.0,35.0,39.0,33.97,95.4,6.3,573.0,396.0,84.0,2124.0,4521.0,33454.0,75959.0,2416.0,5685.0,778.0,1715.0,1130.25,17,,0.0,0.0,0.0
2026-08-06,3,P16,Player 16,W,35.6,MD-2,Tactical,Training,,72.0,5643.0,369.0,77.0,26.0,29.0,27.98,78.6,3.9,281.0,930.0,83.0,2055.0,4802.0,34294.0,81602.0,2400.0,6054.0,781.0,1792.0,1200.5,18,,1.0,1.0,1.0
2026-08-07,3,P16,Player 16,W,35.6,MD-1,Activation,Training,,44.0,3238.0,103.0,24.0,16.0,12.0,26.0,73.0,2.3,101.0,1211.0,82.0,2082.0,4903.0,34435.0,84840.0,2378.0,6157.0,787.0,1816.0,1225.75,19,,2.0,2.0,2.0
2026-08-08,3,P16,Player 16,W,35.6,MD,Match,Match,Starter,96.0,10999.0,929.0,414.0,40.0,56.0,34.29,96.3,8.7,835.0,955.0,76.0,2186.0,5738.0,36873.0,95839.0,2516.0,7086.0,867.0,2230.0,1434.5,20,,0.0,0.0,0.0
2026-08-09,3,P16,Player 16,W,35.6,MD+1,Recovery,Recovery,,31.0,2184.0,34.0,2.0,8.0,8.0,18.71,52.5,2.0,62.0,1217.0,76.0,2209.0,5800.0,36981.0,98023.0,2520.0,7120.0,866.0,2232.0,1450.0,21,,1.0,1.0,1.0
2026-08-10,4,P16,Player 16,W,35.6,OFF,Off,Off,,0.0,0.0,0.0,0.0,0.0,0.0,0.0,0.0,0.0,0.0,998.0,79.0,2209.0,5800.0,36981.0,98023.0,2520.0,7120.0,866.0,2232.0,1450.0,22,,2.0,2.0,2.0
2026-08-11,4,P16,Player 16,W,35.6,MD-4,Volume,Training,,79.0,7079.0,317.0,92.0,31.0,29.0,28.98,81.4,5.4,427.0,897.0,83.0,2279.0,6227.0,36840.0,105102.0,2421.0,7437.0,854.0,2324.0,1556.75,23,,3.0,3.0,3.0
2026-08-12,4,P16,Player 16,W,35.6,MD-3,Speed / HSR,Training,,85.0,8644.0,742.0,242.0,32.0,37.0,33.87,95.1,6.6,561.0,489.0,82.0,2267.0,6788.0,37787.0,113746.0,2494.0,8179.0,851.0,2566.0,1697.0,24,,0.0,0.0,0.0
2026-08-13,4,P16,Player 16,W,35.6,MD-2,Tactical,Training,,69.0,5304.0,468.0,102.0,28.0,27.0,26.87,75.5,5.2,359.0,988.0,79.0,2345.0,7147.0,37448.0,119050.0,2593.0,8647.0,876.0,2668.0,1786.75,25,,1.0,1.0,1.0
2026-08-14,4,P16,Player 16,W,35.6,MD-1,Activation,Training,,39.0,3527.0,129.0,28.0,13.0,15.0,24.45,68.7,2.4,94.0,1347.0,73.0,2338.0,7241.0,37737.0,122577.0,2619.0,8776.0,880.0,2696.0,1810.25,26,,2.0,2.0,2.0
2026-08-15,4,P16,Player 16,W,35.6,MD,Match,Top-up,Unused,59.0,4864.0,374.0,95.0,24.0,21.0,26.15,73.5,4.4,260.0,1014.0,81.0,1763.0,7501.0,31602.0,127441.0,2064.0,9150.0,561.0,2791.0,1875.25,27,,3.0,3.0,3.0
2026-08-16,4,P16,Player 16,W,35.6,MD+1,Recovery,Recovery,,40.0,2469.0,37.0,3.0,8.0,6.0,21.57,60.6,1.9,76.0,713.0,82.0,1777.0,7577.0,31887.0,129910.0,2067.0,9187.0,562.0,2794.0,1894.25,28,0.9381021512471954,4.0,4.0,4.0
2026-08-17,5,P16,Player 16,W,35.6,OFF,Off,Off,,0.0,0.0,0.0,0.0,0.0,0.0,0.0,0.0,0.0,0.0,430.0,82.0,1777.0,7577.0,31887.0,129910.0,2067.0,9187.0,562.0,2794.0,1894.25,29,0.9381021512471954,5.0,5.0,5.0
2026-08-18,5,P16,Player 16,W,35.6,MD-4,Volume,Training,,86.0,6660.0,344.0,114.0,28.0,28.0,29.26,82.2,5.4,464.0,336.0,84.0,1814.0,7577.0,31468.0,130680.0,2094.0,8987.0,584.0,2798.0,1894.25,30,0.9576349478685495,6.0,6.0,6.0
2026-08-19,5,P16,Player 16,W,35.6,MD-3,Speed / HSR,Training,,85.0,8073.0,645.0,334.0,37.0,36.0,34.44,96.7,6.8,578.0,540.0,87.0,1831.0,7603.0,30897.0,131634.0,1997.0,8943.0,676.0,2854.0,1900.75,31,0.963303958963567,0.0,0.0,0.0
2026-08-20,5,P16,Player 16,W,35.6,MD-2,Tactical,Training,,75.0,5662.0,382.0,90.0,21.0,25.0,27.29,76.7,3.7,278.0,1042.0,76.0,1750.0,7643.0,31255.0,131493.0,1911.0,8960.0,664.0,2852.0,1910.75,32,0.9158707313881983,1.0,1.0,1.0
2026-08-21,5,P16,Player 16,W,35.6,MD-1,Activation,Training,,46.0,3095.0,127.0,28.0,13.0,13.0,22.17,62.3,2.9,133.0,1320.0,75.0,1789.0,7667.0,30823.0,131519.0,1909.0,8934.0,664.0,2855.0,1916.75,33,0.9333507238815704,2.0,2.0,2.0
2026-08-22,5,P16,Player 16,W,35.6,MD,Match,Match,Starter,96.0,11156.0,974.0,241.0,42.0,49.0,32.16,90.3,6.9,662.0,989.0,84.0,2191.0,8105.0,37115.0,137537.0,2509.0,9568.0,810.0,3010.0,2026.25,34,1.0813078346699567,0.0,0.0,3.0
2026-08-23,5,P16,Player 16,W,35.6,MD+1,Recovery,Recovery,,35.0,2286.0,36.0,3.0,7.0,7.0,21.71,61.0,3.4,119.0,1073.0,80.0,2234.0,8142.0,36932.0,137989.0,2508.0,9570.0,810.0,3010.0,2035.5,35,1.0975190370916237,1.0,1.0,4.0
2026-08-24,6,P16,Player 16,W,35.6,OFF,Off,Off,,0.0,0.0,0.0,0.0,0.0,0.0,0.0,0.0,0.0,0.0,914.0,83.0,2234.0,8142.0,36932.0,137989.0,2508.0,9570.0,810.0,3010.0,2035.5,36,1.0975190370916237,2.0,2.0,5.0
2026-08-25,6,P16,Player 16,W,35.6,MD-4,Volume,Training,,88.0,7228.0,422.0,100.0,30.0,30.0,27.61,77.5,5.5,484.0,781.0,83.0,2254.0,8341.0,37500.0,138856.0,2586.0,9564.0,796.0,2985.0,2085.25,37,1.0809255484953841,3.0,3.0,6.0
2026-08-26,6,P16,Player 16,W,35.6,MD-3,Speed / HSR,Training,,86.0,8960.0,699.0,259.0,33.0,40.0,35.37,99.3,5.3,456.0,603.0,83.0,2132.0,8354.0,38387.0,140525.0,2640.0,9547.0,721.0,3026.0,2088.5,38,1.0208283457026575,0.0,0.0,0.0
2026-08-27,6,P16,Player 16,W,35.6,MD-2,Tactical,Training,,68.0,5160.0,371.0,90.0,21.0,25.0,29.21,82.0,4.7,320.0,940.0,79.0,2174.0,8324.0,37885.0,140882.0,2629.0,9533.0,721.0,3042.0,2081.0,39,1.0446900528592022,1.0,1.0,1.0
2026-08-28,6,P16,Player 16,W,35.6,MD-1,Activation,Training,,42.0,3046.0,99.0,29.0,13.0,16.0,27.19,76.4,2.5,105.0,1260.0,81.0,2146.0,8355.0,37836.0,140831.0,2601.0,9507.0,722.0,3053.0,2088.75,40,1.027408737283064,2.0,2.0,2.0
2026-08-29,6,P16,Player 16,W,35.6,MD,Match,Match,Starter,92.0,9965.0,850.0,335.0,44.0,35.0,33.53,94.2,9.0,828.0,881.0,85.0,2312.0,8452.0,36645.0,142235.0,2477.0,9566.0,816.0,3054.0,2113.0,41,1.094178892569806,0.0,0.0,3.0
2026-08-30,6,P16,Player 16,W,35.6,MD+1,Recovery,Recovery,,25.0,2263.0,37.0,3.0,8.0,7.0,19.64,55.2,2.5,62.0,1253.0,81.0,2255.0,8475.0,36622.0,142422.0,2478.0,9573.0,816.0,3054.0,2118.75,42,1.064306784660767,1.0,1.0,4.0
2026-08-31,7,P16,Player 16,W,35.6,OFF,Off,Off,,0.0,0.0,0.0,0.0,0.0,0.0,0.0,0.0,0.0,0.0,995.0,76.0,2255.0,8475.0,36622.0,142422.0,2478.0,9573.0,816.0,3054.0,2118.75,43,1.064306784660767,2.0,2.0,5.0
2026-09-01,7,P16,Player 16,W,35.6,MD-4,Volume,Training,,74.0,6657.0,528.0,122.0,29.0,31.0,29.0,81.5,4.9,363.0,890.0,85.0,2134.0,8481.0,36051.0,141859.0,2584.0,9685.0,838.0,3072.0,2120.25,44,1.006485084306096,3.0,3.0,6.0
2026-09-02,7,P16,Player 16,W,35.6,MD-3,Speed / HSR,Training,,84.0,8504.0,622.0,255.0,38.0,41.0,32.04,90.0,6.0,504.0,425.0,83.0,2182.0,8412.0,35595.0,142666.0,2507.0,9638.0,834.0,3082.0,2103.0,45,1.0375653827864955,0.0,0.0,7.0
2026-09-03,7,P16,Player 16,W,35.6,MD-2,Tactical,Training,,67.0,5767.0,428.0,59.0,30.0,25.0,25.78,72.4,2.6,174.0,867.0,79.0,2036.0,8305.0,36202.0,142790.0,2564.0,9697.0,803.0,3064.0,2076.25,46,0.9806140878988561,1.0,1.0,8.0
2026-09-04,7,P16,Player 16,W,35.6,MD-1,Activation,Training,,39.0,2820.0,143.0,27.0,14.0,14.0,21.95,61.6,2.5,98.0,1041.0,79.0,2029.0,8302.0,35976.0,142372.0,2608.0,9737.0,801.0,3067.0,2075.5,47,0.9775957600578173,2.0,2.0,9.0
2026-09-05,7,P16,Player 16,W,35.6,MD,Match,Match,Starter,93.0,10902.0,940.0,372.0,45.0,45.0,34.07,95.7,9.0,837.0,776.0,84.0,2038.0,8304.0,36913.0,142275.0,2698.0,9748.0,838.0,3025.0,2076.0,48,0.9816955684007708,0.0,0.0,0.0
2026-09-06,7,P16,Player 16,W,35.6,MD+1,Recovery,Recovery,,36.0,2077.0,33.0,3.0,9.0,8.0,19.06,53.5,2.1,76.0,1109.0,81.0,2052.0,8318.0,36727.0,142168.0,2694.0,9747.0,838.0,3026.0,2079.5,49,0.9867756672276989,1.0,1.0,1.0
2026-09-07,8,P16,Player 16,W,35.6,OFF,Off,Off,,0.0,0.0,0.0,0.0,0.0,0.0,0.0,0.0,0.0,0.0,1011.0,79.0,2052.0,8318.0,36727.0,142168.0,2694.0,9747.0,838.0,3026.0,2079.5,50,0.9867756672276989,2.0,2.0,2.0
2026-09-08,8,P16,Player 16,W,35.6,MD-4,Volume,Training,,81.0,6265.0,412.0,115.0,29.0,32.0,28.26,79.4,5.8,470.0,913.0,83.0,2159.0,8361.0,36335.0,141354.0,2578.0,9842.0,831.0,3049.0,2090.25,51,1.0328908025355819,3.0,3.0,3.0
2026-09-09,8,P16,Player 16,W,35.6,MD-3,Speed / HSR,Training,,88.0,8729.0,663.0,341.0,32.0,35.0,31.57,88.7,7.7,678.0,546.0,84.0,2333.0,8478.0,36560.0,141439.0,2619.0,9763.0,917.0,3148.0,2119.5,52,1.1007313045529605,0.0,4.0,4.0
2026-09-10,8,P16,Player 16,W,35.6,MD-2,Tactical,Training,,76.0,6062.0,425.0,94.0,25.0,27.0,29.14,81.9,4.3,327.0,1148.0,77.0,2486.0,8446.0,36855.0,142197.0,2616.0,9720.0,952.0,3140.0,2111.5,53,1.1773620648827847,1.0,5.0,5.0
2026-09-11,8,P16,Player 16,W,35.6,MD-1,Activation,Training,,35.0,2888.0,108.0,29.0,10.0,13.0,26.7,75.0,2.6,91.0,1475.0,74.0,2479.0,8443.0,36923.0,141558.0,2581.0,9699.0,954.0,3141.0,2110.75,54,1.1744640530617079,2.0,6.0,6.0
2026-09-12,8,P16,Player 16,W,35.6,MD,Match,Match,Starter,94.0,9552.0,870.0,406.0,51.0,40.0,32.71,91.9,8.8,827.0,1096.0,81.0,2469.0,9010.0,35573.0,146246.0,2511.0,10195.0,988.0,3452.0,2252.5,55,1.0961154273029967,0.0,0.0,7.0
2026-09-13,8,P16,Player 16,W,35.6,MD+1,Recovery,Recovery,,33.0,2235.0,36.0,4.0,8.0,7.0,19.36,54.4,3.0,99.0,1245.0,78.0,2492.0,9033.0,35731.0,146012.0,2514.0,10194.0,989.0,3453.0,2258.25,56,1.1035093545887302,1.0,1.0,8.0
2026-07-20,1,P17,Player 17,W,33.81,OFF,Off,Off,,0.0,0.0,0.0,0.0,0.0,0.0,0.0,0.0,0.0,0.0,0.0,84.0,0.0,0.0,0.0,0.0,0.0,0.0,0.0,0.0,0.0,1,,,,
2026-07-21,1,P17,Player 17,W,33.81,MD-4,Volume,Training,,79.0,6428.0,509.0,84.0,33.0,35.0,27.5,81.3,5.8,458.0,0.0,91.0,458.0,458.0,6428.0,6428.0,509.0,509.0,84.0,84.0,114.5,2,,,,
2026-07-22,1,P17,Player 17,W,33.81,MD-3,Speed / HSR,Training,,84.0,8089.0,881.0,260.0,44.0,45.0,33.51,99.1,6.3,529.0,458.0,83.0,987.0,987.0,14517.0,14517.0,1390.0,1390.0,344.0,344.0,246.75,3,,0.0,0.0,0.0
2026-07-23,1,P17,Player 17,W,33.81,MD-2,Tactical,Training,,61.0,5710.0,455.0,69.0,24.0,31.0,27.81,82.3,5.5,336.0,987.0,85.0,1323.0,1323.0,20227.0,20227.0,1845.0,1845.0,413.0,413.0,330.75,4,,1.0,1.0,1.0
2026-07-24,1,P17,Player 17,W,33.81,MD-1,Activation,Training,,46.0,3206.0,159.0,25.0,17.0,15.0,23.56,69.7,3.2,147.0,1323.0,73.0,1470.0,1470.0,23433.0,23433.0,2004.0,2004.0,438.0,438.0,367.5,5,,2.0,2.0,2.0
2026-07-25,1,P17,Player 17,W,33.81,MD,Match,Match,Sub,24.0,2779.0,257.0,123.0,13.0,14.0,25.5,75.4,6.5,156.0,1012.0,79.0,1626.0,1626.0,26212.0,26212.0,2261.0,2261.0,561.0,561.0,406.5,6,,3.0,3.0,3.0
2026-07-26,1,P17,Player 17,W,33.81,MD+1,Recovery,Recovery,,41.0,2143.0,40.0,2.0,9.0,8.0,17.93,53.0,1.8,74.0,639.0,81.0,1700.0,1700.0,28355.0,28355.0,2301.0,2301.0,563.0,563.0,425.0,7,,4.0,4.0,4.0
2026-07-27,2,P17,Player 17,W,33.81,OFF,Off,Off,,0.0,0.0,0.0,0.0,0.0,0.0,0.0,0.0,0.0,0.0,377.0,82.0,1700.0,1700.0,28355.0,28355.0,2301.0,2301.0,563.0,563.0,425.0,8,,5.0,5.0,5.0
2026-07-28,2,P17,Player 17,W,33.81,MD-4,Volume,Training,,78.0,7208.0,501.0,97.0,36.0,39.0,24.68,73.0,4.2,328.0,230.0,85.0,1570.0,2028.0,29135.0,35563.0,2293.0,2802.0,576.0,660.0,507.0,9,,6.0,6.0,6.0
2026-07-29,2,P17,Player 17,W,33.81,MD-3,Speed / HSR,Training,,89.0,7099.0,768.0,251.0,32.0,45.0,33.36,98.7,6.1,543.0,402.0,90.0,1584.0,2571.0,28145.0,42662.0,2180.0,3570.0,567.0,911.0,642.75,10,,0.0,0.0,0.0
2026-07-30,2,P17,Player 17,W,33.81,MD-2,Tactical,Training,,67.0,4911.0,295.0,78.0,27.0,26.0,27.25,80.6,4.1,275.0,871.0,81.0,1523.0,2846.0,27346.0,47573.0,2020.0,3865.0,576.0,989.0,711.5,11,,1.0,1.0,1.0
2026-07-31,2,P17,Player 17,W,33.81,MD-1,Activation,Training,,45.0,3176.0,145.0,24.0,15.0,16.0,24.22,71.6,2.7,122.0,1146.0,76.0,1498.0,2968.0,27316.0,50749.0,2006.0,4010.0,575.0,1013.0,742.0,12,,2.0,2.0,2.0
2026-08-01,2,P17,Player 17,W,33.81,MD,Match,Match,Starter,66.0,6553.0,874.0,197.0,27.0,41.0,32.14,95.0,9.2,607.0,940.0,75.0,1949.0,3575.0,31090.0,57302.0,2623.0,4884.0,649.0,1210.0,893.75,13,,0.0,0.0,0.0
2026-08-02,2,P17,Player 17,W,33.81,MD+1,Recovery,Recovery,,39.0,2275.0,38.0,3.0,8.0,9.0,19.29,57.0,1.3,51.0,1004.0,74.0,1926.0,3626.0,31222.0,59577.0,2621.0,4922.0,650.0,1213.0,906.5,14,,1.0,1.0,1.0
2026-08-03,3,P17,Player 17,W,33.81,OFF,Off,Off,,0.0,0.0,0.0,0.0,0.0,0.0,0.0,0.0,0.0,0.0,780.0,80.0,1926.0,3626.0,31222.0,59577.0,2621.0,4922.0,650.0,1213.0,906.5,15,,2.0,2.0,2.0
2026-08-04,3,P17,Player 17,W,33.81,MD-4,Volume,Training,,80.0,5877.0,452.0,91.0,29.0,34.0,27.19,80.4,5.0,400.0,658.0,81.0,1998.0,4026.0,29891.0,65454.0,2572.0,5374.0,644.0,1304.0,1006.5,16,,3.0,3.0,3.0
2026-08-05,3,P17,Player 17,W,33.81,MD-3,Speed / HSR,Training,,94.0,8445.0,840.0,216.0,48.0,44.0,31.25,92.4,6.2,583.0,451.0,84.0,2038.0,4609.0,31237.0,73899.0,2644.0,6214.0,609.0,1520.0,1152.25,17,,0.0,0.0,4.0
2026-08-06,3,P17,Player 17,W,33.81,MD-2,Tactical,Training,,68.0,5411.0,381.0,87.0,31.0,34.0,28.39,84.0,5.0,340.0,983.0,73.0,2103.0,4949.0,31737.0,79310.0,2730.0,6595.0,618.0,1607.0,1237.25,18,,1.0,1.0,5.0
2026-08-07,3,P17,Player 17,W,33.81,MD-1,Activation,Training,,46.0,3192.0,145.0,27.0,14.0,19.0,22.66,67.0,2.8,129.0,1323.0,77.0,2110.0,5078.0,31753.0,82502.0,2730.0,6740.0,621.0,1634.0,1269.5,19,,2.0,2.0,6.0
2026-08-08,3,P17,Player 17,W,33.81,MD,Match,Top-up,Unused,54.0,5143.0,416.0,57.0,29.0,27.0,27.85,82.4,3.9,211.0,1052.0,83.0,1714.0,5289.0,30343.0,87645.0,2272.0,7156.0,481.0,1691.0,1322.25,20,,3.0,3.0,7.0
2026-08-09,3,P17,Player 17,W,33.81,MD+1,Recovery,Recovery,,33.0,2224.0,35.0,3.0,9.0,9.0,20.99,62.1,1.8,59.0,680.0,88.0,1722.0,5348.0,30292.0,89869.0,2269.0,7191.0,481.0,1694.0,1337.0,21,,4.0,4.0,8.0
2026-08-10,4,P17,Player 17,W,33.81,OFF,Off,Off,,0.0,0.0,0.0,0.0,0.0,0.0,0.0,0.0,0.0,0.0,399.0,79.0,1722.0,5348.0,30292.0,89869.0,2269.0,7191.0,481.0,1694.0,1337.0,22,,5.0,5.0,9.0
2026-08-11,4,P17,Player 17,W,33.81,MD-4,Volume,Training,,77.0,6091.0,479.0,113.0,31.0,36.0,27.26,80.6,6.1,470.0,270.0,83.0,1792.0,5818.0,30506.0,95960.0,2296.0,7670.0,503.0,1807.0,1454.5,23,,6.0,6.0,10.0
2026-08-12,4,P17,Player 17,W,33.81,MD-3,Speed / HSR,Training,,97.0,8479.0,786.0,234.0,43.0,40.0,32.49,96.1,6.6,640.0,529.0,81.0,1849.0,6458.0,30540.0,104439.0,2242.0,8456.0,521.0,2041.0,1614.5,24,,0.0,0.0,0.0
2026-08-13,4,P17,Player 17,W,33.81,MD-2,Tactical,Training,,67.0,5442.0,320.0,56.0,30.0,28.0,24.36,72.0,4.7,315.0,1110.0,80.0,1824.0,6773.0,30571.0,109881.0,2181.0,8776.0,490.0,2097.0,1693.25,25,,1.0,1.0,1.0
2026-08-14,4,P17,Player 17,W,33.81,MD-1,Activation,Training,,46.0,2626.0,158.0,25.0,18.0,15.0,22.57,66.8,1.9,87.0,1425.0,73.0,1782.0,6860.0,30005.0,112507.0,2194.0,8934.0,488.0,2122.0,1715.0,26,,2.0,2.0,2.0
2026-08-15,4,P17,Player 17,W,33.81,MD,Match,Match,Starter,92.0,9886.0,1083.0,316.0,54.0,50.0,32.67,96.6,8.8,810.0,1042.0,85.0,2381.0,7670.0,34748.0,122393.0,2861.0,10017.0,747.0,2438.0,1917.5,27,,0.0,0.0,0.0
2026-08-16,4,P17,Player 17,W,33.81,MD+1,Recovery,Recovery,,23.0,2122.0,41.0,3.0,9.0,8.0,17.05,50.4,1.8,41.0,1212.0,78.0,2363.0,7711.0,34646.0,124515.0,2867.0,10058.0,747.0,2441.0,1927.75,28,1.2257813513163014,1.0,1.0,1.0
2026-08-17,5,P17,Player 17,W,33.81,OFF,Off,Off,,0.0,0.0,0.0,0.0,0.0,0.0,0.0,0.0,0.0,0.0,938.0,80.0,2363.0,7711.0,34646.0,124515.0,2867.0,10058.0,747.0,2441.0,1927.75,29,1.2257813513163014,2.0,2.0,2.0
2026-08-18,5,P17,Player 17,W,33.81,MD-4,Volume,Training,,76.0,6036.0,501.0,90.0,30.0,35.0,27.45,81.2,5.1,388.0,851.0,86.0,2281.0,7641.0,34591.0,124123.0,2889.0,10050.0,724.0,2447.0,1910.25,30,1.1940845439078656,3.0,3.0,3.0
2026-08-19,5,P17,Player 17,W,33.81,MD-3,Speed / HSR,Training,,84.0,7358.0,865.0,223.0,33.0,44.0,29.35,86.8,7.4,622.0,429.0,85.0,2263.0,7734.0,33470.0,123392.0,2968.0,10034.0,713.0,2410.0,1933.5,31,1.1704163434186707,0.0,4.0,4.0
2026-08-20,5,P17,Player 17,W,33.81,MD-2,Tactical,Training,,76.0,5524.0,397.0,74.0,30.0,34.0,25.73,76.1,4.4,334.0,1010.0,81.0,2282.0,7732.0,33552.0,123206.0,3045.0,9976.0,731.0,2415.0,1933.0,32,1.1805483704086912,1.0,5.0,5.0
2026-08-21,5,P17,Player 17,W,33.81,MD-1,Activation,Training,,39.0,2992.0,139.0,26.0,14.0,17.0,25.64,75.8,3.6,140.0,1344.0,75.0,2335.0,7725.0,33918.0,122992.0,3026.0,9956.0,732.0,2416.0,1931.25,33,1.2090614886731392,2.0,6.0,6.0
2026-08-22,5,P17,Player 17,W,33.81,MD,Match,Match,Starter,87.0,10495.0,925.0,273.0,37.0,51.0,32.9,97.3,7.2,626.0,1096.0,75.0,2151.0,8195.0,34527.0,130708.0,2868.0,10624.0,689.0,2566.0,2048.75,34,1.049908480780964,0.0,0.0,0.0
2026-08-23,5,P17,Player 17,W,33.81,MD+1,Recovery,Recovery,,29.0,1982.0,34.0,3.0,9.0,10.0,18.8,55.6,2.1,61.0,1100.0,77.0,2171.0,8182.0,34387.0,130547.0,2861.0,10618.0,689.0,2567.0,2045.5,35,1.061354192129064,1.0,1.0,1.0
2026-08-24,6,P17,Player 17,W,33.81,OFF,Off,Off,,0.0,0.0,0.0,0.0,0.0,0.0,0.0,0.0,0.0,0.0,827.0,88.0,2171.0,8182.0,34387.0,130547.0,2861.0,10618.0,689.0,2567.0,2045.5,36,1.061354192129064,2.0,2.0,2.0
2026-08-25,6,P17,Player 17,W,33.81,MD-4,Volume,Training,,84.0,5742.0,427.0,89.0,32.0,43.0,28.23,83.5,5.8,487.0,687.0,85.0,2270.0,8341.0,34093.0,129081.0,2787.0,10544.0,688.0,2559.0,2085.25,37,1.0885984893897613,3.0,3.0,3.0
2026-08-26,6,P17,Player 17,W,33.81,MD-3,Speed / HSR,Training,,87.0,8390.0,674.0,267.0,46.0,44.0,31.76,93.9,7.5,652.0,548.0,84.0,2300.0,8450.0,35125.0,130372.0,2596.0,10450.0,732.0,2575.0,2112.5,38,1.0887573964497042,0.0,0.0,4.0
2026-08-27,6,P17,Player 17,W,33.81,MD-2,Tactical,Training,,79.0,5803.0,468.0,115.0,31.0,32.0,27.86,82.4,4.1,324.0,1139.0,76.0,2290.0,8499.0,35404.0,131264.0,2667.0,10623.0,773.0,2612.0,2124.75,39,1.077773855747735,1.0,1.0,5.0
2026-08-28,6,P17,Player 17,W,33.81,MD-1,Activation,Training,,46.0,2709.0,143.0,22.0,14.0,17.0,23.12,68.4,2.4,110.0,1463.0,79.0,2260.0,8487.0,35121.0,130797.0,2671.0,10621.0,769.0,2610.0,2121.75,40,1.0651584776717333,2.0,2.0,6.0
2026-08-29,6,P17,Player 17,W,33.81,MD,Match,Match,Starter,84.0,9115.0,910.0,275.0,40.0,47.0,33.3,98.5,7.7,647.0,1086.0,75.0,2281.0,8527.0,33741.0,133359.0,2656.0,10657.0,771.0,2688.0,2131.75,41,1.0700129001993668,0.0,0.0,0.0
2026-08-30,6,P17,Player 17,W,33.81,MD+1,Recovery,Recovery,,25.0,2263.0,36.0,3.0,9.0,10.0,19.83,58.6,1.7,42.0,1081.0,74.0,2262.0,8518.0,34022.0,133347.0,2658.0,10655.0,771.0,2688.0,2129.5,42,1.0622211786804414,1.0,1.0,1.0
2026-08-31,7,P17,Player 17,W,33.81,OFF,Off,Off,,0.0,0.0,0.0,0.0,0.0,0.0,0.0,0.0,0.0,0.0,799.0,80.0,2262.0,8518.0,34022.0,133347.0,2658.0,10655.0,771.0,2688.0,2129.5,43,1.0622211786804414,2.0,2.0,2.0
2026-09-01,7,P17,Player 17,W,33.81,MD-4,Volume,Training,,80.0,7148.0,521.0,104.0,36.0,31.0,27.59,81.6,4.6,368.0,689.0,89.0,2143.0,8486.0,35428.0,134618.0,2752.0,10724.0,786.0,2701.0,2121.5,44,1.0101343389111477,3.0,3.0,3.0
2026-09-02,7,P17,Player 17,W,33.81,MD-3,Speed / HSR,Training,,88.0,7896.0,801.0,285.0,38.0,45.0,31.63,93.6,6.2,546.0,410.0,91.0,2037.0,8449.0,34934.0,134069.0,2879.0,10685.0,804.0,2770.0,2112.25,45,0.9643744821872411,0.0,0.0,4.0
2026-09-03,7,P17,Player 17,W,33.81,MD-2,Tactical,Training,,64.0,5328.0,395.0,89.0,28.0,28.0,26.22,77.6,4.4,282.0,914.0,79.0,1995.0,8391.0,34459.0,133986.0,2806.0,10699.0,778.0,2772.0,2097.75,46,0.9510189488737933,1.0,1.0,5.0
2026-09-04,7,P17,Player 17,W,33.81,MD-1,Activation,Training,,41.0,3155.0,149.0,26.0,17.0,14.0,24.37,72.1,3.0,123.0,1196.0,76.0,2008.0,8385.0,34905.0,133949.0,2812.0,10703.0,782.0,2771.0,2096.25,47,0.9579010137149672,2.0,2.0,6.0
2026-09-05,7,P17,Player 17,W,33.81,MD,Match,Top-up,Unused,45.0,4503.0,317.0,78.0,30.0,26.0,27.87,82.4,5.2,234.0,951.0,75.0,1595.0,8408.0,30293.0,133309.0,2219.0,10604.0,585.0,2792.0,2102.0,48,0.7588011417697431,3.0,3.0,7.0
2026-09-06,7,P17,Player 17,W,33.81,MD+1,Recovery,Recovery,,29.0,2071.0,38.0,3.0,8.0,9.0,18.69,55.3,1.7,49.0,639.0,83.0,1602.0,8398.0,30101.0,133156.0,2221.0,10607.0,585.0,2792.0,2099.5,49,0.7630388187663729,4.0,4.0,8.0
2026-09-07,8,P17,Player 17,W,33.81,OFF,Off,Off,,0.0,0.0,0.0,0.0,0.0,0.0,0.0,0.0,0.0,0.0,406.0,85.0,1602.0,8398.0,30101.0,133156.0,2221.0,10607.0,585.0,2792.0,2099.5,50,0.7630388187663729,5.0,5.0,9.0
2026-09-08,8,P17,Player 17,W,33.81,MD-4,Volume,Training,,80.0,6451.0,471.0,99.0,38.0,36.0,27.68,81.9,5.2,416.0,283.0,88.0,1650.0,8344.0,29404.0,133516.0,2171.0,10599.0,580.0,2778.0,2086.0,51,0.7909875359539789,6.0,6.0,10.0
2026-09-09,8,P17,Player 17,W,33.81,MD-3,Speed / HSR,Training,,86.0,7437.0,780.0,250.0,40.0,43.0,26.93,79.6,6.4,550.0,465.0,87.0,1654.0,8254.0,28945.0,132474.0,2150.0,10593.0,545.0,2794.0,2063.5,52,0.8015507632662952,7.0,7.0,11.0
2026-09-10,8,P17,Player 17,W,33.81,MD-2,Tactical,Training,,69.0,5759.0,478.0,72.0,28.0,32.0,27.29,80.7,4.1,283.0,966.0,80.0,1655.0,8222.0,29376.0,132791.0,2233.0,10751.0,528.0,2810.0,2055.5,53,0.8051568961323279,8.0,8.0,12.0
2026-09-11,8,P17,Player 17,W,33.81,MD-1,Activation,Training,,48.0,2624.0,107.0,29.0,16.0,17.0,22.34,66.1,2.7,130.0,1249.0,80.0,1662.0,8265.0,28845.0,132789.0,2191.0,10700.0,531.0,2814.0,2066.25,54,0.8043557168784029,9.0,9.0,13.0
2026-09-12,8,P17,Player 17,W,33.81,MD,Match,Match,Sub,20.0,2353.0,273.0,64.0,9.0,10.0,29.77,88.1,5.7,114.0,963.0,78.0,1542.0,7569.0,26695.0,125256.0,2147.0,9890.0,517.0,2562.0,1892.25,55,0.8149028933808957,0.0,10.0,14.0
2026-09-13,8,P17,Player 17,W,33.81,MD+1,Recovery,Recovery,,35.0,2306.0,40.0,3.0,9.0,10.0,19.45,57.5,2.0,70.0,527.0,86.0,1563.0,7598.0,26930.0,125440.0,2149.0,9889.0,517.0,2562.0,1899.5,56,0.82284811792577,1.0,11.0,15.0
2026-07-20,1,P18,Player 18,W,34.68,OFF,Off,Off,,0.0,0.0,0.0,0.0,0.0,0.0,0.0,0.0,0.0,0.0,0.0,86.0,0.0,0.0,0.0,0.0,0.0,0.0,0.0,0.0,0.0,1,,,,
2026-07-21,1,P18,Player 18,W,34.68,MD-4,Volume,Training,,74.0,6841.0,521.0,92.0,30.0,33.0,28.77,83.0,5.2,385.0,0.0,89.0,385.0,385.0,6841.0,6841.0,521.0,521.0,92.0,92.0,96.25,2,,,,
2026-07-22,1,P18,Player 18,W,34.68,MD-3,Speed / HSR,Training,,87.0,7968.0,641.0,215.0,36.0,39.0,32.31,93.2,6.4,557.0,385.0,86.0,942.0,942.0,14809.0,14809.0,1162.0,1162.0,307.0,307.0,235.5,3,,0.0,0.0,
2026-07-23,1,P18,Player 18,W,34.68,MD-2,Tactical,Training,,72.0,5672.0,319.0,87.0,27.0,25.0,29.88,86.2,5.5,396.0,942.0,81.0,1338.0,1338.0,20481.0,20481.0,1481.0,1481.0,394.0,394.0,334.5,4,,0.0,1.0,
2026-07-24,1,P18,Player 18,W,34.68,MD-1,Activation,Training,,47.0,3283.0,132.0,28.0,17.0,16.0,23.84,68.8,2.8,132.0,1338.0,80.0,1470.0,1470.0,23764.0,23764.0,1613.0,1613.0,422.0,422.0,367.5,5,,1.0,2.0,
2026-07-25,1,P18,Player 18,W,34.68,MD,Match,Match,Starter,85.0,9714.0,961.0,297.0,48.0,43.0,32.99,95.1,8.3,706.0,1085.0,74.0,2176.0,2176.0,33478.0,33478.0,2574.0,2574.0,719.0,719.0,544.0,6,,0.0,0.0,0.0
2026-07-26,1,P18,Player 18,W,34.68,MD+1,Recovery,Recovery,,28.0,2410.0,38.0,3.0,7.0,8.0,19.97,57.6,0.7,20.0,1234.0,75.0,2196.0,2196.0,35888.0,35888.0,2612.0,2612.0,722.0,722.0,549.0,7,,1.0,1.0,1.0
2026-07-27,2,P18,Player 18,W,34.68,OFF,Off,Off,,0.0,0.0,0.0,0.0,0.0,0.0,0.0,0.0,0.0,0.0,858.0,80.0,2196.0,2196.0,35888.0,35888.0,2612.0,2612.0,722.0,722.0,549.0,8,,2.0,2.0,2.0
2026-07-28,2,P18,Player 18,W,34.68,MD-4,Volume,Training,,79.0,6556.0,512.0,98.0,26.0,28.0,24.41,70.4,5.1,403.0,726.0,78.0,2214.0,2599.0,35603.0,42444.0,2603.0,3124.0,728.0,820.0,649.75,9,,3.0,3.0,3.0
2026-07-29,2,P18,Player 18,W,34.68,MD-3,Speed / HSR,Training,,89.0,9015.0,717.0,242.0,31.0,42.0,31.77,91.6,5.8,516.0,423.0,83.0,2173.0,3115.0,36650.0,51459.0,2679.0,3841.0,755.0,1062.0,778.75,10,,0.0,0.0,4.0
2026-07-30,2,P18,Player 18,W,34.68,MD-2,Tactical,Training,,66.0,5597.0,403.0,95.0,28.0,30.0,25.99,74.9,4.4,290.0,919.0,79.0,2067.0,3405.0,36575.0,57056.0,2763.0,4244.0,763.0,1157.0,851.25,11,,1.0,1.0,5.0
2026-07-31,2,P18,Player 18,W,34.68,MD-1,Activation,Training,,47.0,3265.0,131.0,26.0,17.0,17.0,23.3,67.2,1.5,70.0,1209.0,83.0,2005.0,3475.0,36557.0,60321.0,2762.0,4375.0,761.0,1183.0,868.75,12,,2.0,2.0,6.0
2026-08-01,2,P18,Player 18,W,34.68,MD,Match,Top-up,Unused,53.0,5120.0,355.0,89.0,30.0,27.0,26.52,76.5,5.0,265.0,876.0,81.0,1564.0,3740.0,31963.0,65441.0,2156.0,4730.0,553.0,1272.0,935.0,13,,3.0,3.0,7.0
2026-08-02,2,P18,Player 18,W,34.68,MD+1,Recovery,Recovery,,34.0,2035.0,35.0,4.0,8.0,10.0,18.0,51.9,1.9,65.0,625.0,86.0,1609.0,3805.0,31588.0,67476.0,2153.0,4765.0,554.0,1276.0,951.25,14,,4.0,4.0,8.0
2026-08-03,3,P18,Player 18,W,34.68,OFF,Off,Off,,0.0,0.0,0.0,0.0,0.0,0.0,0.0,0.0,0.0,0.0,400.0,86.0,1609.0,3805.0,31588.0,67476.0,2153.0,4765.0,554.0,1276.0,951.25,15,,5.0,5.0,9.0
2026-08-04,3,P18,Player 18,W,34.68,MD-4,Volume,Training,,77.0,6892.0,408.0,114.0,37.0,31.0,28.33,81.7,5.1,393.0,330.0,84.0,1599.0,4198.0,31924.0,74368.0,2049.0,5173.0,570.0,1390.0,1049.5,16,,6.0,6.0,10.0
2026-08-05,3,P18,Player 18,W,34.68,MD-3,Speed / HSR,Training,,84.0,7547.0,787.0,234.0,52.0,35.0,30.38,87.6,6.7,563.0,458.0,85.0,1646.0,4761.0,30456.0,81915.0,2119.0,5960.0,562.0,1624.0,1190.25,17,,0.0,7.0,11.0
2026-08-06,3,P18,Player 18,W,34.68,MD-2,Tactical,Training,,66.0,5455.0,354.0,81.0,25.0,27.0,26.82,77.3,4.0,264.0,956.0,83.0,1620.0,5025.0,30314.0,87370.0,2070.0,6314.0,548.0,1705.0,1256.25,18,,1.0,8.0,12.0
2026-08-07,3,P18,Player 18,W,34.68,MD-1,Activation,Training,,45.0,3345.0,124.0,23.0,13.0,17.0,24.5,70.7,3.3,148.0,1220.0,82.0,1698.0,5173.0,30394.0,90715.0,2063.0,6438.0,545.0,1728.0,1293.25,19,,2.0,9.0,13.0
2026-08-08,3,P18,Player 18,W,34.68,MD,Match,Top-up,Unused,54.0,4734.0,344.0,77.0,30.0,30.0,28.49,82.2,4.7,254.0,975.0,80.0,1687.0,5427.0,30008.0,95449.0,2052.0,6782.0,533.0,1805.0,1356.75,20,,3.0,10.0,14.0
2026-08-09,3,P18,Player 18,W,34.68,MD+1,Recovery,Recovery,,30.0,2576.0,37.0,4.0,9.0,8.0,18.92,54.6,1.7,51.0,666.0,77.0,1673.0,5478.0,30549.0,98025.0,2054.0,6819.0,533.0,1809.0,1369.5,21,,4.0,11.0,15.0
2026-08-10,4,P18,Player 18,W,34.68,OFF,Off,Off,,0.0,0.0,0.0,0.0,0.0,0.0,0.0,0.0,0.0,0.0,453.0,79.0,1673.0,5478.0,30549.0,98025.0,2054.0,6819.0,533.0,1809.0,1369.5,22,,5.0,12.0,16.0
2026-08-11,4,P18,Player 18,W,34.68,MD-4,Volume,Training,,77.0,7365.0,508.0,102.0,32.0,31.0,27.43,79.1,5.7,439.0,305.0,85.0,1719.0,5917.0,31022.0,105390.0,2154.0,7327.0,521.0,1911.0,1479.25,23,,6.0,13.0,17.0
2026-08-12,4,P18,Player 18,W,34.68,MD-3,Speed / HSR,Training,,89.0,8816.0,883.0,272.0,39.0,46.0,33.08,95.4,6.2,552.0,490.0,77.0,1708.0,6469.0,32291.0,114206.0,2250.0,8210.0,559.0,2183.0,1617.25,24,,0.0,0.0,0.0
2026-08-13,4,P18,Player 18,W,34.68,MD-2,Tactical,Training,,78.0,6390.0,346.0,87.0,30.0,31.0,26.98,77.8,4.4,343.0,991.0,86.0,1787.0,6812.0,33226.0,120596.0,2242.0,8556.0,565.0,2270.0,1703.0,25,,1.0,1.0,1.0
2026-08-14,4,P18,Player 18,W,34.68,MD-1,Activation,Training,,45.0,3250.0,113.0,22.0,13.0,15.0,23.71,68.4,2.2,99.0,1334.0,79.0,1738.0,6911.0,33131.0,123846.0,2231.0,8669.0,564.0,2292.0,1727.75,26,,2.0,2.0,2.0
2026-08-15,4,P18,Player 18,W,34.68,MD,Match,Match,Sub,40.0,4241.0,367.0,184.0,26.0,22.0,29.91,86.2,7.8,312.0,994.0,78.0,1796.0,7223.0,32638.0,128087.0,2254.0,9036.0,671.0,2476.0,1805.75,27,,0.0,3.0,3.0
2026-08-16,4,P18,Player 18,W,34.68,MD+1,Recovery,Recovery,,34.0,2315.0,39.0,3.0,8.0,8.0,17.18,49.6,1.0,34.0,754.0,78.0,1779.0,7257.0,32377.0,130402.0,2256.0,9075.0,670.0,2479.0,1814.25,28,0.9805704836709384,1.0,4.0,4.0
2026-08-17,5,P18,Player 18,W,34.68,OFF,Off,Off,,0.0,0.0,0.0,0.0,0.0,0.0,0.0,0.0,0.0,0.0,445.0,88.0,1779.0,7257.0,32377.0,130402.0,2256.0,9075.0,670.0,2479.0,1814.25,29,0.9805704836709384,2.0,5.0,5.0
2026-08-18,5,P18,Player 18,W,34.68,MD-4,Volume,Training,,72.0,7380.0,214.0,40.0,30.0,33.0,28.43,82.0,5.9,425.0,346.0,82.0,1765.0,7297.0,32392.0,130941.0,1962.0,8768.0,608.0,2427.0,1824.25,30,0.9675208989995888,3.0,6.0,6.0
2026-08-19,5,P18,Player 18,W,34.68,MD-3,Speed / HSR,Training,,89.0,7879.0,483.0,80.0,35.0,44.0,29.13,84.0,6.8,605.0,459.0,81.0,1818.0,7345.0,31455.0,130852.0,1562.0,8610.0,416.0,2292.0,1836.25,31,0.9900612661674608,4.0,7.0,7.0
2026-08-20,5,P18,Player 18,W,34.68,MD-2,Tactical,Training,,73.0,5034.0,256.0,34.0,28.0,27.0,27.56,79.5,5.6,409.0,1030.0,77.0,1884.0,7358.0,30099.0,130214.0,1472.0,8547.0,363.0,2239.0,1839.5,32,1.0241913563468334,5.0,8.0,8.0
2026-08-21,5,P18,Player 18,W,34.68,MD-1,Activation,Training,,48.0,3312.0,76.0,12.0,15.0,16.0,23.51,67.8,2.5,120.0,1439.0,77.0,1905.0,7346.0,30161.0,130243.0,1435.0,8491.0,353.0,2223.0,1836.5,33,1.0372992104546692,6.0,9.0,9.0
2026-08-22,5,P18,Player 18,W,34.68,MD,Match,Top-up,Unused,57.0,5227.0,387.0,88.0,26.0,26.0,29.49,85.0,3.6,205.0,1134.0,81.0,1798.0,6845.0,31147.0,125756.0,1455.0,7917.0,257.0,2014.0,1711.25,34,1.0506939371804236,0.0,10.0,10.0
2026-08-23,5,P18,Player 18,W,34.68,MD+1,Recovery,Recovery,,31.0,2332.0,34.0,2.0,7.0,7.0,20.0,57.7,1.9,59.0,734.0,86.0,1823.0,6884.0,31164.0,125678.0,1450.0,7913.0,256.0,2013.0,1721.0,35,1.0592678675188845,1.0,11.0,11.0
2026-08-24,6,P18,Player 18,W,34.68,OFF,Off,Off,,0.0,0.0,0.0,0.0,0.0,0.0,0.0,0.0,0.0,0.0,384.0,88.0,1823.0,6884.0,31164.0,125678.0,1450.0,7913.0,256.0,2013.0,1721.0,36,1.0592678675188845,2.0,12.0,12.0
2026-08-25,6,P18,Player 18,W,34.68,MD-4,Volume,Training,,77.0,6763.0,263.0,48.0,34.0,37.0,27.49,79.3,5.1,393.0,264.0,86.0,1791.0,6874.0,30547.0,125885.0,1499.0,7664.0,264.0,1963.0,1718.5,37,1.0421879546115798,3.0,13.0,13.0
2026-08-26,6,P18,Player 18,W,34.68,MD-3,Speed / HSR,Training,,96.0,8375.0,493.0,96.0,43.0,34.0,29.13,84.0,6.5,624.0,452.0,88.0,1810.0,6982.0,31043.0,125245.0,1509.0,7440.0,280.0,1817.0,1745.5,38,1.0369521627040963,4.0,14.0,14.0
2026-08-27,6,P18,Player 18,W,34.68,MD-2,Tactical,Training,,70.0,5559.0,269.0,33.0,26.0,29.0,27.23,78.5,3.2,224.0,1017.0,78.0,1625.0,6916.0,31568.0,125207.0,1522.0,7306.0,279.0,1755.0,1729.0,39,0.9398496240601504,5.0,15.0,15.0
2026-08-28,6,P18,Player 18,W,34.68,MD-1,Activation,Training,,48.0,3057.0,104.0,9.0,18.0,14.0,24.27,70.0,2.3,110.0,1241.0,72.0,1615.0,6956.0,31313.0,124999.0,1550.0,7279.0,276.0,1738.0,1739.0,40,0.9286946520989074,6.0,16.0,16.0
2026-08-29,6,P18,Player 18,W,34.68,MD,Match,Top-up,Unused,51.0,4481.0,379.0,80.0,23.0,25.0,26.98,77.8,4.1,209.0,958.0,78.0,1619.0,6900.0,30567.0,124360.0,1542.0,7303.0,268.0,1729.0,1725.0,41,0.9385507246376812,7.0,17.0,17.0
2026-08-30,6,P18,Player 18,W,34.68,MD+1,Recovery,Recovery,,38.0,2517.0,34.0,3.0,8.0,9.0,19.02,54.9,1.2,46.0,543.0,81.0,1606.0,6881.0,30752.0,124842.0,1542.0,7302.0,269.0,1728.0,1720.25,42,0.9335852347042581,8.0,18.0,18.0
2026-08-31,7,P18,Player 18,W,34.68,OFF,Off,Off,,0.0,0.0,0.0,0.0,0.0,0.0,0.0,0.0,0.0,0.0,365.0,83.0,1606.0,6881.0,30752.0,124842.0,1542.0,7302.0,269.0,1728.0,1720.25,43,0.9335852347042581,9.0,19.0,19.0
2026-09-01,7,P18,Player 18,W,34.68,MD-4,Volume,Training,,76.0,7946.0,429.0,92.0,36.0,29.0,27.2,78.4,5.9,448.0,255.0,83.0,1661.0,6936.0,31935.0,125896.0,1708.0,7323.0,313.0,1706.0,1734.0,44,0.9579008073817762,10.0,20.0,20.0
2026-09-02,7,P18,Player 18,W,34.68,MD-3,Speed / HSR,Training,,91.0,8499.0,801.0,273.0,41.0,37.0,31.14,89.8,7.1,646.0,494.0,83.0,1683.0,7019.0,32059.0,126848.0,2016.0,7337.0,490.0,1745.0,1754.75,45,0.9591109844707223,0.0,21.0,21.0
2026-09-03,7,P18,Player 18,W,34.68,MD-2,Tactical,Training,,71.0,5502.0,396.0,79.0,25.0,26.0,28.7,82.8,4.3,305.0,1094.0,81.0,1764.0,7060.0,32002.0,126895.0,2143.0,7379.0,536.0,1743.0,1765.0,46,0.9994334277620397,1.0,22.0,22.0
2026-09-04,7,P18,Player 18,W,34.68,MD-1,Activation,Training,,49.0,3715.0,95.0,24.0,14.0,16.0,24.29,70.0,2.5,122.0,1399.0,82.0,1776.0,7034.0,32660.0,127265.0,2134.0,7350.0,551.0,1744.0,1758.5,47,1.0099516633494456,2.0,23.0,23.0
2026-09-05,7,P18,Player 18,W,34.68,MD,Match,Match,Starter,73.0,8373.0,721.0,125.0,33.0,40.0,34.16,98.5,8.7,635.0,1073.0,74.0,2202.0,7415.0,36552.0,130904.0,2476.0,7727.0,596.0,1792.0,1853.75,48,1.187862440997977,0.0,0.0,0.0
2026-09-06,7,P18,Player 18,W,34.68,MD+1,Recovery,Recovery,,33.0,2302.0,35.0,3.0,8.0,7.0,17.86,51.5,2.0,66.0,1062.0,75.0,2222.0,7430.0,36337.0,130630.0,2477.0,7725.0,596.0,1791.0,1857.5,49,1.1962314939434724,1.0,1.0,1.0
2026-09-07,8,P18,Player 18,W,34.68,OFF,Off,Off,,0.0,0.0,0.0,0.0,0.0,0.0,0.0,0.0,0.0,0.0,823.0,79.0,2222.0,7430.0,36337.0,130630.0,2477.0,7725.0,596.0,1791.0,1857.5,50,1.1962314939434724,2.0,2.0,2.0
2026-09-08,8,P18,Player 18,W,34.68,MD-4,Volume,Training,,78.0,7734.0,506.0,105.0,33.0,30.0,27.53,79.4,5.4,421.0,701.0,85.0,2195.0,7412.0,36125.0,130999.0,2554.0,7723.0,609.0,1794.0,1853.0,51,1.184565569347005,3.0,3.0,3.0
2026-09-09,8,P18,Player 18,W,34.68,MD-3,Speed / HSR,Training,,88.0,9023.0,847.0,257.0,43.0,35.0,32.84,94.7,6.1,537.0,487.0,83.0,2086.0,7397.0,36649.0,131206.0,2600.0,7687.0,593.0,1779.0,1849.25,52,1.1280248749493038,0.0,0.0,4.0
2026-09-10,8,P18,Player 18,W,34.68,MD-2,Tactical,Training,,78.0,5995.0,380.0,110.0,27.0,28.0,25.88,74.6,4.3,335.0,958.0,78.0,2116.0,7389.0,37142.0,130811.0,2584.0,7721.0,624.0,1802.0,1847.25,53,1.1454865340370821,1.0,1.0,5.0
2026-09-11,8,P18,Player 18,W,34.68,MD-1,Activation,Training,,39.0,3504.0,158.0,28.0,14.0,11.0,22.23,64.1,3.5,136.0,1293.0,80.0,2130.0,7426.0,36931.0,131065.0,2647.0,7766.0,628.0,1808.0,1856.5,54,1.1473202262321573,2.0,2.0,6.0
2026-09-12,8,P18,Player 18,W,34.68,MD,Match,Match,Starter,85.0,9184.0,987.0,424.0,38.0,44.0,31.78,91.6,8.2,697.0,1008.0,83.0,2192.0,7811.0,37742.0,136008.0,2913.0,8386.0,927.0,2048.0,1952.75,55,1.1225195237485597,0.0,0.0,7.0
2026-09-13,8,P18,Player 18,W,34.68,MD+1,Recovery,Recovery,,31.0,2437.0,34.0,3.0,10.0,7.0,20.24,58.4,1.3,40.0,1168.0,79.0,2166.0,7817.0,37877.0,136130.0,2912.0,8381.0,927.0,2048.0,1954.25,56,1.1083535883331201,1.0,1.0,8.0
2026-07-20,1,P19,Player 19,W,35.76,OFF,Off,Off,,0.0,0.0,0.0,0.0,0.0,0.0,0.0,0.0,0.0,0.0,0.0,85.0,0.0,0.0,0.0,0.0,0.0,0.0,0.0,0.0,0.0,1,,,,
2026-07-21,1,P19,Player 19,W,35.76,MD-4,Volume,Training,,83.0,6446.0,545.0,117.0,41.0,29.0,26.1,73.0,6.2,515.0,0.0,89.0,515.0,515.0,6446.0,6446.0,545.0,545.0,117.0,117.0,128.75,2,,,,
2026-07-22,1,P19,Player 19,W,35.76,MD-3,Speed / HSR,Training,,85.0,7879.0,891.0,271.0,38.0,38.0,33.13,92.7,5.5,468.0,515.0,83.0,983.0,983.0,14325.0,14325.0,1436.0,1436.0,388.0,388.0,245.75,3,,0.0,0.0,
2026-07-23,1,P19,Player 19,W,35.76,MD-2,Tactical,Training,,75.0,4800.0,441.0,100.0,30.0,29.0,29.05,81.2,4.8,360.0,983.0,79.0,1343.0,1343.0,19125.0,19125.0,1877.0,1877.0,488.0,488.0,335.75,4,,1.0,1.0,
2026-07-24,1,P19,Player 19,W,35.76,MD-1,Activation,Training,,32.0,2927.0,75.0,20.0,16.0,15.0,23.58,65.9,2.2,70.0,1343.0,76.0,1413.0,1413.0,22052.0,22052.0,1952.0,1952.0,508.0,508.0,353.25,5,,2.0,2.0,
2026-07-25,1,P19,Player 19,W,35.76,MD,Match,Match,Starter,87.0,10294.0,622.0,209.0,42.0,40.0,34.84,97.4,8.7,757.0,898.0,84.0,2170.0,2170.0,32346.0,32346.0,2574.0,2574.0,717.0,717.0,542.5,6,,0.0,0.0,0.0
2026-07-26,1,P19,Player 19,W,35.76,MD+1,Recovery,Recovery,,30.0,2219.0,39.0,4.0,10.0,8.0,20.49,57.3,3.4,102.0,1187.0,79.0,2272.0,2272.0,34565.0,34565.0,2613.0,2613.0,721.0,721.0,568.0,7,,1.0,1.0,1.0
2026-07-27,2,P19,Player 19,W,35.76,OFF,Off,Off,,0.0,0.0,0.0,0.0,0.0,0.0,0.0,0.0,0.0,0.0,929.0,84.0,2272.0,2272.0,34565.0,34565.0,2613.0,2613.0,721.0,721.0,568.0,8,,2.0,2.0,2.0
2026-07-28,2,P19,Player 19,W,35.76,MD-4,Volume,Training,,77.0,5901.0,559.0,128.0,33.0,23.0,29.38,82.2,5.5,424.0,859.0,85.0,2181.0,2696.0,34020.0,40466.0,2627.0,3172.0,732.0,849.0,674.0,9,,3.0,3.0,3.0
2026-07-29,2,P19,Player 19,W,35.76,MD-3,Speed / HSR,Training,,89.0,7109.0,767.0,302.0,35.0,40.0,31.15,87.1,6.0,534.0,526.0,85.0,2247.0,3230.0,33250.0,47575.0,2503.0,3939.0,763.0,1151.0,807.5,10,,0.0,4.0,4.0
2026-07-30,2,P19,Player 19,W,35.76,MD-2,Tactical,Training,,71.0,4962.0,421.0,81.0,30.0,27.0,24.6,68.8,5.1,362.0,958.0,79.0,2249.0,3592.0,33412.0,52537.0,2483.0,4360.0,744.0,1232.0,898.0,11,,1.0,5.0,5.0
2026-07-31,2,P19,Player 19,W,35.76,MD-1,Activation,Training,,50.0,2902.0,106.0,24.0,17.0,14.0,24.39,68.2,3.4,170.0,1320.0,81.0,2349.0,3762.0,33387.0,55439.0,2514.0,4466.0,748.0,1256.0,940.5,12,,2.0,6.0,6.0
2026-08-01,2,P19,Player 19,W,35.76,MD,Match,Top-up,Unused,57.0,4739.0,361.0,99.0,28.0,28.0,28.38,79.4,4.4,251.0,1066.0,81.0,1843.0,4013.0,27832.0,60178.0,2253.0,4827.0,638.0,1355.0,1003.25,13,,3.0,7.0,7.0
2026-08-02,2,P19,Player 19,W,35.76,MD+1,Recovery,Recovery,,34.0,2076.0,38.0,3.0,9.0,8.0,19.67,55.0,2.3,78.0,783.0,90.0,1819.0,4091.0,27689.0,62254.0,2252.0,4865.0,637.0,1358.0,1022.75,14,,4.0,8.0,8.0
2026-08-03,3,P19,Player 19,W,35.76,OFF,Off,Off,,0.0,0.0,0.0,0.0,0.0,0.0,0.0,0.0,0.0,0.0,499.0,85.0,1819.0,4091.0,27689.0,62254.0,2252.0,4865.0,637.0,1358.0,1022.75,15,,5.0,9.0,9.0
2026-08-04,3,P19,Player 19,W,35.76,MD-4,Volume,Training,,79.0,6748.0,525.0,79.0,35.0,33.0,28.33,79.2,5.8,458.0,329.0,88.0,1853.0,4549.0,28536.0,69002.0,2218.0,5390.0,588.0,1437.0,1137.25,16,,6.0,10.0,10.0
2026-08-05,3,P19,Player 19,W,35.76,MD-3,Speed / HSR,Training,,94.0,7445.0,875.0,201.0,38.0,32.0,30.53,85.4,6.5,611.0,536.0,85.0,1930.0,5160.0,28872.0,76447.0,2326.0,6265.0,487.0,1638.0,1290.0,17,,0.0,11.0,11.0
2026-08-06,3,P19,Player 19,W,35.76,MD-2,Tactical,Training,,69.0,5554.0,409.0,125.0,29.0,25.0,28.26,79.0,4.6,317.0,1069.0,79.0,1885.0,5477.0,29464.0,82001.0,2314.0,6674.0,531.0,1763.0,1369.25,18,,1.0,12.0,12.0
2026-08-07,3,P19,Player 19,W,35.76,MD-1,Activation,Training,,44.0,2570.0,149.0,26.0,16.0,13.0,27.09,75.8,2.1,92.0,1386.0,76.0,1807.0,5569.0,29132.0,84571.0,2357.0,6823.0,533.0,1789.0,1392.25,19,,2.0,13.0,13.0
2026-08-08,3,P19,Player 19,W,35.76,MD,Match,Match,Starter,84.0,9599.0,852.0,293.0,47.0,36.0,33.92,94.9,7.3,613.0,1020.0,81.0,2169.0,6182.0,33992.0,94170.0,2848.0,7675.0,727.0,2082.0,1545.5,20,,0.0,0.0,14.0
2026-08-09,3,P19,Player 19,W,35.76,MD+1,Recovery,Recovery,,29.0,2052.0,44.0,4.0,7.0,6.0,21.75,60.8,1.7,49.0,1022.0,81.0,2140.0,6231.0,33968.0,96222.0,2854.0,7719.0,728.0,2086.0,1557.75,21,,1.0,1.0,15.0
2026-08-10,4,P19,Player 19,W,35.76,OFF,Off,Off,,0.0,0.0,0.0,0.0,0.0,0.0,0.0,0.0,0.0,0.0,754.0,86.0,2140.0,6231.0,33968.0,96222.0,2854.0,7719.0,728.0,2086.0,1557.75,22,,2.0,2.0,16.0
2026-08-11,4,P19,Player 19,W,35.76,MD-4,Volume,Training,,79.0,6181.0,428.0,92.0,40.0,29.0,27.64,77.3,6.1,482.0,662.0,84.0,2164.0,6713.0,33401.0,102403.0,2757.0,8147.0,741.0,2178.0,1678.25,23,,3.0,3.0,17.0
2026-08-12,4,P19,Player 19,W,35.76,MD-3,Speed / HSR,Training,,88.0,7513.0,854.0,221.0,34.0,33.0,31.69,88.6,6.0,528.0,531.0,82.0,2081.0,7241.0,33469.0,109916.0,2736.0,9001.0,761.0,2399.0,1810.25,24,,0.0,4.0,18.0
2026-08-13,4,P19,Player 19,W,35.76,MD-2,Tactical,Training,,71.0,5330.0,393.0,90.0,32.0,28.0,28.85,80.7,5.4,383.0,1010.0,79.0,2147.0,7624.0,33245.0,115246.0,2720.0,9394.0,726.0,2489.0,1906.0,25,,1.0,5.0,19.0
2026-08-14,4,P19,Player 19,W,35.76,MD-1,Activation,Training,,50.0,2834.0,154.0,25.0,16.0,14.0,22.91,64.1,3.5,175.0,1393.0,73.0,2230.0,7799.0,33509.0,118080.0,2725.0,9548.0,725.0,2514.0,1949.75,26,,2.0,6.0,20.0
2026-08-15,4,P19,Player 19,W,35.76,MD,Match,Match,Starter,93.0,9580.0,1030.0,424.0,57.0,46.0,34.03,95.2,8.4,781.0,1086.0,85.0,2398.0,8580.0,33490.0,127660.0,2903.0,10578.0,856.0,2938.0,2145.0,27,,0.0,0.0,0.0
2026-08-16,4,P19,Player 19,W,35.76,MD+1,Recovery,Recovery,,34.0,2380.0,41.0,3.0,6.0,8.0,19.55,54.7,2.5,85.0,1339.0,76.0,2434.0,8665.0,33818.0,130040.0,2900.0,10619.0,855.0,2941.0,2166.25,28,1.123600692440854,1.0,1.0,1.0
2026-08-17,5,P19,Player 19,W,35.76,OFF,Off,Off,,0.0,0.0,0.0,0.0,0.0,0.0,0.0,0.0,0.0,0.0,1041.0,83.0,2434.0,8665.0,33818.0,130040.0,2900.0,10619.0,855.0,2941.0,2166.25,29,1.123600692440854,2.0,2.0,2.0
2026-08-18,5,P19,Player 19,W,35.76,MD-4,Volume,Training,,75.0,6331.0,507.0,80.0,39.0,25.0,29.13,81.5,5.4,405.0,866.0,82.0,2357.0,8555.0,33968.0,129925.0,2979.0,10581.0,843.0,2904.0,2138.75,30,1.1020455873758037,3.0,3.0,3.0
2026-08-19,5,P19,Player 19,W,35.76,MD-3,Speed / HSR,Training,,88.0,7187.0,725.0,363.0,40.0,44.0,34.64,96.9,5.4,475.0,490.0,85.0,2304.0,8562.0,33642.0,129233.0,2850.0,10415.0,985.0,2996.0,2140.5,31,1.0763840224246672,0.0,0.0,0.0
2026-08-20,5,P19,Player 19,W,35.76,MD-2,Tactical,Training,,69.0,5236.0,496.0,84.0,34.0,25.0,30.48,85.2,4.9,338.0,880.0,81.0,2259.0,8540.0,33548.0,129669.0,2953.0,10470.0,979.0,2980.0,2135.0,32,1.05807962529274,0.0,1.0,1.0
2026-08-21,5,P19,Player 19,W,35.76,MD-1,Activation,Training,,45.0,2900.0,141.0,25.0,14.0,16.0,28.15,78.7,2.9,130.0,1218.0,76.0,2214.0,8600.0,33614.0,129642.0,2940.0,10536.0,979.0,2985.0,2150.0,33,1.0297674418604652,1.0,2.0,2.0
2026-08-22,5,P19,Player 19,W,35.76,MD,Match,Match,Sub,12.0,1319.0,139.0,55.0,7.0,7.0,33.93,94.9,6.5,78.0,943.0,77.0,1511.0,7921.0,25353.0,120667.0,2049.0,10053.0,610.0,2831.0,1980.25,34,0.7630349703320288,0.0,0.0,3.0
2026-08-23,5,P19,Player 19,W,35.76,MD+1,Recovery,Recovery,,36.0,1821.0,31.0,4.0,6.0,8.0,17.39,48.6,2.3,83.0,546.0,89.0,1509.0,7902.0,24794.0,120269.0,2039.0,10045.0,611.0,2831.0,1975.5,35,0.7638572513287776,1.0,1.0,4.0
2026-08-24,6,P19,Player 19,W,35.76,OFF,Off,Off,,0.0,0.0,0.0,0.0,0.0,0.0,0.0,0.0,0.0,0.0,291.0,86.0,1509.0,7902.0,24794.0,120269.0,2039.0,10045.0,611.0,2831.0,1975.5,36,0.7638572513287776,2.0,2.0,5.0
2026-08-25,6,P19,Player 19,W,35.76,MD-4,Volume,Training,,79.0,6461.0,408.0,120.0,33.0,26.0,26.0,72.7,5.1,403.0,161.0,90.0,1507.0,7881.0,24924.0,120829.0,1940.0,9894.0,651.0,2823.0,1970.25,37,0.764877553609948,3.0,3.0,6.0
2026-08-26,6,P19,Player 19,W,35.76,MD-3,Speed / HSR,Training,,86.0,7557.0,1071.0,272.0,39.0,40.0,33.2,92.8,7.3,628.0,486.0,89.0,1660.0,7975.0,25294.0,121277.0,2286.0,10198.0,560.0,2793.0,1993.75,38,0.8326018808777429,0.0,0.0,7.0
2026-08-27,6,P19,Player 19,W,35.76,MD-2,Tactical,Training,,64.0,4719.0,357.0,97.0,29.0,28.0,29.19,81.6,5.0,320.0,1031.0,78.0,1642.0,7933.0,24777.0,121034.0,2147.0,10134.0,573.0,2809.0,1983.25,39,0.8279339468044876,1.0,1.0,8.0
2026-08-28,6,P19,Player 19,W,35.76,MD-1,Activation,Training,,43.0,3011.0,157.0,32.0,15.0,14.0,24.05,67.3,2.0,86.0,1351.0,79.0,1598.0,7849.0,24888.0,121143.0,2163.0,10185.0,580.0,2817.0,1962.25,40,0.8143712574850299,2.0,2.0,9.0
2026-08-29,6,P19,Player 19,W,35.76,MD,Match,Top-up,Unused,46.0,4045.0,443.0,75.0,26.0,21.0,30.27,84.7,4.1,189.0,1034.0,80.0,1709.0,7787.0,27614.0,120449.0,2467.0,10267.0,600.0,2793.0,1946.75,41,0.8778733787081032,3.0,3.0,10.0
2026-08-30,6,P19,Player 19,W,35.76,MD+1,Recovery,Recovery,,27.0,2212.0,36.0,4.0,9.0,6.0,19.61,54.8,1.7,46.0,595.0,80.0,1672.0,7755.0,28005.0,120585.0,2472.0,10265.0,600.0,2794.0,1938.75,42,0.8624113475177305,4.0,4.0,11.0
2026-08-31,7,P19,Player 19,W,35.76,OFF,Off,Off,,0.0,0.0,0.0,0.0,0.0,0.0,0.0,0.0,0.0,0.0,321.0,85.0,1672.0,7755.0,28005.0,120585.0,2472.0,10265.0,600.0,2794.0,1938.75,43,0.8624113475177305,5.0,5.0,12.0
2026-09-01,7,P19,Player 19,W,35.76,MD-4,Volume,Training,,78.0,5417.0,527.0,102.0,38.0,28.0,29.92,83.7,6.3,491.0,235.0,88.0,1760.0,7788.0,26961.0,119254.0,2591.0,10267.0,582.0,2817.0,1947.0,44,0.903954802259887,6.0,6.0,13.0
2026-09-02,7,P19,Player 19,W,35.76,MD-3,Speed / HSR,Training,,91.0,6881.0,836.0,178.0,38.0,40.0,32.74,91.6,6.5,592.0,537.0,82.0,1724.0,7769.0,26285.0,118690.0,2356.0,10228.0,488.0,2794.0,1942.25,45,0.8876303256532372,0.0,0.0,14.0
2026-09-03,7,P19,Player 19,W,35.76,MD-2,Tactical,Training,,67.0,5464.0,503.0,94.0,32.0,28.0,27.49,76.9,4.4,295.0,1083.0,78.0,1699.0,7747.0,27030.0,118600.0,2502.0,10322.0,485.0,2763.0,1936.75,46,0.8772428036659352,1.0,1.0,15.0
2026-09-04,7,P19,Player 19,W,35.76,MD-1,Activation,Training,,48.0,2631.0,117.0,23.0,15.0,12.0,24.97,69.8,2.5,120.0,1378.0,76.0,1733.0,7775.0,26650.0,118661.0,2462.0,10290.0,476.0,2760.0,1943.75,47,0.8915755627009646,2.0,2.0,16.0
2026-09-05,7,P19,Player 19,W,35.76,MD,Match,Top-up,Unused,56.0,4437.0,406.0,80.0,26.0,21.0,30.9,86.4,5.6,314.0,1007.0,87.0,1858.0,7476.0,27042.0,113499.0,2425.0,9844.0,481.0,2547.0,1869.0,48,0.9941144997324772,0.0,3.0,17.0
2026-09-06,7,P19,Player 19,W,35.76,MD+1,Recovery,Recovery,,40.0,2113.0,36.0,3.0,7.0,8.0,19.9,55.7,1.4,56.0,729.0,76.0,1868.0,7483.0,26943.0,113560.0,2425.0,9836.0,480.0,2546.0,1870.75,49,0.9985300013363624,1.0,4.0,18.0
2026-09-07,8,P19,Player 19,W,35.76,OFF,Off,Off,,0.0,0.0,0.0,0.0,0.0,0.0,0.0,0.0,0.0,0.0,490.0,86.0,1868.0,7483.0,26943.0,113560.0,2425.0,9836.0,480.0,2546.0,1870.75,50,0.9985300013363624,2.0,5.0,19.0
2026-09-08,8,P19,Player 19,W,35.76,MD-4,Volume,Training,,81.0,6400.0,429.0,124.0,33.0,27.0,30.28,84.7,6.1,494.0,370.0,84.0,1871.0,7495.0,27926.0,113779.0,2327.0,9837.0,502.0,2578.0,1873.75,51,0.9985323549032689,3.0,6.0,20.0
2026-09-09,8,P19,Player 19,W,35.76,MD-3,Speed / HSR,Training,,83.0,7315.0,956.0,285.0,47.0,33.0,34.21,95.7,6.0,498.0,550.0,82.0,1777.0,7465.0,28360.0,113581.0,2447.0,9939.0,609.0,2642.0,1866.25,52,0.9521768251841929,0.0,0.0,0.0
2026-09-10,8,P19,Player 19,W,35.76,MD-2,Tactical,Training,,64.0,5400.0,420.0,87.0,28.0,27.0,26.83,75.0,4.5,288.0,992.0,79.0,1770.0,7370.0,28296.0,113651.0,2364.0,9966.0,602.0,2639.0,1842.5,53,0.9606512890094979,1.0,1.0,1.0
2026-09-11,8,P19,Player 19,W,35.76,MD-1,Activation,Training,,40.0,2777.0,144.0,33.0,15.0,13.0,25.12,70.3,2.2,88.0,1280.0,80.0,1738.0,7283.0,28442.0,113594.0,2391.0,9956.0,612.0,2647.0,1820.75,54,0.9545516957297817,2.0,2.0,2.0
2026-09-12,8,P19,Player 19,W,35.76,MD,Match,Top-up,Unused,59.0,4228.0,368.0,73.0,28.0,15.0,28.77,80.5,4.7,277.0,874.0,83.0,1701.0,6779.0,28233.0,108242.0,2353.0,9294.0,605.0,2296.0,1694.75,55,1.0036878595663077,3.0,3.0,3.0
2026-09-13,8,P19,Player 19,W,35.76,MD+1,Recovery,Recovery,,35.0,2466.0,34.0,3.0,8.0,7.0,20.77,58.1,1.5,52.0,653.0,83.0,1697.0,6746.0,28586.0,108328.0,2351.0,9287.0,605.0,2296.0,1686.5,56,1.006225911651349,4.0,4.0,4.0
2026-07-20,1,P20,Player 20,W,35.06,OFF,Off,Off,,0.0,0.0,0.0,0.0,0.0,0.0,0.0,0.0,0.0,0.0,0.0,91.0,0.0,0.0,0.0,0.0,0.0,0.0,0.0,0.0,0.0,1,,,,
2026-07-21,1,P20,Player 20,W,35.06,MD-4,Volume,Training,,76.0,6529.0,564.0,80.0,33.0,27.0,27.07,77.2,5.5,418.0,0.0,92.0,418.0,418.0,6529.0,6529.0,564.0,564.0,80.0,80.0,104.5,2,,,,
2026-07-22,1,P20,Player 20,W,35.06,MD-3,Speed / HSR,Training,,88.0,8042.0,719.0,279.0,40.0,45.0,33.79,96.4,6.2,546.0,418.0,87.0,964.0,964.0,14571.0,14571.0,1283.0,1283.0,359.0,359.0,241.0,3,,0.0,0.0,0.0
2026-07-23,1,P20,Player 20,W,35.06,MD-2,Tactical,Training,,73.0,5598.0,309.0,90.0,31.0,24.0,29.76,84.9,5.4,394.0,964.0,79.0,1358.0,1358.0,20169.0,20169.0,1592.0,1592.0,449.0,449.0,339.5,4,,1.0,1.0,1.0
2026-07-24,1,P20,Player 20,W,35.06,MD-1,Activation,Training,,49.0,2935.0,166.0,26.0,19.0,18.0,24.7,70.5,2.0,98.0,1358.0,79.0,1456.0,1456.0,23104.0,23104.0,1758.0,1758.0,475.0,475.0,364.0,5,,2.0,2.0,2.0
2026-07-25,1,P20,Player 20,W,35.06,MD,Match,Top-up,Unused,50.0,4990.0,421.0,85.0,32.0,25.0,28.06,80.0,5.1,255.0,1038.0,81.0,1711.0,1711.0,28094.0,28094.0,2179.0,2179.0,560.0,560.0,427.75,6,,3.0,3.0,3.0
2026-07-26,1,P20,Player 20,W,35.06,MD+1,Recovery,Recovery,,33.0,2103.0,39.0,4.0,9.0,7.0,22.12,63.1,2.0,66.0,747.0,79.0,1777.0,1777.0,30197.0,30197.0,2218.0,2218.0,564.0,564.0,444.25,7,,4.0,4.0,4.0
2026-07-27,2,P20,Player 20,W,35.06,OFF,Off,Off,,0.0,0.0,0.0,0.0,0.0,0.0,0.0,0.0,0.0,0.0,419.0,80.0,1777.0,1777.0,30197.0,30197.0,2218.0,2218.0,564.0,564.0,444.25,8,,5.0,5.0,5.0
2026-07-28,2,P20,Player 20,W,35.06,MD-4,Volume,Training,,79.0,6925.0,419.0,138.0,34.0,35.0,25.98,74.1,4.6,363.0,321.0,79.0,1722.0,2140.0,30593.0,37122.0,2073.0,2637.0,622.0,702.0,535.0,9,,6.0,6.0,6.0
2026-07-29,2,P20,Player 20,W,35.06,MD-3,Speed / HSR,Training,,96.0,8521.0,815.0,233.0,44.0,40.0,32.3,92.1,6.3,605.0,429.0,85.0,1781.0,2745.0,31072.0,45643.0,2169.0,3452.0,576.0,935.0,686.25,10,,0.0,0.0,7.0
2026-07-30,2,P20,Player 20,W,35.06,MD-2,Tactical,Training,,58.0,5232.0,442.0,85.0,28.0,25.0,28.96,82.6,3.2,186.0,968.0,81.0,1573.0,2931.0,30706.0,50875.0,2302.0,3894.0,571.0,1020.0,732.75,11,,1.0,1.0,8.0
2026-07-31,2,P20,Player 20,W,35.06,MD-1,Activation,Training,,40.0,2868.0,135.0,28.0,19.0,17.0,24.79,70.7,2.9,116.0,1154.0,75.0,1591.0,3047.0,30639.0,53743.0,2271.0,4029.0,573.0,1048.0,761.75,12,,2.0,2.0,9.0
2026-08-01,2,P20,Player 20,W,35.06,MD,Match,Top-up,Unused,51.0,4498.0,335.0,48.0,28.0,26.0,28.14,80.3,5.9,301.0,907.0,84.0,1637.0,3348.0,30147.0,58241.0,2185.0,4364.0,536.0,1096.0,837.0,13,,3.0,3.0,10.0
2026-08-02,2,P20,Player 20,W,35.06,MD+1,Recovery,Recovery,,31.0,2347.0,34.0,4.0,12.0,8.0,16.59,47.3,1.5,46.0,603.0,84.0,1617.0,3394.0,30391.0,60588.0,2180.0,4398.0,536.0,1100.0,848.5,14,,4.0,4.0,11.0
2026-08-03,3,P20,Player 20,W,35.06,OFF,Off,Off,,0.0,0.0,0.0,0.0,0.0,0.0,0.0,0.0,0.0,0.0,463.0,89.0,1617.0,3394.0,30391.0,60588.0,2180.0,4398.0,536.0,1100.0,848.5,15,,5.0,5.0,12.0
2026-08-04,3,P20,Player 20,W,35.06,MD-4,Volume,Training,,75.0,5806.0,495.0,78.0,37.0,37.0,25.7,73.3,4.4,330.0,347.0,86.0,1584.0,3724.0,29272.0,66394.0,2256.0,4893.0,476.0,1178.0,931.0,16,,6.0,6.0,13.0
2026-08-05,3,P20,Player 20,W,35.06,MD-3,Speed / HSR,Training,,79.0,7167.0,754.0,238.0,48.0,41.0,33.35,95.1,6.9,545.0,376.0,82.0,1524.0,4269.0,27918.0,73561.0,2195.0,5647.0,481.0,1416.0,1067.25,17,,0.0,0.0,0.0
2026-08-06,3,P20,Player 20,W,35.06,MD-2,Tactical,Training,,72.0,6262.0,354.0,101.0,34.0,24.0,28.64,81.7,5.2,374.0,875.0,82.0,1712.0,4643.0,28948.0,79823.0,2107.0,6001.0,497.0,1517.0,1160.75,18,,1.0,1.0,1.0
2026-08-07,3,P20,Player 20,W,35.06,MD-1,Activation,Training,,43.0,3060.0,114.0,28.0,21.0,15.0,25.03,71.4,1.0,43.0,1249.0,80.0,1639.0,4686.0,29140.0,82883.0,2086.0,6115.0,497.0,1545.0,1171.5,19,,2.0,2.0,2.0
2026-08-08,3,P20,Player 20,W,35.06,MD,Match,Top-up,Unused,55.0,5290.0,407.0,101.0,27.0,25.0,27.59,78.7,4.6,253.0,962.0,79.0,1591.0,4939.0,29932.0,88173.0,2158.0,6522.0,550.0,1646.0,1234.75,20,,3.0,3.0,3.0
2026-08-09,3,P20,Player 20,W,35.06,MD+1,Recovery,Recovery,,31.0,2185.0,31.0,4.0,9.0,9.0,19.35,55.2,2.7,84.0,670.0,78.0,1629.0,5023.0,29770.0,90358.0,2155.0,6553.0,550.0,1650.0,1255.75,21,,4.0,4.0,4.0
2026-08-10,4,P20,Player 20,W,35.06,OFF,Off,Off,,0.0,0.0,0.0,0.0,0.0,0.0,0.0,0.0,0.0,0.0,380.0,85.0,1629.0,5023.0,29770.0,90358.0,2155.0,6553.0,550.0,1650.0,1255.75,22,,5.0,5.0,5.0
2026-08-11,4,P20,Player 20,W,35.06,MD-4,Volume,Training,,79.0,6742.0,479.0,101.0,38.0,28.0,27.94,79.7,5.4,427.0,337.0,82.0,1726.0,5450.0,30706.0,97100.0,2139.0,7032.0,573.0,1751.0,1362.5,23,,6.0,6.0,6.0
2026-08-12,4,P20,Player 20,W,35.06,MD-3,Speed / HSR,Training,,91.0,7804.0,825.0,222.0,44.0,42.0,32.99,94.1,6.0,546.0,511.0,87.0,1727.0,5996.0,31343.0,104904.0,2210.0,7857.0,557.0,1973.0,1499.0,24,,0.0,0.0,7.0
2026-08-13,4,P20,Player 20,W,35.06,MD-2,Tactical,Training,,68.0,6089.0,419.0,133.0,29.0,26.0,28.21,80.5,4.6,313.0,973.0,79.0,1666.0,6309.0,31170.0,110993.0,2275.0,8276.0,589.0,2106.0,1577.25,25,,1.0,1.0,8.0
2026-08-14,4,P20,Player 20,W,35.06,MD-1,Activation,Training,,43.0,3196.0,119.0,26.0,16.0,17.0,24.92,71.1,2.8,120.0,1286.0,83.0,1743.0,6429.0,31306.0,114189.0,2280.0,8395.0,587.0,2132.0,1607.25,26,,2.0,2.0,9.0
2026-08-15,4,P20,Player 20,W,35.06,MD,Match,Top-up,Unused,54.0,4620.0,383.0,70.0,33.0,22.0,28.22,80.5,4.8,259.0,979.0,73.0,1749.0,6688.0,30636.0,118809.0,2256.0,8778.0,556.0,2202.0,1672.0,27,,3.0,3.0,10.0
2026-08-16,4,P20,Player 20,W,35.06,MD+1,Recovery,Recovery,,30.0,2282.0,41.0,3.0,9.0,8.0,19.95,56.9,1.8,54.0,692.0,83.0,1719.0,6742.0,30733.0,121091.0,2266.0,8819.0,555.0,2205.0,1685.5,28,1.0198754078908336,4.0,4.0,11.0
2026-08-17,5,P20,Player 20,W,35.06,OFF,Off,Off,,0.0,0.0,0.0,0.0,0.0,0.0,0.0,0.0,0.0,0.0,433.0,89.0,1719.0,6742.0,30733.0,121091.0,2266.0,8819.0,555.0,2205.0,1685.5,29,1.0198754078908336,5.0,5.0,12.0
2026-08-18,5,P20,Player 20,W,35.06,MD-4,Volume,Training,,79.0,6256.0,536.0,81.0,38.0,31.0,27.22,77.6,5.5,434.0,313.0,83.0,1726.0,6758.0,30247.0,120818.0,2323.0,8791.0,535.0,2206.0,1689.5,30,1.0216040248594258,6.0,6.0,13.0
2026-08-19,5,P20,Player 20,W,35.06,MD-3,Speed / HSR,Training,,85.0,7528.0,798.0,269.0,61.0,35.0,32.54,92.8,6.8,578.0,488.0,84.0,1758.0,6790.0,29971.0,120304.0,2296.0,8870.0,582.0,2196.0,1697.5,31,1.0356406480117821,0.0,0.0,14.0
2026-08-20,5,P20,Player 20,W,35.06,MD-2,Tactical,Training,,71.0,5442.0,364.0,90.0,36.0,28.0,27.31,77.9,4.2,298.0,1012.0,79.0,1743.0,6694.0,29324.0,120148.0,2241.0,8925.0,539.0,2196.0,1673.5,32,1.0415297281147295,1.0,1.0,15.0
2026-08-21,5,P20,Player 20,W,35.06,MD-1,Activation,Training,,39.0,2873.0,139.0,32.0,16.0,15.0,24.78,70.7,3.1,121.0,1310.0,75.0,1744.0,6717.0,29001.0,120086.0,2261.0,8898.0,545.0,2202.0,1679.25,33,1.038558880452583,2.0,2.0,16.0
2026-08-22,5,P20,Player 20,W,35.06,MD,Match,Top-up,Unused,53.0,4381.0,366.0,87.0,19.0,31.0,29.44,84.0,4.3,228.0,997.0,81.0,1713.0,6690.0,28762.0,119477.0,2244.0,8843.0,562.0,2204.0,1672.5,34,1.0242152466367713,3.0,3.0,17.0
2026-08-23,5,P20,Player 20,W,35.06,MD+1,Recovery,Recovery,,30.0,2391.0,52.0,2.0,10.0,7.0,19.81,56.5,1.7,51.0,647.0,79.0,1710.0,6675.0,28871.0,119765.0,2255.0,8856.0,561.0,2202.0,1668.75,35,1.0247191011235954,4.0,4.0,18.0
2026-08-24,6,P20,Player 20,W,35.06,OFF,Off,Off,,0.0,0.0,0.0,0.0,0.0,0.0,0.0,0.0,0.0,0.0,400.0,84.0,1710.0,6675.0,28871.0,119765.0,2255.0,8856.0,561.0,2202.0,1668.75,36,1.0247191011235954,5.0,5.0,19.0
2026-08-25,6,P20,Player 20,W,35.06,MD-4,Volume,Training,,84.0,7240.0,508.0,137.0,38.0,35.0,27.49,78.4,4.9,412.0,279.0,87.0,1688.0,6724.0,29855.0,120080.0,2227.0,8945.0,617.0,2201.0,1681.0,37,1.0041641879833432,6.0,6.0,20.0
2026-08-26,6,P20,Player 20,W,35.06,MD-3,Speed / HSR,Training,,89.0,7760.0,633.0,205.0,38.0,41.0,30.58,87.2,7.2,641.0,463.0,84.0,1751.0,6760.0,30087.0,119319.0,2062.0,8763.0,553.0,2173.0,1690.0,38,1.036094674556213,0.0,7.0,21.0
2026-08-27,6,P20,Player 20,W,35.06,MD-2,Tactical,Training,,72.0,5548.0,445.0,102.0,34.0,31.0,24.82,70.8,4.2,302.0,1053.0,76.0,1755.0,6876.0,30193.0,119635.0,2143.0,8766.0,565.0,2190.0,1719.0,39,1.0209424083769634,1.0,8.0,22.0
2026-08-28,6,P20,Player 20,W,35.06,MD-1,Activation,Training,,39.0,2944.0,135.0,19.0,18.0,18.0,25.92,73.9,2.2,86.0,1355.0,80.0,1720.0,6846.0,30264.0,119711.0,2139.0,8766.0,552.0,2181.0,1711.5,40,1.00496640373941,2.0,9.0,23.0
2026-08-29,6,P20,Player 20,W,35.06,MD,Match,Top-up,Unused,52.0,4675.0,479.0,91.0,27.0,26.0,31.37,89.5,3.7,192.0,1029.0,82.0,1684.0,6737.0,30558.0,119888.0,2252.0,8910.0,556.0,2224.0,1684.25,41,0.9998515659789223,0.0,10.0,24.0
2026-08-30,6,P20,Player 20,W,35.06,MD+1,Recovery,Recovery,,36.0,2421.0,32.0,4.0,11.0,8.0,19.11,54.5,2.1,76.0,580.0,80.0,1709.0,6767.0,30588.0,119962.0,2232.0,8908.0,558.0,2224.0,1691.75,42,1.0101965420422638,1.0,11.0,25.0
2026-08-31,7,P20,Player 20,W,35.06,OFF,Off,Off,,0.0,0.0,0.0,0.0,0.0,0.0,0.0,0.0,0.0,0.0,354.0,81.0,1709.0,6767.0,30588.0,119962.0,2232.0,8908.0,558.0,2224.0,1691.75,43,1.0101965420422638,2.0,12.0,26.0
2026-09-01,7,P20,Player 20,W,35.06,MD-4,Volume,Training,,75.0,6392.0,510.0,92.0,39.0,32.0,27.75,79.1,5.2,390.0,268.0,83.0,1687.0,6827.0,29740.0,120548.0,2234.0,8923.0,513.0,2238.0,1706.75,44,0.9884282993994434,3.0,13.0,27.0
2026-09-02,7,P20,Player 20,W,35.06,MD-3,Speed / HSR,Training,,76.0,7681.0,839.0,290.0,51.0,39.0,32.05,91.4,5.6,426.0,466.0,86.0,1472.0,6708.0,29661.0,121062.0,2440.0,9008.0,598.0,2290.0,1677.0,45,0.877757901013715,0.0,0.0,28.0
2026-09-03,7,P20,Player 20,W,35.06,MD-2,Tactical,Training,,65.0,5389.0,364.0,84.0,30.0,27.0,28.35,80.9,4.3,280.0,816.0,82.0,1450.0,6614.0,29502.0,120189.0,2359.0,9018.0,580.0,2273.0,1653.5,46,0.8769277290595706,1.0,1.0,29.0
2026-09-04,7,P20,Player 20,W,35.06,MD-1,Activation,Training,,41.0,3223.0,130.0,31.0,18.0,15.0,23.85,68.0,2.6,107.0,1096.0,82.0,1471.0,6678.0,29781.0,120352.0,2354.0,9034.0,592.0,2276.0,1669.5,47,0.8811021263851453,2.0,2.0,30.0
2026-09-05,7,P20,Player 20,W,35.06,MD,Match,Match,Sub,38.0,4477.0,350.0,199.0,26.0,22.0,29.52,84.2,7.5,285.0,813.0,80.0,1564.0,6710.0,29583.0,119539.0,2225.0,8977.0,700.0,2374.0,1677.5,48,0.9323397913561848,3.0,3.0,31.0
2026-09-06,7,P20,Player 20,W,35.06,MD+1,Recovery,Recovery,,33.0,2145.0,43.0,3.0,10.0,9.0,18.37,52.4,1.9,63.0,672.0,80.0,1551.0,6689.0,29307.0,119499.0,2236.0,8989.0,699.0,2373.0,1672.25,49,0.9274928987890566,4.0,4.0,32.0
2026-09-07,8,P20,Player 20,W,35.06,OFF,Off,Off,,0.0,0.0,0.0,0.0,0.0,0.0,0.0,0.0,0.0,0.0,455.0,87.0,1551.0,6689.0,29307.0,119499.0,2236.0,8989.0,699.0,2373.0,1672.25,50,0.9274928987890566,5.0,5.0,33.0
2026-09-08,8,P20,Player 20,W,35.06,MD-4,Volume,Training,,79.0,6802.0,532.0,128.0,41.0,28.0,30.51,87.0,5.8,458.0,348.0,83.0,1619.0,6720.0,29717.0,119559.0,2258.0,9042.0,735.0,2400.0,1680.0,51,0.9636904761904762,0.0,6.0,34.0
2026-09-09,8,P20,Player 20,W,35.06,MD-3,Speed / HSR,Training,,89.0,8017.0,870.0,282.0,43.0,43.0,34.38,98.1,6.0,534.0,521.0,84.0,1727.0,6708.0,30053.0,119772.0,2289.0,9087.0,727.0,2460.0,1677.0,52,1.0298151460942158,0.0,0.0,0.0
2026-09-10,8,P20,Player 20,W,35.06,MD-2,Tactical,Training,,73.0,4785.0,426.0,67.0,32.0,25.0,29.45,84.0,3.7,270.0,992.0,75.0,1717.0,6665.0,29449.0,118468.0,2351.0,9094.0,710.0,2394.0,1666.25,53,1.0304576144036008,1.0,1.0,1.0
2026-09-11,8,P20,Player 20,W,35.06,MD-1,Activation,Training,,42.0,3125.0,134.0,35.0,19.0,17.0,23.23,66.3,2.9,122.0,1262.0,76.0,1732.0,6667.0,29351.0,118397.0,2355.0,9109.0,714.0,2403.0,1666.75,54,1.03914804259787,2.0,2.0,2.0
2026-09-12,8,P20,Player 20,W,35.06,MD,Match,Match,Sub,20.0,2646.0,280.0,53.0,16.0,9.0,33.56,95.7,7.3,146.0,926.0,84.0,1593.0,6554.0,27520.0,116423.0,2285.0,9006.0,568.0,2386.0,1638.5,55,0.9722306988098871,0.0,0.0,0.0
2026-09-13,8,P20,Player 20,W,35.06,MD+1,Recovery,Recovery,,37.0,2020.0,29.0,3.0,8.0,9.0,17.41,49.6,1.2,44.0,538.0,81.0,1574.0,6544.0,27395.0,116161.0,2271.0,8994.0,568.0,2386.0,1636.0,56,0.9621026894865525,1.0,1.0,1.0
2026-07-20,1,P21,Player 21,ST,33.58,OFF,Off,Off,,0.0,0.0,0.0,0.0,0.0,0.0,0.0,0.0,0.0,0.0,0.0,91.0,0.0,0.0,0.0,0.0,0.0,0.0,0.0,0.0,0.0,1,,,,
2026-07-21,1,P21,Player 21,ST,33.58,MD-4,Volume,Training,,80.0,6517.0,329.0,66.0,33.0,28.0,27.4,81.6,5.6,448.0,0.0,81.0,448.0,448.0,6517.0,6517.0,329.0,329.0,66.0,66.0,112.0,2,,,,
2026-07-22,1,P21,Player 21,ST,33.58,MD-3,Speed / HSR,Training,,89.0,6477.0,565.0,249.0,36.0,39.0,33.24,99.0,5.7,507.0,448.0,83.0,955.0,955.0,12994.0,12994.0,894.0,894.0,315.0,315.0,238.75,3,,0.0,0.0,0.0
2026-07-23,1,P21,Player 21,ST,33.58,MD-2,Tactical,Training,,75.0,5490.0,372.0,86.0,29.0,23.0,26.99,80.4,4.4,330.0,955.0,80.0,1285.0,1285.0,18484.0,18484.0,1266.0,1266.0,401.0,401.0,321.25,4,,1.0,1.0,1.0
2026-07-24,1,P21,Player 21,ST,33.58,MD-1,Activation,Training,,44.0,2989.0,89.0,24.0,14.0,15.0,23.55,70.1,2.4,106.0,1285.0,83.0,1391.0,1391.0,21473.0,21473.0,1355.0,1355.0,425.0,425.0,347.75,5,,2.0,2.0,2.0
2026-07-25,1,P21,Player 21,ST,33.58,MD,Match,Top-up,Unused,52.0,4595.0,359.0,50.0,22.0,20.0,27.11,80.7,4.5,234.0,943.0,77.0,1625.0,1625.0,26068.0,26068.0,1714.0,1714.0,475.0,475.0,406.25,6,,3.0,3.0,3.0
2026-07-26,1,P21,Player 21,ST,33.58,MD+1,Recovery,Recovery,,31.0,2338.0,30.0,3.0,9.0,6.0,18.88,56.2,2.9,90.0,670.0,85.0,1715.0,1715.0,28406.0,28406.0,1744.0,1744.0,478.0,478.0,428.75,7,,4.0,4.0,4.0
2026-07-27,2,P21,Player 21,ST,33.58,OFF,Off,Off,,0.0,0.0,0.0,0.0,0.0,0.0,0.0,0.0,0.0,0.0,430.0,88.0,1715.0,1715.0,28406.0,28406.0,1744.0,1744.0,478.0,478.0,428.75,8,,5.0,5.0,5.0
2026-07-28,2,P21,Player 21,ST,33.58,MD-4,Volume,Training,,84.0,6276.0,437.0,105.0,33.0,34.0,26.59,79.2,4.1,344.0,324.0,83.0,1611.0,2059.0,28165.0,34682.0,1852.0,2181.0,517.0,583.0,514.75,9,,6.0,6.0,6.0
2026-07-29,2,P21,Player 21,ST,33.58,MD-3,Speed / HSR,Training,,88.0,7674.0,543.0,241.0,44.0,31.0,30.67,91.3,5.9,519.0,434.0,83.0,1623.0,2578.0,29362.0,42356.0,1830.0,2724.0,509.0,824.0,644.5,10,,0.0,0.0,7.0
2026-07-30,2,P21,Player 21,ST,33.58,MD-2,Tactical,Training,,75.0,5373.0,275.0,78.0,26.0,28.0,27.39,81.6,3.4,255.0,863.0,82.0,1548.0,2833.0,29245.0,47729.0,1733.0,2999.0,501.0,902.0,708.25,11,,1.0,1.0,8.0
2026-07-31,2,P21,Player 21,ST,33.58,MD-1,Activation,Training,,43.0,3010.0,108.0,26.0,17.0,15.0,23.56,70.2,2.1,90.0,1118.0,74.0,1532.0,2923.0,29266.0,50739.0,1752.0,3107.0,503.0,928.0,730.75,12,,2.0,2.0,9.0
2026-08-01,2,P21,Player 21,ST,33.58,MD,Match,Match,Starter,87.0,10540.0,765.0,354.0,46.0,45.0,31.97,95.2,8.7,757.0,864.0,80.0,2055.0,3680.0,35211.0,61279.0,2158.0,3872.0,807.0,1282.0,920.0,13,,0.0,0.0,0.0
2026-08-02,2,P21,Player 21,ST,33.58,MD+1,Recovery,Recovery,,39.0,2283.0,31.0,4.0,9.0,8.0,19.55,58.2,2.7,105.0,1102.0,83.0,2070.0,3785.0,35156.0,63562.0,2159.0,3903.0,808.0,1286.0,946.25,14,,1.0,1.0,1.0
2026-08-03,3,P21,Player 21,ST,33.58,OFF,Off,Off,,0.0,0.0,0.0,0.0,0.0,0.0,0.0,0.0,0.0,0.0,952.0,82.0,2070.0,3785.0,35156.0,63562.0,2159.0,3903.0,808.0,1286.0,946.25,15,,2.0,2.0,2.0
2026-08-04,3,P21,Player 21,ST,33.58,MD-4,Volume,Training,,74.0,6365.0,379.0,123.0,36.0,31.0,27.04,80.5,5.4,400.0,862.0,81.0,2126.0,4185.0,35245.0,69927.0,2101.0,4282.0,826.0,1409.0,1046.25,16,,3.0,3.0,3.0
2026-08-05,3,P21,Player 21,ST,33.58,MD-3,Speed / HSR,Training,,93.0,7790.0,680.0,281.0,41.0,35.0,30.5,90.8,5.9,549.0,505.0,84.0,2156.0,4734.0,35361.0,77717.0,2238.0,4962.0,866.0,1690.0,1183.5,17,,0.0,0.0,4.0
2026-08-06,3,P21,Player 21,ST,33.58,MD-2,Tactical,Training,,67.0,5391.0,254.0,70.0,32.0,24.0,25.23,75.1,4.5,302.0,949.0,82.0,2203.0,5036.0,35379.0,83108.0,2217.0,5216.0,858.0,1760.0,1259.0,18,,1.0,1.0,5.0
2026-08-07,3,P21,Player 21,ST,33.58,MD-1,Activation,Training,,44.0,2931.0,96.0,30.0,15.0,14.0,23.06,68.7,1.4,62.0,1251.0,80.0,2175.0,5098.0,35300.0,86039.0,2205.0,5312.0,862.0,1790.0,1274.5,19,,2.0,2.0,6.0
2026-08-08,3,P21,Player 21,ST,33.58,MD,Match,Top-up,Unused,55.0,4628.0,253.0,64.0,22.0,24.0,29.96,89.2,5.5,302.0,913.0,79.0,1720.0,5400.0,29388.0,90667.0,1693.0,5565.0,572.0,1854.0,1350.0,20,,0.0,3.0,7.0
2026-08-09,3,P21,Player 21,ST,33.58,MD+1,Recovery,Recovery,,35.0,2329.0,33.0,3.0,9.0,7.0,20.72,61.7,1.3,46.0,666.0,88.0,1661.0,5446.0,29434.0,92996.0,1695.0,5598.0,571.0,1857.0,1361.5,21,,1.0,4.0,8.0
2026-08-10,4,P21,Player 21,ST,33.58,OFF,Off,Off,,0.0,0.0,0.0,0.0,0.0,0.0,0.0,0.0,0.0,0.0,410.0,89.0,1661.0,5446.0,29434.0,92996.0,1695.0,5598.0,571.0,1857.0,1361.5,22,,2.0,5.0,9.0
2026-08-11,4,P21,Player 21,ST,33.58,MD-4,Volume,Training,,85.0,6431.0,286.0,100.0,42.0,32.0,25.91,77.2,5.6,476.0,348.0,87.0,1737.0,5922.0,29500.0,99427.0,1602.0,5884.0,548.0,1957.0,1480.5,23,,3.0,6.0,10.0
2026-08-12,4,P21,Player 21,ST,33.58,MD-3,Speed / HSR,Training,,89.0,8991.0,655.0,234.0,40.0,36.0,30.72,91.5,6.4,570.0,522.0,81.0,1758.0,6492.0,30701.0,108418.0,1577.0,6539.0,501.0,2191.0,1623.0,24,,0.0,0.0,11.0
2026-08-13,4,P21,Player 21,ST,33.58,MD-2,Tactical,Training,,78.0,5142.0,355.0,101.0,31.0,23.0,28.18,83.9,5.1,398.0,1046.0,76.0,1854.0,6890.0,30452.0,113560.0,1678.0,6894.0,532.0,2292.0,1722.5,25,,1.0,1.0,12.0
2026-08-14,4,P21,Player 21,ST,33.58,MD-1,Activation,Training,,49.0,3239.0,117.0,20.0,15.0,13.0,24.36,72.5,2.7,132.0,1444.0,75.0,1924.0,7022.0,30760.0,116799.0,1699.0,7011.0,522.0,2312.0,1755.5,26,,2.0,2.0,13.0
2026-08-15,4,P21,Player 21,ST,33.58,MD,Match,Top-up,Unused,60.0,4459.0,281.0,73.0,29.0,16.0,26.36,78.5,6.3,378.0,1100.0,79.0,2000.0,7400.0,30591.0,121258.0,1727.0,7292.0,531.0,2385.0,1850.0,27,,3.0,3.0,14.0
2026-08-16,4,P21,Player 21,ST,33.58,MD+1,Recovery,Recovery,,38.0,2127.0,26.0,4.0,8.0,7.0,18.39,54.8,1.8,68.0,908.0,75.0,2022.0,7468.0,30389.0,123385.0,1720.0,7318.0,532.0,2389.0,1867.0,28,1.0830208891269417,4.0,4.0,15.0
2026-08-17,5,P21,Player 21,ST,33.58,OFF,Off,Off,,0.0,0.0,0.0,0.0,0.0,0.0,0.0,0.0,0.0,0.0,578.0,85.0,2022.0,7468.0,30389.0,123385.0,1720.0,7318.0,532.0,2389.0,1867.0,29,1.0830208891269417,5.0,5.0,16.0
2026-08-18,5,P21,Player 21,ST,33.58,MD-4,Volume,Training,,82.0,6239.0,434.0,103.0,30.0,29.0,26.51,79.0,4.8,394.0,446.0,89.0,1940.0,7414.0,30197.0,123107.0,1868.0,7423.0,535.0,2426.0,1853.5,30,1.0466684650660911,6.0,6.0,17.0
2026-08-19,5,P21,Player 21,ST,33.58,MD-3,Speed / HSR,Training,,88.0,7852.0,574.0,265.0,43.0,37.0,31.56,94.0,7.2,634.0,462.0,86.0,2004.0,7541.0,29058.0,124482.0,1787.0,7432.0,566.0,2442.0,1885.25,31,1.0629889935021881,0.0,0.0,18.0
2026-08-20,5,P21,Player 21,ST,33.58,MD-2,Tactical,Training,,74.0,5857.0,295.0,77.0,30.0,29.0,27.88,83.0,3.6,266.0,1028.0,78.0,1872.0,7477.0,29773.0,124849.0,1727.0,7355.0,542.0,2433.0,1869.25,32,1.001471178280059,1.0,1.0,19.0
2026-08-21,5,P21,Player 21,ST,33.58,MD-1,Activation,Training,,43.0,2669.0,115.0,30.0,16.0,15.0,22.95,68.3,2.1,90.0,1294.0,75.0,1830.0,7461.0,29203.0,124529.0,1725.0,7381.0,552.0,2439.0,1865.25,33,0.9811017289907519,2.0,2.0,20.0
2026-08-22,5,P21,Player 21,ST,33.58,MD,Match,Top-up,Unused,60.0,4483.0,310.0,74.0,29.0,22.0,27.71,82.5,5.4,324.0,990.0,81.0,1776.0,7551.0,29227.0,124417.0,1754.0,7332.0,553.0,2463.0,1887.75,34,0.9408025427095749,3.0,3.0,21.0
2026-08-23,5,P21,Player 21,ST,33.58,MD+1,Recovery,Recovery,,35.0,2057.0,33.0,2.0,9.0,7.0,16.82,50.1,2.8,98.0,680.0,82.0,1806.0,7559.0,29157.0,124136.0,1761.0,7335.0,551.0,2462.0,1889.75,35,0.9556819685143537,4.0,4.0,22.0
2026-08-24,6,P21,Player 21,ST,33.58,OFF,Off,Off,,0.0,0.0,0.0,0.0,0.0,0.0,0.0,0.0,0.0,0.0,512.0,85.0,1806.0,7559.0,29157.0,124136.0,1761.0,7335.0,551.0,2462.0,1889.75,36,0.9556819685143537,5.0,5.0,23.0
2026-08-25,6,P21,Player 21,ST,33.58,MD-4,Volume,Training,,75.0,5471.0,458.0,92.0,30.0,26.0,26.62,79.3,6.3,472.0,422.0,87.0,1884.0,7687.0,28389.0,123331.0,1785.0,7356.0,540.0,2449.0,1921.75,37,0.9803564459477039,6.0,6.0,24.0
2026-08-26,6,P21,Player 21,ST,33.58,MD-3,Speed / HSR,Training,,88.0,7658.0,590.0,285.0,37.0,33.0,32.29,96.2,6.6,581.0,570.0,87.0,1831.0,7749.0,28195.0,123315.0,1801.0,7403.0,560.0,2493.0,1937.25,38,0.9451542134468963,0.0,0.0,0.0
2026-08-27,6,P21,Player 21,ST,33.58,MD-2,Tactical,Training,,69.0,5829.0,381.0,67.0,33.0,22.0,25.19,75.0,4.3,297.0,1053.0,76.0,1862.0,7791.0,28167.0,123771.0,1887.0,7509.0,550.0,2482.0,1947.75,39,0.9559748427672956,1.0,1.0,1.0
2026-08-28,6,P21,Player 21,ST,33.58,MD-1,Activation,Training,,38.0,3093.0,77.0,30.0,15.0,16.0,21.48,64.0,3.2,122.0,1350.0,78.0,1894.0,7823.0,28591.0,123854.0,1849.0,7478.0,550.0,2486.0,1955.75,40,0.9684264348715327,2.0,2.0,2.0
2026-08-29,6,P21,Player 21,ST,33.58,MD,Match,Match,Starter,81.0,8852.0,647.0,269.0,36.0,42.0,30.23,90.0,8.3,672.0,1000.0,79.0,2242.0,7738.0,32960.0,122166.0,2186.0,7360.0,745.0,2401.0,1934.5,41,1.1589558025329543,0.0,0.0,3.0
2026-08-30,6,P21,Player 21,ST,33.58,MD+1,Recovery,Recovery,,35.0,2287.0,33.0,3.0,9.0,8.0,18.69,55.7,0.9,32.0,1091.0,79.0,2176.0,7665.0,33190.0,122170.0,2186.0,7362.0,746.0,2400.0,1916.25,42,1.1355512067840834,1.0,1.0,4.0
2026-08-31,7,P21,Player 21,ST,33.58,OFF,Off,Off,,0.0,0.0,0.0,0.0,0.0,0.0,0.0,0.0,0.0,0.0,826.0,84.0,2176.0,7665.0,33190.0,122170.0,2186.0,7362.0,746.0,2400.0,1916.25,43,1.1355512067840834,2.0,2.0,5.0
2026-09-01,7,P21,Player 21,ST,33.58,MD-4,Volume,Training,,78.0,6466.0,368.0,93.0,33.0,29.0,26.35,78.5,5.4,421.0,704.0,85.0,2125.0,7686.0,34185.0,122271.0,2096.0,7351.0,747.0,2370.0,1921.5,44,1.1059068436117616,3.0,3.0,6.0
2026-09-02,7,P21,Player 21,ST,33.58,MD-3,Speed / HSR,Training,,87.0,7103.0,511.0,218.0,47.0,35.0,31.15,92.8,6.1,531.0,453.0,89.0,2075.0,7668.0,33630.0,121584.0,2017.0,7182.0,680.0,2307.0,1917.0,45,1.0824204486176316,0.0,0.0,7.0
2026-09-03,7,P21,Player 21,ST,33.58,MD-2,Tactical,Training,,63.0,5112.0,262.0,89.0,30.0,26.0,25.6,76.2,4.5,284.0,952.0,82.0,2062.0,7650.0,32913.0,121305.0,1898.0,7190.0,702.0,2326.0,1912.5,46,1.078169934640523,1.0,1.0,8.0
2026-09-04,7,P21,Player 21,ST,33.58,MD-1,Activation,Training,,47.0,2910.0,113.0,22.0,17.0,13.0,24.51,73.0,2.6,122.0,1236.0,78.0,2062.0,7710.0,32730.0,121284.0,1934.0,7207.0,694.0,2318.0,1927.5,47,1.0697795071335927,2.0,2.0,9.0
2026-09-05,7,P21,Player 21,ST,33.58,MD,Match,Top-up,Unused,48.0,4799.0,356.0,99.0,27.0,19.0,27.77,82.7,6.0,288.0,937.0,80.0,1678.0,7696.0,28677.0,121455.0,1643.0,7310.0,524.0,2353.0,1924.0,48,0.8721413721413721,3.0,3.0,10.0
2026-09-06,7,P21,Player 21,ST,33.58,MD+1,Recovery,Recovery,,35.0,1959.0,31.0,3.0,8.0,7.0,18.77,55.9,2.6,91.0,694.0,77.0,1737.0,7741.0,28349.0,121085.0,1641.0,7308.0,524.0,2353.0,1935.25,49,0.8975584549799768,4.0,4.0,11.0
2026-09-07,8,P21,Player 21,ST,33.58,OFF,Off,Off,,0.0,0.0,0.0,0.0,0.0,0.0,0.0,0.0,0.0,0.0,501.0,88.0,1737.0,7741.0,28349.0,121085.0,1641.0,7308.0,524.0,2353.0,1935.25,50,0.8975584549799768,5.0,5.0,12.0
2026-09-08,8,P21,Player 21,ST,33.58,MD-4,Volume,Training,,76.0,5932.0,421.0,98.0,34.0,32.0,26.2,78.0,4.5,342.0,379.0,84.0,1658.0,7607.0,27815.0,120586.0,1694.0,7443.0,529.0,2351.0,1901.75,51,0.8718285789404496,6.0,6.0,13.0
2026-09-09,8,P21,Player 21,ST,33.58,MD-3,Speed / HSR,Training,,81.0,8064.0,630.0,256.0,43.0,34.0,30.58,91.1,6.3,510.0,433.0,86.0,1637.0,7547.0,28776.0,119659.0,1813.0,7418.0,567.0,2373.0,1886.75,52,0.8676295216642375,0.0,0.0,14.0
2026-09-10,8,P21,Player 21,ST,33.58,MD-2,Tactical,Training,,63.0,5444.0,305.0,66.0,30.0,20.0,25.31,75.4,4.1,258.0,852.0,83.0,1611.0,7407.0,29108.0,119961.0,1856.0,7368.0,544.0,2338.0,1851.75,53,0.8699878493317132,1.0,1.0,15.0
2026-09-11,8,P21,Player 21,ST,33.58,MD-1,Activation,Training,,41.0,3080.0,116.0,26.0,19.0,16.0,24.89,74.1,3.1,127.0,1110.0,75.0,1616.0,7402.0,29278.0,119802.0,1859.0,7367.0,548.0,2344.0,1850.5,54,0.8732774925695758,2.0,2.0,16.0
2026-09-12,8,P21,Player 21,ST,33.58,MD,Match,Top-up,Unused,50.0,4463.0,304.0,82.0,23.0,22.0,26.63,79.3,4.0,200.0,895.0,78.0,1528.0,7224.0,28942.0,119806.0,1807.0,7390.0,531.0,2353.0,1806.0,55,0.8460686600221484,3.0,3.0,17.0
2026-09-13,8,P21,Player 21,ST,33.58,MD+1,Recovery,Recovery,,36.0,2107.0,25.0,4.0,7.0,7.0,18.22,54.3,2.2,79.0,585.0,88.0,1516.0,7235.0,29090.0,119786.0,1801.0,7389.0,532.0,2353.0,1808.75,56,0.8381478921907395,4.0,4.0,18.0
2026-07-20,1,P22,Player 22,ST,35.57,OFF,Off,Off,,0.0,0.0,0.0,0.0,0.0,0.0,0.0,0.0,0.0,0.0,0.0,89.0,0.0,0.0,0.0,0.0,0.0,0.0,0.0,0.0,0.0,1,,,,
2026-07-21,1,P22,Player 22,ST,35.57,MD-4,Volume,Training,,79.0,6277.0,380.0,88.0,28.0,25.0,28.7,80.7,5.7,450.0,0.0,86.0,450.0,450.0,6277.0,6277.0,380.0,380.0,88.0,88.0,112.5,2,,,,
2026-07-22,1,P22,Player 22,ST,35.57,MD-3,Speed / HSR,Training,,85.0,7383.0,731.0,170.0,38.0,37.0,30.67,86.2,5.6,476.0,450.0,84.0,926.0,926.0,13660.0,13660.0,1111.0,1111.0,258.0,258.0,231.5,3,,0.0,,
2026-07-23,1,P22,Player 22,ST,35.57,MD-2,Tactical,Training,,65.0,5010.0,296.0,87.0,28.0,22.0,28.41,79.9,4.4,286.0,926.0,84.0,1212.0,1212.0,18670.0,18670.0,1407.0,1407.0,345.0,345.0,303.0,4,,1.0,,
2026-07-24,1,P22,Player 22,ST,35.57,MD-1,Activation,Training,,44.0,2837.0,107.0,17.0,13.0,14.0,24.39,68.6,1.7,75.0,1212.0,81.0,1287.0,1287.0,21507.0,21507.0,1514.0,1514.0,362.0,362.0,321.75,5,,2.0,,
2026-07-25,1,P22,Player 22,ST,35.57,MD,Match,Match,Starter,76.0,7364.0,532.0,311.0,42.0,29.0,33.34,93.7,7.6,578.0,837.0,77.0,1865.0,1865.0,28871.0,28871.0,2046.0,2046.0,673.0,673.0,466.25,6,,0.0,0.0,
2026-07-26,1,P22,Player 22,ST,35.57,MD+1,Recovery,Recovery,,36.0,1995.0,27.0,2.0,7.0,6.0,20.7,58.2,0.8,29.0,939.0,86.0,1894.0,1894.0,30866.0,30866.0,2073.0,2073.0,675.0,675.0,473.5,7,,1.0,1.0,
2026-07-27,2,P22,Player 22,ST,35.57,OFF,Off,Off,,0.0,0.0,0.0,0.0,0.0,0.0,0.0,0.0,0.0,0.0,682.0,86.0,1894.0,1894.0,30866.0,30866.0,2073.0,2073.0,675.0,675.0,473.5,8,,2.0,2.0,
2026-07-28,2,P22,Player 22,ST,35.57,MD-4,Volume,Training,,75.0,6190.0,388.0,62.0,28.0,24.0,28.0,78.7,4.4,330.0,607.0,83.0,1774.0,2224.0,30779.0,37056.0,2081.0,2461.0,649.0,737.0,556.0,9,,3.0,3.0,
2026-07-29,2,P22,Player 22,ST,35.57,MD-3,Speed / HSR,Training,,88.0,7066.0,721.0,224.0,32.0,34.0,31.76,89.3,6.1,537.0,359.0,81.0,1835.0,2761.0,30462.0,44122.0,2071.0,3182.0,703.0,961.0,690.25,10,,0.0,4.0,
2026-07-30,2,P22,Player 22,ST,35.57,MD-2,Tactical,Training,,68.0,4725.0,345.0,55.0,30.0,22.0,26.65,74.9,4.0,272.0,867.0,84.0,1821.0,3033.0,30177.0,48847.0,2120.0,3527.0,671.0,1016.0,758.25,11,,1.0,5.0,
2026-07-31,2,P22,Player 22,ST,35.57,MD-1,Activation,Training,,44.0,2788.0,102.0,27.0,14.0,13.0,26.23,73.7,2.7,119.0,1139.0,80.0,1865.0,3152.0,30128.0,51635.0,2115.0,3629.0,681.0,1043.0,788.0,12,,2.0,6.0,
2026-08-01,2,P22,Player 22,ST,35.57,MD,Match,Match,Sub,29.0,3179.0,271.0,137.0,14.0,13.0,33.99,95.5,8.1,235.0,928.0,76.0,1522.0,3387.0,25943.0,54814.0,1854.0,3900.0,507.0,1180.0,846.75,13,,0.0,0.0,0.0
2026-08-02,2,P22,Player 22,ST,35.57,MD+1,Recovery,Recovery,,35.0,2178.0,27.0,2.0,9.0,7.0,20.57,57.8,1.9,66.0,626.0,82.0,1559.0,3453.0,26126.0,56992.0,1854.0,3927.0,507.0,1182.0,863.25,14,,1.0,1.0,1.0
2026-08-03,3,P22,Player 22,ST,35.57,OFF,Off,Off,,0.0,0.0,0.0,0.0,0.0,0.0,0.0,0.0,0.0,0.0,420.0,95.0,1559.0,3453.0,26126.0,56992.0,1854.0,3927.0,507.0,1182.0,863.25,15,,2.0,2.0,2.0
2026-08-04,3,P22,Player 22,ST,35.57,MD-4,Volume,Training,,75.0,6317.0,321.0,91.0,34.0,26.0,28.24,79.4,5.4,405.0,301.0,86.0,1634.0,3858.0,26253.0,63309.0,1787.0,4248.0,536.0,1273.0,964.5,16,,3.0,3.0,3.0
2026-08-05,3,P22,Player 22,ST,35.57,MD-3,Speed / HSR,Training,,90.0,7216.0,564.0,188.0,32.0,35.0,32.82,92.3,5.9,531.0,471.0,82.0,1628.0,4389.0,26403.0,70525.0,1630.0,4812.0,500.0,1461.0,1097.25,17,,0.0,0.0,4.0
2026-08-06,3,P22,Player 22,ST,35.57,MD-2,Tactical,Training,,68.0,4863.0,326.0,57.0,24.0,23.0,29.31,82.4,5.1,347.0,936.0,77.0,1703.0,4736.0,26541.0,75388.0,1611.0,5138.0,502.0,1518.0,1184.0,18,,1.0,1.0,5.0
2026-08-07,3,P22,Player 22,ST,35.57,MD-1,Activation,Training,,39.0,2982.0,74.0,18.0,14.0,14.0,25.86,72.7,2.3,90.0,1283.0,83.0,1674.0,4826.0,26735.0,78370.0,1583.0,5212.0,493.0,1536.0,1206.5,19,,2.0,2.0,6.0
2026-08-08,3,P22,Player 22,ST,35.57,MD,Match,Top-up,Unused,44.0,4710.0,317.0,49.0,22.0,22.0,29.85,83.9,3.9,172.0,968.0,83.0,1611.0,4998.0,28266.0,83080.0,1629.0,5529.0,405.0,1585.0,1249.5,20,,3.0,3.0,7.0
2026-08-09,3,P22,Player 22,ST,35.57,MD+1,Recovery,Recovery,,34.0,2051.0,30.0,2.0,8.0,6.0,17.59,49.5,1.8,61.0,609.0,88.0,1606.0,5059.0,28139.0,85131.0,1632.0,5559.0,405.0,1587.0,1264.75,21,,4.0,4.0,8.0
2026-08-10,4,P22,Player 22,ST,35.57,OFF,Off,Off,,0.0,0.0,0.0,0.0,0.0,0.0,0.0,0.0,0.0,0.0,323.0,86.0,1606.0,5059.0,28139.0,85131.0,1632.0,5559.0,405.0,1587.0,1264.75,22,,5.0,5.0,9.0
2026-08-11,4,P22,Player 22,ST,35.57,MD-4,Volume,Training,,75.0,2967.0,160.0,29.0,25.0,23.0,28.47,80.0,5.0,375.0,233.0,90.0,1576.0,5434.0,24789.0,88098.0,1471.0,5719.0,343.0,1616.0,1358.5,23,,6.0,6.0,10.0
2026-08-12,4,P22,Player 22,ST,35.57,MD-3,Speed / HSR,Training,,82.0,3726.0,270.0,71.0,35.0,31.0,32.8,92.2,6.9,566.0,436.0,82.0,1611.0,6000.0,21299.0,91824.0,1177.0,5989.0,226.0,1687.0,1500.0,24,,0.0,0.0,11.0
2026-08-13,4,P22,Player 22,ST,35.57,MD-2,Tactical,Training,,72.0,2805.0,138.0,24.0,28.0,22.0,27.04,76.0,3.8,274.0,941.0,81.0,1538.0,6274.0,19241.0,94629.0,989.0,6127.0,193.0,1711.0,1568.5,25,,1.0,1.0,12.0
2026-08-14,4,P22,Player 22,ST,35.57,MD-1,Activation,Training,,38.0,1516.0,37.0,7.0,12.0,13.0,25.37,71.3,3.7,141.0,1215.0,79.0,1589.0,6415.0,17775.0,96145.0,952.0,6164.0,182.0,1718.0,1603.75,26,,2.0,2.0,13.0
2026-08-15,4,P22,Player 22,ST,35.57,MD,Match,Top-up,Unused,54.0,2174.0,127.0,22.0,25.0,23.0,29.65,83.4,4.4,238.0,981.0,85.0,1655.0,6653.0,15239.0,98319.0,762.0,6291.0,155.0,1740.0,1663.25,27,,3.0,3.0,14.0
2026-08-16,4,P22,Player 22,ST,35.57,MD+1,Recovery,Recovery,,32.0,1125.0,13.0,1.0,6.0,8.0,19.38,54.5,2.1,67.0,653.0,84.0,1661.0,6720.0,14313.0,99444.0,745.0,6304.0,154.0,1741.0,1680.0,28,0.9886904761904762,4.0,4.0,15.0
2026-08-17,5,P22,Player 22,ST,35.57,OFF,Off,Off,,0.0,0.0,0.0,0.0,0.0,0.0,0.0,0.0,0.0,0.0,446.0,82.0,1661.0,6720.0,14313.0,99444.0,745.0,6304.0,154.0,1741.0,1680.0,29,0.9886904761904762,5.0,5.0,16.0
2026-08-18,5,P22,Player 22,ST,35.57,MD-4,Volume,Training,,80.0,4725.0,210.0,40.0,32.0,24.0,28.83,81.1,5.7,456.0,305.0,86.0,1742.0,6726.0,16071.0,97892.0,795.0,6134.0,165.0,1693.0,1681.5,30,1.0359797799583705,6.0,6.0,17.0
2026-08-19,5,P22,Player 22,ST,35.57,MD-3,Speed / HSR,Training,,92.0,5694.0,368.0,124.0,36.0,32.0,32.13,90.3,5.8,534.0,523.0,78.0,1710.0,6784.0,18039.0,96203.0,893.0,5771.0,218.0,1647.0,1696.0,31,1.008254716981132,0.0,0.0,18.0
2026-08-20,5,P22,Player 22,ST,35.57,MD-2,Tactical,Training,,69.0,3667.0,202.0,55.0,22.0,19.0,27.07,76.1,4.6,317.0,990.0,73.0,1753.0,6815.0,18901.0,94860.0,957.0,5677.0,249.0,1615.0,1703.75,32,1.0289068231841525,1.0,1.0,19.0
2026-08-21,5,P22,Player 22,ST,35.57,MD-1,Activation,Training,,48.0,2238.0,74.0,16.0,13.0,12.0,25.1,70.6,2.3,110.0,1307.0,80.0,1722.0,6850.0,19623.0,94261.0,994.0,5644.0,258.0,1614.0,1712.5,33,1.0055474452554745,2.0,2.0,20.0
2026-08-22,5,P22,Player 22,ST,35.57,MD,Match,Match,Sub,31.0,2710.0,228.0,99.0,16.0,14.0,31.67,89.0,8.2,254.0,961.0,79.0,1738.0,6526.0,20159.0,89607.0,1095.0,5340.0,335.0,1402.0,1631.5,34,1.0652773521299417,0.0,3.0,21.0
2026-08-23,5,P22,Player 22,ST,35.57,MD+1,Recovery,Recovery,,34.0,1811.0,23.0,1.0,7.0,7.0,21.46,60.3,2.1,71.0,681.0,82.0,1742.0,6568.0,20845.0,89423.0,1105.0,5336.0,335.0,1401.0,1642.0,35,1.0609013398294762,1.0,4.0,22.0
2026-08-24,6,P22,Player 22,ST,35.57,OFF,Off,Off,,0.0,0.0,0.0,0.0,0.0,0.0,0.0,0.0,0.0,0.0,435.0,87.0,1742.0,6568.0,20845.0,89423.0,1105.0,5336.0,335.0,1401.0,1642.0,36,1.0609013398294762,2.0,5.0,23.0
2026-08-25,6,P22,Player 22,ST,35.57,MD-4,Volume,Training,,86.0,5267.0,354.0,69.0,33.0,27.0,27.66,77.8,5.2,447.0,325.0,90.0,1733.0,6685.0,21387.0,88500.0,1249.0,5302.0,364.0,1408.0,1671.25,37,1.036948391922214,3.0,6.0,24.0
2026-08-26,6,P22,Player 22,ST,35.57,MD-3,Speed / HSR,Training,,87.0,7589.0,613.0,220.0,34.0,38.0,32.0,90.0,7.3,635.0,518.0,86.0,1834.0,6783.0,23282.0,89023.0,1494.0,5194.0,460.0,1404.0,1695.75,38,1.0815273477812177,0.0,0.0,25.0
2026-08-27,6,P22,Player 22,ST,35.57,MD-2,Tactical,Training,,69.0,4480.0,322.0,76.0,29.0,21.0,28.05,78.9,4.4,304.0,1082.0,86.0,1821.0,6815.0,24095.0,88778.0,1614.0,5171.0,481.0,1425.0,1703.75,39,1.0688187820983126,1.0,1.0,26.0
2026-08-28,6,P22,Player 22,ST,35.57,MD-1,Activation,Training,,44.0,2729.0,83.0,22.0,15.0,14.0,26.15,73.5,2.2,97.0,1386.0,79.0,1808.0,6793.0,24586.0,88719.0,1623.0,5152.0,487.0,1420.0,1698.25,40,1.0646253496246136,2.0,2.0,27.0
2026-08-29,6,P22,Player 22,ST,35.57,MD,Match,Match,Sub,35.0,3945.0,243.0,73.0,17.0,14.0,31.74,89.2,6.1,214.0,1036.0,81.0,1768.0,6772.0,25821.0,89485.0,1638.0,5124.0,461.0,1356.0,1693.0,41,1.0443000590667455,0.0,3.0,28.0
2026-08-30,6,P22,Player 22,ST,35.57,MD+1,Recovery,Recovery,,34.0,2077.0,25.0,2.0,6.0,7.0,19.77,55.6,0.8,27.0,615.0,84.0,1724.0,6733.0,26087.0,89384.0,1640.0,5122.0,462.0,1356.0,1683.25,42,1.0242091192633298,1.0,4.0,29.0
2026-08-31,7,P22,Player 22,ST,35.57,OFF,Off,Off,,0.0,0.0,0.0,0.0,0.0,0.0,0.0,0.0,0.0,0.0,338.0,81.0,1724.0,6733.0,26087.0,89384.0,1640.0,5122.0,462.0,1356.0,1683.25,43,1.0242091192633298,2.0,5.0,30.0
2026-09-01,7,P22,Player 22,ST,35.57,MD-4,Volume,Training,,71.0,5655.0,358.0,71.0,35.0,26.0,28.68,80.6,4.9,348.0,241.0,89.0,1625.0,6676.0,26475.0,88722.0,1644.0,5159.0,464.0,1336.0,1669.0,44,0.9736369083283404,3.0,6.0,31.0
2026-09-02,7,P22,Player 22,ST,35.57,MD-3,Speed / HSR,Training,,81.0,7739.0,453.0,191.0,37.0,32.0,31.82,89.5,5.3,429.0,375.0,77.0,1419.0,6574.0,26625.0,89245.0,1484.0,5048.0,435.0,1339.0,1643.5,45,0.8634012777608762,0.0,7.0,32.0
2026-09-03,7,P22,Player 22,ST,35.57,MD-2,Tactical,Training,,68.0,4628.0,326.0,77.0,29.0,21.0,29.57,83.1,4.1,279.0,777.0,80.0,1394.0,6506.0,26773.0,89010.0,1488.0,5048.0,436.0,1359.0,1626.5,46,0.8570550261297264,1.0,8.0,33.0
2026-09-04,7,P22,Player 22,ST,35.57,MD-1,Activation,Training,,50.0,2568.0,82.0,18.0,12.0,11.0,25.67,72.2,2.6,130.0,1056.0,80.0,1427.0,6546.0,26612.0,88596.0,1487.0,5056.0,432.0,1359.0,1636.5,47,0.871982890314696,2.0,9.0,34.0
2026-09-05,7,P22,Player 22,ST,35.57,MD,Match,Top-up,Unused,49.0,4266.0,333.0,69.0,29.0,18.0,27.94,78.5,5.4,265.0,838.0,79.0,1478.0,6639.0,26933.0,88152.0,1577.0,5072.0,428.0,1379.0,1659.75,48,0.8904955565597229,3.0,10.0,35.0
2026-09-06,7,P22,Player 22,ST,35.57,MD+1,Recovery,Recovery,,29.0,2000.0,31.0,3.0,8.0,8.0,20.33,57.1,2.5,72.0,674.0,81.0,1523.0,6650.0,26856.0,88101.0,1583.0,5073.0,429.0,1380.0,1662.5,49,0.9160902255639097,4.0,11.0,36.0
2026-09-07,8,P22,Player 22,ST,35.57,OFF,Off,Off,,0.0,0.0,0.0,0.0,0.0,0.0,0.0,0.0,0.0,0.0,467.0,90.0,1523.0,6650.0,26856.0,88101.0,1583.0,5073.0,429.0,1380.0,1662.5,50,0.9160902255639097,5.0,12.0,37.0
2026-09-08,8,P22,Player 22,ST,35.57,MD-4,Volume,Training,,80.0,5737.0,377.0,65.0,29.0,28.0,29.21,82.1,4.7,376.0,337.0,89.0,1551.0,6651.0,26938.0,90871.0,1602.0,5290.0,423.0,1416.0,1662.75,51,0.9327920613441588,6.0,13.0,38.0
2026-09-09,8,P22,Player 22,ST,35.57,MD-3,Speed / HSR,Training,,94.0,7279.0,522.0,171.0,37.0,28.0,30.78,86.5,6.8,639.0,448.0,82.0,1761.0,6724.0,26478.0,94424.0,1671.0,5542.0,403.0,1516.0,1681.0,52,1.047590719809637,0.0,14.0,39.0
2026-09-10,8,P22,Player 22,ST,35.57,MD-2,Tactical,Training,,73.0,5484.0,339.0,67.0,20.0,23.0,29.93,84.1,5.1,372.0,1015.0,78.0,1854.0,6822.0,27334.0,97103.0,1684.0,5743.0,393.0,1559.0,1705.5,53,1.087071240105541,1.0,15.0,40.0
2026-09-11,8,P22,Player 22,ST,35.57,MD-1,Activation,Training,,51.0,2513.0,116.0,17.0,13.0,13.0,26.43,74.3,1.9,97.0,1387.0,73.0,1821.0,6778.0,27279.0,98100.0,1718.0,5822.0,392.0,1569.0,1694.5,54,1.0746532900560637,2.0,16.0,41.0
2026-09-12,8,P22,Player 22,ST,35.57,MD,Match,Match,Sub,19.0,1844.0,146.0,63.0,10.0,10.0,26.58,74.7,7.6,144.0,1108.0,81.0,1700.0,6684.0,24857.0,97770.0,1531.0,5841.0,386.0,1610.0,1671.0,55,1.0173548773189707,3.0,17.0,42.0
2026-09-13,8,P22,Player 22,ST,35.57,MD+1,Recovery,Recovery,,36.0,1930.0,27.0,2.0,8.0,6.0,22.08,62.1,1.3,47.0,613.0,82.0,1675.0,6664.0,24787.0,98575.0,1527.0,5855.0,385.0,1611.0,1666.0,56,1.0054021608643458,4.0,18.0,43.0
2026-07-20,1,P23,Player 23,ST,34.91,OFF,Off,Off,,0.0,0.0,0.0,0.0,0.0,0.0,0.0,0.0,0.0,0.0,0.0,82.0,0.0,0.0,0.0,0.0,0.0,0.0,0.0,0.0,0.0,1,,,,
2026-07-21,1,P23,Player 23,ST,34.91,MD-4,Volume,Training,,76.0,6494.0,333.0,79.0,34.0,24.0,26.34,75.5,4.3,327.0,0.0,88.0,327.0,327.0,6494.0,6494.0,333.0,333.0,79.0,79.0,81.75,2,,,,
2026-07-22,1,P23,Player 23,ST,34.91,MD-3,Speed / HSR,Training,,86.0,7358.0,625.0,214.0,32.0,39.0,31.41,90.0,7.2,619.0,327.0,87.0,946.0,946.0,13852.0,13852.0,958.0,958.0,293.0,293.0,236.5,3,,0.0,0.0,
2026-07-23,1,P23,Player 23,ST,34.91,MD-2,Tactical,Training,,69.0,4886.0,273.0,60.0,24.0,27.0,28.06,80.4,3.3,228.0,946.0,84.0,1174.0,1174.0,18738.0,18738.0,1231.0,1231.0,353.0,353.0,293.5,4,,1.0,1.0,
2026-07-24,1,P23,Player 23,ST,34.91,MD-1,Activation,Training,,46.0,3032.0,76.0,21.0,16.0,15.0,25.21,72.2,1.8,83.0,1174.0,78.0,1257.0,1257.0,21770.0,21770.0,1307.0,1307.0,374.0,374.0,314.25,5,,2.0,2.0,
2026-07-25,1,P23,Player 23,ST,34.91,MD,Match,Top-up,Unused,44.0,4467.0,233.0,62.0,20.0,21.0,28.81,82.5,4.9,216.0,930.0,79.0,1473.0,1473.0,26237.0,26237.0,1540.0,1540.0,436.0,436.0,368.25,6,,3.0,3.0,
2026-07-26,1,P23,Player 23,ST,34.91,MD+1,Recovery,Recovery,,37.0,2097.0,28.0,2.0,9.0,9.0,20.37,58.4,0.9,33.0,527.0,90.0,1506.0,1506.0,28334.0,28334.0,1568.0,1568.0,438.0,438.0,376.5,7,,4.0,4.0,
2026-07-27,2,P23,Player 23,ST,34.91,OFF,Off,Off,,0.0,0.0,0.0,0.0,0.0,0.0,0.0,0.0,0.0,0.0,332.0,85.0,1506.0,1506.0,28334.0,28334.0,1568.0,1568.0,438.0,438.0,376.5,8,,5.0,5.0,
2026-07-28,2,P23,Player 23,ST,34.91,MD-4,Volume,Training,,75.0,5946.0,376.0,90.0,31.0,29.0,28.1,80.5,4.7,352.0,249.0,88.0,1531.0,1858.0,27786.0,34280.0,1611.0,1944.0,449.0,528.0,464.5,9,,6.0,6.0,
2026-07-29,2,P23,Player 23,ST,34.91,MD-3,Speed / HSR,Training,,89.0,7373.0,630.0,183.0,36.0,35.0,31.43,90.0,7.1,632.0,385.0,83.0,1544.0,2490.0,27801.0,41653.0,1616.0,2574.0,418.0,711.0,622.5,10,,0.0,0.0,
2026-07-30,2,P23,Player 23,ST,34.91,MD-2,Tactical,Training,,67.0,4815.0,281.0,56.0,21.0,25.0,25.38,72.7,3.9,261.0,984.0,82.0,1577.0,2751.0,27730.0,46468.0,1624.0,2855.0,414.0,767.0,687.75,11,,1.0,1.0,
2026-07-31,2,P23,Player 23,ST,34.91,MD-1,Activation,Training,,53.0,2859.0,96.0,18.0,14.0,15.0,25.47,73.0,2.8,148.0,1245.0,73.0,1642.0,2899.0,27557.0,49327.0,1644.0,2951.0,411.0,785.0,724.75,12,,2.0,2.0,
2026-08-01,2,P23,Player 23,ST,34.91,MD,Match,Top-up,Unused,52.0,3752.0,281.0,42.0,28.0,23.0,29.85,85.5,4.2,218.0,1041.0,78.0,1644.0,3117.0,26842.0,53079.0,1692.0,3232.0,391.0,827.0,779.25,13,,0.0,3.0,
2026-08-02,2,P23,Player 23,ST,34.91,MD+1,Recovery,Recovery,,32.0,2155.0,31.0,3.0,7.0,7.0,21.38,61.2,1.7,54.0,627.0,79.0,1665.0,3171.0,26900.0,55234.0,1695.0,3263.0,392.0,830.0,792.75,14,,1.0,4.0,
2026-08-03,3,P23,Player 23,ST,34.91,OFF,Off,Off,,0.0,0.0,0.0,0.0,0.0,0.0,0.0,0.0,0.0,0.0,420.0,83.0,1665.0,3171.0,26900.0,55234.0,1695.0,3263.0,392.0,830.0,792.75,15,,2.0,5.0,
2026-08-04,3,P23,Player 23,ST,34.91,MD-4,Volume,Training,,67.0,6398.0,340.0,80.0,34.0,30.0,26.53,76.0,5.1,342.0,272.0,90.0,1655.0,3513.0,27352.0,61632.0,1659.0,3603.0,382.0,910.0,878.25,16,,3.0,6.0,
2026-08-05,3,P23,Player 23,ST,34.91,MD-3,Speed / HSR,Training,,91.0,7337.0,473.0,238.0,37.0,35.0,32.17,92.1,7.1,646.0,396.0,83.0,1669.0,4159.0,27316.0,68969.0,1502.0,4076.0,437.0,1148.0,1039.75,17,,0.0,0.0,
2026-08-06,3,P23,Player 23,ST,34.91,MD-2,Tactical,Training,,67.0,5633.0,252.0,87.0,24.0,29.0,26.78,76.7,5.6,375.0,988.0,82.0,1783.0,4534.0,28134.0,74602.0,1473.0,4328.0,468.0,1235.0,1133.5,18,,1.0,1.0,
2026-08-07,3,P23,Player 23,ST,34.91,MD-1,Activation,Training,,49.0,2785.0,104.0,16.0,17.0,14.0,23.18,66.4,2.5,122.0,1363.0,82.0,1757.0,4656.0,28060.0,77387.0,1481.0,4432.0,466.0,1251.0,1164.0,19,,2.0,2.0,
2026-08-08,3,P23,Player 23,ST,34.91,MD,Match,Match,Starter,91.0,8443.0,650.0,308.0,45.0,40.0,34.25,98.1,9.1,828.0,1143.0,79.0,2367.0,5484.0,32751.0,85830.0,1850.0,5082.0,732.0,1559.0,1371.0,20,,0.0,0.0,0.0
2026-08-09,3,P23,Player 23,ST,34.91,MD+1,Recovery,Recovery,,30.0,1892.0,27.0,3.0,8.0,8.0,16.84,48.2,1.0,30.0,1325.0,81.0,2343.0,5514.0,32488.0,87722.0,1846.0,5109.0,732.0,1562.0,1378.5,21,,1.0,1.0,1.0
2026-08-10,4,P23,Player 23,ST,34.91,OFF,Off,Off,,0.0,0.0,0.0,0.0,0.0,0.0,0.0,0.0,0.0,0.0,980.0,82.0,2343.0,5514.0,32488.0,87722.0,1846.0,5109.0,732.0,1562.0,1378.5,22,,2.0,2.0,2.0
2026-08-11,4,P23,Player 23,ST,34.91,MD-4,Volume,Training,,80.0,5733.0,374.0,66.0,37.0,25.0,26.59,76.2,5.5,440.0,858.0,82.0,2441.0,5954.0,31823.0,93455.0,1880.0,5483.0,718.0,1628.0,1488.5,23,,3.0,3.0,3.0
2026-08-12,4,P23,Player 23,ST,34.91,MD-3,Speed / HSR,Training,,88.0,7850.0,532.0,224.0,40.0,40.0,32.99,94.5,6.8,598.0,470.0,87.0,2393.0,6552.0,32336.0,101305.0,1939.0,6015.0,704.0,1852.0,1638.0,24,,0.0,0.0,4.0
2026-08-13,4,P23,Player 23,ST,34.91,MD-2,Tactical,Training,,67.0,5369.0,277.0,70.0,29.0,24.0,29.37,84.1,4.2,281.0,1038.0,86.0,2299.0,6833.0,32072.0,106674.0,1964.0,6292.0,687.0,1922.0,1708.25,25,,1.0,1.0,5.0
2026-08-14,4,P23,Player 23,ST,34.91,MD-1,Activation,Training,,47.0,2850.0,102.0,16.0,14.0,15.0,21.8,62.4,2.6,122.0,1319.0,75.0,2299.0,6955.0,32137.0,109524.0,1962.0,6394.0,687.0,1938.0,1738.75,26,,2.0,2.0,6.0
2026-08-15,4,P23,Player 23,ST,34.91,MD,Match,Match,Starter,93.0,9571.0,582.0,177.0,38.0,39.0,31.73,90.9,8.6,800.0,1001.0,77.0,2271.0,7755.0,33265.0,119095.0,1894.0,6976.0,556.0,2115.0,1938.75,27,,0.0,0.0,7.0
2026-08-16,4,P23,Player 23,ST,34.91,MD+1,Recovery,Recovery,,28.0,2083.0,24.0,3.0,7.0,8.0,18.41,52.7,1.5,42.0,1203.0,75.0,2283.0,7797.0,33456.0,121178.0,1891.0,7000.0,556.0,2118.0,1949.25,28,1.171219699884571,1.0,1.0,8.0
2026-08-17,5,P23,Player 23,ST,34.91,OFF,Off,Off,,0.0,0.0,0.0,0.0,0.0,0.0,0.0,0.0,0.0,0.0,964.0,83.0,2283.0,7797.0,33456.0,121178.0,1891.0,7000.0,556.0,2118.0,1949.25,29,1.171219699884571,2.0,2.0,9.0
2026-08-18,5,P23,Player 23,ST,34.91,MD-4,Volume,Training,,73.0,5647.0,413.0,85.0,30.0,27.0,27.3,78.2,4.5,328.0,842.0,85.0,2171.0,7798.0,33370.0,120331.0,1930.0,7080.0,575.0,2124.0,1949.5,30,1.1136188766350346,3.0,3.0,10.0
2026-08-19,5,P23,Player 23,ST,34.91,MD-3,Speed / HSR,Training,,83.0,6754.0,553.0,161.0,35.0,36.0,30.48,87.3,6.6,548.0,370.0,83.0,2121.0,7727.0,32274.0,119727.0,1951.0,7008.0,512.0,2071.0,1931.75,31,1.097968163582244,0.0,4.0,11.0
2026-08-20,5,P23,Player 23,ST,34.91,MD-2,Tactical,Training,,72.0,5448.0,317.0,50.0,31.0,25.0,28.47,81.6,3.6,259.0,876.0,74.0,2099.0,7758.0,32353.0,120289.0,1991.0,7052.0,492.0,2061.0,1939.5,32,1.0822376901263213,1.0,5.0,12.0
2026-08-21,5,P23,Player 23,ST,34.91,MD-1,Activation,Training,,47.0,2898.0,82.0,20.0,15.0,16.0,24.92,71.4,2.9,136.0,1135.0,77.0,2113.0,7811.0,32401.0,120155.0,1971.0,7058.0,496.0,2060.0,1952.75,33,1.0820637562411983,2.0,6.0,13.0
2026-08-22,5,P23,Player 23,ST,34.91,MD,Match,Top-up,Unused,50.0,4416.0,216.0,52.0,23.0,23.0,30.79,88.2,5.0,250.0,943.0,82.0,1563.0,7845.0,27246.0,120104.0,1605.0,7041.0,371.0,2050.0,1961.25,34,0.7969407265774379,0.0,7.0,14.0
2026-08-23,5,P23,Player 23,ST,34.91,MD+1,Recovery,Recovery,,35.0,2124.0,26.0,3.0,8.0,7.0,18.51,53.0,1.5,52.0,645.0,83.0,1573.0,7864.0,27287.0,120131.0,1607.0,7039.0,371.0,2051.0,1966.0,35,0.8001017293997965,1.0,8.0,15.0
2026-08-24,6,P23,Player 23,ST,34.91,OFF,Off,Off,,0.0,0.0,0.0,0.0,0.0,0.0,0.0,0.0,0.0,0.0,438.0,85.0,1573.0,7864.0,27287.0,120131.0,1607.0,7039.0,371.0,2051.0,1966.0,36,0.8001017293997965,2.0,9.0,16.0
2026-08-25,6,P23,Player 23,ST,34.91,MD-4,Volume,Training,,76.0,6974.0,367.0,89.0,23.0,30.0,30.47,87.3,6.0,456.0,302.0,84.0,1701.0,7968.0,28614.0,121159.0,1561.0,7030.0,375.0,2050.0,1992.0,37,0.8539156626506024,0.0,10.0,17.0
2026-08-26,6,P23,Player 23,ST,34.91,MD-3,Speed / HSR,Training,,87.0,8068.0,619.0,242.0,35.0,41.0,34.37,98.5,6.2,539.0,508.0,87.0,1692.0,7875.0,29928.0,121854.0,1627.0,7019.0,456.0,2109.0,1968.75,38,0.8594285714285714,0.0,0.0,0.0
2026-08-27,6,P23,Player 23,ST,34.91,MD-2,Tactical,Training,,77.0,4238.0,246.0,68.0,24.0,25.0,27.42,78.6,4.0,308.0,995.0,81.0,1741.0,7922.0,28718.0,121277.0,1556.0,6984.0,474.0,2121.0,1980.5,39,0.8790709416813935,1.0,1.0,1.0
2026-08-28,6,P23,Player 23,ST,34.91,MD-1,Activation,Training,,40.0,2656.0,109.0,18.0,17.0,15.0,24.84,71.2,2.4,96.0,1303.0,79.0,1701.0,7870.0,28476.0,121074.0,1583.0,6997.0,472.0,2121.0,1967.5,40,0.864548919949174,2.0,2.0,2.0
2026-08-29,6,P23,Player 23,ST,34.91,MD,Match,Top-up,Unused,55.0,4540.0,271.0,77.0,23.0,21.0,27.96,80.1,4.6,253.0,943.0,81.0,1704.0,7905.0,28600.0,121862.0,1638.0,6987.0,497.0,2156.0,1976.25,41,0.8622390891840607,3.0,3.0,3.0
2026-08-30,6,P23,Player 23,ST,34.91,MD+1,Recovery,Recovery,,35.0,2145.0,28.0,2.0,7.0,7.0,18.54,53.1,1.8,63.0,657.0,84.0,1715.0,7914.0,28621.0,121852.0,1640.0,6984.0,496.0,2155.0,1978.5,42,0.8668182966894111,4.0,4.0,4.0
2026-08-31,7,P23,Player 23,ST,34.91,OFF,Off,Off,,0.0,0.0,0.0,0.0,0.0,0.0,0.0,0.0,0.0,0.0,412.0,86.0,1715.0,7914.0,28621.0,121852.0,1640.0,6984.0,496.0,2155.0,1978.5,43,0.8668182966894111,5.0,5.0,5.0
2026-09-01,7,P23,Player 23,ST,34.91,MD-4,Volume,Training,,78.0,5733.0,337.0,69.0,31.0,22.0,26.55,76.1,6.1,476.0,316.0,83.0,1735.0,8048.0,27380.0,121187.0,1610.0,6981.0,476.0,2144.0,2012.0,44,0.8623260437375746,6.0,6.0,6.0
2026-09-02,7,P23,Player 23,ST,34.91,MD-3,Speed / HSR,Training,,85.0,7236.0,517.0,237.0,34.0,38.0,32.31,92.6,7.0,595.0,539.0,85.0,1791.0,7997.0,26548.0,121086.0,1508.0,7025.0,471.0,2143.0,1999.25,45,0.8958359384769289,0.0,0.0,7.0
2026-09-03,7,P23,Player 23,ST,34.91,MD-2,Tactical,Training,,73.0,5098.0,271.0,43.0,26.0,26.0,27.08,77.6,5.5,402.0,1071.0,82.0,1885.0,8024.0,27408.0,120551.0,1533.0,7044.0,446.0,2099.0,2006.0,46,0.9396809571286141,1.0,1.0,8.0
2026-09-04,7,P23,Player 23,ST,34.91,MD-1,Activation,Training,,42.0,2857.0,86.0,25.0,14.0,12.0,25.41,72.8,2.5,105.0,1473.0,80.0,1894.0,8007.0,27609.0,120623.0,1510.0,7026.0,453.0,2108.0,2001.75,47,0.9461720994130136,2.0,2.0,9.0
2026-09-05,7,P23,Player 23,ST,34.91,MD,Match,Match,Starter,79.0,8435.0,573.0,261.0,41.0,38.0,32.67,93.6,9.3,735.0,1102.0,81.0,2376.0,7914.0,31504.0,120615.0,1812.0,6949.0,637.0,2061.0,1978.5,48,1.200909780136467,0.0,0.0,10.0
2026-09-06,7,P23,Player 23,ST,34.91,MD+1,Recovery,Recovery,,33.0,2004.0,25.0,3.0,8.0,8.0,18.94,54.2,1.6,53.0,1242.0,75.0,2366.0,7937.0,31363.0,120727.0,1809.0,6947.0,638.0,2061.0,1984.25,49,1.1923900718155473,1.0,1.0,11.0
2026-09-07,8,P23,Player 23,ST,34.91,OFF,Off,Off,,0.0,0.0,0.0,0.0,0.0,0.0,0.0,0.0,0.0,0.0,893.0,78.0,2366.0,7937.0,31363.0,120727.0,1809.0,6947.0,638.0,2061.0,1984.25,50,1.1923900718155473,2.0,2.0,12.0
2026-09-08,8,P23,Player 23,ST,34.91,MD-4,Volume,Training,,73.0,6273.0,367.0,86.0,30.0,31.0,29.76,85.3,5.3,387.0,788.0,80.0,2277.0,7884.0,31903.0,121267.0,1839.0,6940.0,655.0,2081.0,1971.0,51,1.1552511415525115,0.0,3.0,13.0
2026-09-09,8,P23,Player 23,ST,34.91,MD-3,Speed / HSR,Training,,91.0,7439.0,589.0,212.0,41.0,39.0,28.93,82.9,6.3,573.0,440.0,85.0,2255.0,7859.0,32106.0,120856.0,1911.0,6997.0,630.0,2069.0,1964.75,52,1.147728718666497,1.0,4.0,14.0
2026-09-10,8,P23,Player 23,ST,34.91,MD-2,Tactical,Training,,72.0,4846.0,261.0,88.0,23.0,23.0,28.73,82.3,4.1,295.0,960.0,80.0,2148.0,7873.0,31854.0,120333.0,1901.0,6981.0,675.0,2087.0,1968.25,53,1.0913247808967357,2.0,5.0,15.0
2026-09-11,8,P23,Player 23,ST,34.91,MD-1,Activation,Training,,42.0,2957.0,91.0,23.0,20.0,15.0,23.54,67.4,1.8,76.0,1255.0,74.0,2119.0,7827.0,31954.0,120440.0,1906.0,6970.0,673.0,2094.0,1956.75,54,1.082918103998978,3.0,6.0,16.0
2026-09-12,8,P23,Player 23,ST,34.91,MD,Match,Top-up,Unused,52.0,4761.0,288.0,61.0,25.0,21.0,29.38,84.1,3.6,187.0,944.0,77.0,1571.0,7214.0,28280.0,115630.0,1621.0,6676.0,473.0,1978.0,1803.5,55,0.8710840033268644,4.0,7.0,17.0
2026-09-13,8,P23,Player 23,ST,34.91,MD+1,Recovery,Recovery,,34.0,1979.0,22.0,2.0,7.0,7.0,18.0,51.6,2.2,75.0,558.0,77.0,1593.0,7247.0,28255.0,115526.0,1618.0,6674.0,472.0,1977.0,1811.75,56,0.8792603836070098,5.0,8.0,18.0
2026-07-20,1,P24,Player 24,ST,36.0,OFF,Off,Off,,0.0,0.0,0.0,0.0,0.0,0.0,0.0,0.0,0.0,0.0,0.0,78.0,0.0,0.0,0.0,0.0,0.0,0.0,0.0,0.0,0.0,1,,,,
2026-07-21,1,P24,Player 24,ST,36.0,MD-4,Volume,Training,,69.0,6914.0,439.0,77.0,27.0,33.0,30.47,84.6,5.2,359.0,0.0,88.0,359.0,359.0,6914.0,6914.0,439.0,439.0,77.0,77.0,89.75,2,,,,
2026-07-22,1,P24,Player 24,ST,36.0,MD-3,Speed / HSR,Training,,85.0,8453.0,710.0,230.0,34.0,30.0,33.8,93.9,5.8,493.0,359.0,93.0,852.0,852.0,15367.0,15367.0,1149.0,1149.0,307.0,307.0,213.0,3,,0.0,0.0,
2026-07-23,1,P24,Player 24,ST,36.0,MD-2,Tactical,Training,,70.0,6552.0,367.0,79.0,23.0,23.0,27.07,75.2,4.6,322.0,852.0,87.0,1174.0,1174.0,21919.0,21919.0,1516.0,1516.0,386.0,386.0,293.5,4,,1.0,1.0,
2026-07-24,1,P24,Player 24,ST,36.0,MD-1,Activation,Training,,45.0,3331.0,102.0,23.0,14.0,16.0,26.86,74.6,2.5,112.0,1174.0,75.0,1286.0,1286.0,25250.0,25250.0,1618.0,1618.0,409.0,409.0,321.5,5,,2.0,2.0,
2026-07-25,1,P24,Player 24,ST,36.0,MD,Match,Top-up,Unused,54.0,4735.0,342.0,55.0,22.0,23.0,27.79,77.2,4.5,243.0,927.0,81.0,1529.0,1529.0,29985.0,29985.0,1960.0,1960.0,464.0,464.0,382.25,6,,3.0,3.0,
2026-07-26,1,P24,Player 24,ST,36.0,MD+1,Recovery,Recovery,,37.0,2566.0,25.0,3.0,7.0,8.0,20.02,55.6,2.0,74.0,677.0,78.0,1603.0,1603.0,32551.0,32551.0,1985.0,1985.0,467.0,467.0,400.75,7,,4.0,4.0,
2026-07-27,2,P24,Player 24,ST,36.0,OFF,Off,Off,,0.0,0.0,0.0,0.0,0.0,0.0,0.0,0.0,0.0,0.0,429.0,80.0,1603.0,1603.0,32551.0,32551.0,1985.0,1985.0,467.0,467.0,400.75,8,,5.0,5.0,
2026-07-28,2,P24,Player 24,ST,36.0,MD-4,Volume,Training,,73.0,6781.0,372.0,67.0,27.0,32.0,26.8,74.4,5.2,380.0,317.0,82.0,1624.0,1983.0,32418.0,39332.0,1918.0,2357.0,457.0,534.0,495.75,9,,6.0,6.0,
2026-07-29,2,P24,Player 24,ST,36.0,MD-3,Speed / HSR,Training,,91.0,9906.0,848.0,175.0,33.0,32.0,32.14,89.3,6.0,546.0,454.0,84.0,1677.0,2529.0,33871.0,49238.0,2056.0,3205.0,402.0,709.0,632.25,10,,0.0,7.0,
2026-07-30,2,P24,Player 24,ST,36.0,MD-2,Tactical,Training,,66.0,5751.0,404.0,69.0,24.0,21.0,27.62,76.7,4.5,297.0,926.0,80.0,1652.0,2826.0,33070.0,54989.0,2093.0,3609.0,392.0,778.0,706.5,11,,1.0,8.0,
2026-07-31,2,P24,Player 24,ST,36.0,MD-1,Activation,Training,,49.0,3380.0,104.0,28.0,13.0,13.0,24.33,67.6,2.0,98.0,1223.0,79.0,1638.0,2924.0,33119.0,58369.0,2095.0,3713.0,397.0,806.0,731.0,12,,2.0,9.0,
2026-08-01,2,P24,Player 24,ST,36.0,MD,Match,Match,Sub,12.0,1680.0,111.0,32.0,5.0,8.0,33.48,93.0,8.0,96.0,941.0,83.0,1491.0,3020.0,30064.0,60049.0,1864.0,3824.0,374.0,838.0,755.0,13,,0.0,0.0,
2026-08-02,2,P24,Player 24,ST,36.0,MD+1,Recovery,Recovery,,27.0,2826.0,34.0,2.0,6.0,8.0,19.12,53.1,2.5,68.0,491.0,83.0,1485.0,3088.0,30324.0,62875.0,1873.0,3858.0,373.0,840.0,772.0,14,,1.0,1.0,
2026-08-03,3,P24,Player 24,ST,36.0,OFF,Off,Off,,0.0,0.0,0.0,0.0,0.0,0.0,0.0,0.0,0.0,0.0,262.0,86.0,1485.0,3088.0,30324.0,62875.0,1873.0,3858.0,373.0,840.0,772.0,15,,2.0,2.0,
2026-08-04,3,P24,Player 24,ST,36.0,MD-4,Volume,Training,,78.0,7317.0,411.0,93.0,24.0,30.0,30.43,84.5,4.2,328.0,164.0,83.0,1433.0,3416.0,30860.0,70192.0,1912.0,4269.0,399.0,933.0,854.0,16,,3.0,3.0,
2026-08-05,3,P24,Player 24,ST,36.0,MD-3,Speed / HSR,Training,,88.0,8104.0,710.0,192.0,39.0,36.0,30.3,84.2,6.6,581.0,396.0,81.0,1468.0,3997.0,29058.0,78296.0,1774.0,4979.0,416.0,1125.0,999.25,17,,4.0,4.0,
2026-08-06,3,P24,Player 24,ST,36.0,MD-2,Tactical,Training,,72.0,5689.0,305.0,76.0,25.0,25.0,28.5,79.2,4.9,353.0,909.0,76.0,1524.0,4350.0,28996.0,83985.0,1675.0,5284.0,423.0,1201.0,1087.5,18,,5.0,5.0,
2026-08-07,3,P24,Player 24,ST,36.0,MD-1,Activation,Training,,45.0,3285.0,116.0,18.0,13.0,15.0,25.12,69.8,2.3,103.0,1262.0,80.0,1529.0,4453.0,28901.0,87270.0,1687.0,5400.0,413.0,1219.0,1113.25,19,,6.0,6.0,
2026-08-08,3,P24,Player 24,ST,36.0,MD,Match,Match,Sub,38.0,5593.0,427.0,134.0,17.0,19.0,31.17,86.6,6.2,236.0,1037.0,79.0,1669.0,4689.0,32814.0,92863.0,2003.0,5827.0,515.0,1353.0,1172.25,20,,0.0,7.0,
2026-08-09,3,P24,Player 24,ST,36.0,MD+1,Recovery,Recovery,,42.0,2312.0,33.0,2.0,7.0,7.0,20.51,57.0,1.9,80.0,692.0,76.0,1681.0,4769.0,32300.0,95175.0,2002.0,5860.0,515.0,1355.0,1192.25,21,,1.0,8.0,
2026-08-10,4,P24,Player 24,ST,36.0,OFF,Off,Off,,0.0,0.0,0.0,0.0,0.0,0.0,0.0,0.0,0.0,0.0,419.0,84.0,1681.0,4769.0,32300.0,95175.0,2002.0,5860.0,515.0,1355.0,1192.25,22,,2.0,9.0,
2026-08-11,4,P24,Player 24,ST,36.0,MD-4,Volume,Training,,85.0,7419.0,430.0,81.0,24.0,28.0,27.27,75.8,4.4,374.0,316.0,81.0,1727.0,5143.0,32402.0,102594.0,2021.0,6290.0,503.0,1436.0,1285.75,23,,3.0,10.0,
2026-08-12,4,P24,Player 24,ST,36.0,MD-3,Speed / HSR,Training,,88.0,8998.0,752.0,186.0,31.0,37.0,33.64,93.5,5.9,519.0,454.0,90.0,1665.0,5662.0,33296.0,111592.0,2063.0,7042.0,497.0,1622.0,1415.5,24,,0.0,0.0,
2026-08-13,4,P24,Player 24,ST,36.0,MD-2,Tactical,Training,,68.0,6331.0,254.0,60.0,25.0,21.0,29.85,82.9,5.3,360.0,893.0,79.0,1672.0,6022.0,33938.0,117923.0,2012.0,7296.0,481.0,1682.0,1505.5,25,,1.0,1.0,
2026-08-14,4,P24,Player 24,ST,36.0,MD-1,Activation,Training,,40.0,3427.0,94.0,21.0,13.0,16.0,25.21,70.0,2.1,84.0,1253.0,80.0,1653.0,6106.0,34080.0,121350.0,1990.0,7390.0,484.0,1703.0,1526.5,26,,2.0,2.0,
2026-08-15,4,P24,Player 24,ST,36.0,MD,Match,Match,Sub,15.0,1419.0,112.0,41.0,6.0,9.0,30.35,84.3,7.9,118.0,963.0,84.0,1535.0,6224.0,29906.0,122769.0,1675.0,7502.0,391.0,1744.0,1556.0,27,,3.0,3.0,
2026-08-16,4,P24,Player 24,ST,36.0,MD+1,Recovery,Recovery,,33.0,2719.0,24.0,2.0,5.0,7.0,18.78,52.2,0.8,26.0,562.0,80.0,1481.0,6250.0,30313.0,125488.0,1666.0,7526.0,391.0,1746.0,1562.5,28,0.94784,4.0,4.0,
2026-08-17,5,P24,Player 24,ST,36.0,OFF,Off,Off,,0.0,0.0,0.0,0.0,0.0,0.0,0.0,0.0,0.0,0.0,228.0,86.0,1481.0,6250.0,30313.0,125488.0,1666.0,7526.0,391.0,1746.0,1562.5,29,0.94784,5.0,5.0,
2026-08-18,5,P24,Player 24,ST,36.0,MD-4,Volume,Training,,82.0,6864.0,456.0,76.0,24.0,28.0,25.49,70.8,5.1,418.0,144.0,89.0,1525.0,6309.0,29758.0,125438.0,1692.0,7543.0,386.0,1745.0,1577.25,30,0.9668727215089554,6.0,6.0,
2026-08-19,5,P24,Player 24,ST,36.0,MD-3,Speed / HSR,Training,,91.0,8507.0,632.0,223.0,30.0,33.0,34.63,96.2,6.9,628.0,444.0,85.0,1634.0,6444.0,29267.0,125492.0,1572.0,7465.0,423.0,1738.0,1611.0,31,1.0142768466790812,0.0,0.0,0.0
2026-08-20,5,P24,Player 24,ST,36.0,MD-2,Tactical,Training,,70.0,6226.0,371.0,52.0,23.0,23.0,29.08,80.8,4.9,343.0,1046.0,81.0,1617.0,6465.0,29162.0,125166.0,1689.0,7469.0,415.0,1711.0,1616.25,32,1.0004640371229698,1.0,1.0,1.0
2026-08-21,5,P24,Player 24,ST,36.0,MD-1,Activation,Training,,45.0,3358.0,99.0,21.0,12.0,16.0,26.89,74.7,3.0,135.0,1389.0,73.0,1668.0,6488.0,29093.0,125193.0,1694.0,7466.0,415.0,1709.0,1622.0,33,1.028360049321825,2.0,2.0,2.0
2026-08-22,5,P24,Player 24,ST,36.0,MD,Match,Match,Starter,81.0,9642.0,828.0,271.0,33.0,35.0,35.62,98.9,7.7,624.0,1106.0,81.0,2174.0,6869.0,37316.0,130100.0,2410.0,7952.0,645.0,1925.0,1717.25,34,1.2659775804338331,0.0,0.0,0.0
2026-08-23,5,P24,Player 24,ST,36.0,MD+1,Recovery,Recovery,,28.0,2364.0,37.0,2.0,7.0,6.0,20.52,57.0,1.7,48.0,1102.0,78.0,2196.0,6843.0,36961.0,129898.0,2423.0,7964.0,645.0,1924.0,1710.75,35,1.283647523016221,1.0,1.0,1.0
2026-08-24,6,P24,Player 24,ST,36.0,OFF,Off,Off,,0.0,0.0,0.0,0.0,0.0,0.0,0.0,0.0,0.0,0.0,807.0,83.0,2196.0,6843.0,36961.0,129898.0,2423.0,7964.0,645.0,1924.0,1710.75,36,1.283647523016221,2.0,2.0,2.0
2026-08-25,6,P24,Player 24,ST,36.0,MD-4,Volume,Training,,71.0,7100.0,345.0,101.0,27.0,27.0,28.84,80.1,3.6,256.0,672.0,86.0,2034.0,6719.0,37197.0,130217.0,2312.0,7937.0,670.0,1958.0,1679.75,37,1.2108944783449918,3.0,3.0,3.0
2026-08-26,6,P24,Player 24,ST,36.0,MD-3,Speed / HSR,Training,,88.0,8523.0,639.0,260.0,29.0,33.0,35.15,97.6,6.8,598.0,304.0,88.0,2004.0,6771.0,37213.0,128834.0,2319.0,7728.0,707.0,2043.0,1692.75,38,1.1838723969871512,0.0,0.0,0.0
2026-08-27,6,P24,Player 24,ST,36.0,MD-2,Tactical,Training,,70.0,6394.0,316.0,63.0,23.0,25.0,26.25,72.9,4.7,329.0,854.0,82.0,1990.0,6803.0,37381.0,129477.0,2264.0,7640.0,718.0,2037.0,1700.75,39,1.1700720270468912,1.0,1.0,1.0
2026-08-28,6,P24,Player 24,ST,36.0,MD-1,Activation,Training,,47.0,3399.0,104.0,22.0,12.0,13.0,25.96,72.1,2.6,122.0,1183.0,81.0,1977.0,6827.0,37422.0,129496.0,2269.0,7640.0,719.0,2031.0,1706.75,40,1.1583418778379961,2.0,2.0,2.0
2026-08-29,6,P24,Player 24,ST,36.0,MD,Match,Top-up,Unused,52.0,4914.0,235.0,58.0,21.0,23.0,31.03,86.2,5.9,307.0,1049.0,82.0,1660.0,7038.0,32694.0,132730.0,1676.0,7764.0,506.0,2057.0,1759.5,41,0.9434498437055981,0.0,3.0,3.0
2026-08-30,6,P24,Player 24,ST,36.0,MD+1,Recovery,Recovery,,35.0,2462.0,29.0,2.0,8.0,7.0,19.1,53.0,3.8,133.0,758.0,87.0,1745.0,7103.0,32792.0,132366.0,1668.0,7759.0,506.0,2057.0,1775.75,42,0.982683373222582,1.0,4.0,4.0
2026-08-31,7,P24,Player 24,ST,36.0,OFF,Off,Off,,0.0,0.0,0.0,0.0,0.0,0.0,0.0,0.0,0.0,0.0,562.0,83.0,1745.0,7103.0,32792.0,132366.0,1668.0,7759.0,506.0,2057.0,1775.75,43,0.982683373222582,2.0,5.0,5.0
2026-09-01,7,P24,Player 24,ST,36.0,MD-4,Volume,Training,,81.0,7929.0,470.0,89.0,25.0,26.0,30.24,84.0,5.2,421.0,440.0,85.0,1910.0,7196.0,33621.0,132978.0,1793.0,7818.0,494.0,2053.0,1799.0,44,1.0617009449694275,3.0,6.0,6.0
2026-09-02,7,P24,Player 24,ST,36.0,MD-3,Speed / HSR,Training,,87.0,9337.0,653.0,220.0,28.0,27.0,33.6,93.3,6.7,583.0,554.0,87.0,1895.0,7198.0,34435.0,134211.0,1807.0,7761.0,454.0,2081.0,1799.5,45,1.053070297304807,0.0,0.0,7.0
2026-09-03,7,P24,Player 24,ST,36.0,MD-2,Tactical,Training,,65.0,5883.0,290.0,62.0,25.0,29.0,27.56,76.5,4.0,260.0,1004.0,78.0,1826.0,7105.0,33924.0,134405.0,1781.0,7746.0,453.0,2067.0,1776.25,46,1.0280084447572133,1.0,1.0,8.0
2026-09-04,7,P24,Player 24,ST,36.0,MD-1,Activation,Training,,52.0,3277.0,120.0,23.0,12.0,13.0,26.13,72.6,2.9,151.0,1264.0,74.0,1855.0,7153.0,33802.0,134397.0,1797.0,7750.0,454.0,2072.0,1788.25,47,1.0373269956661542,2.0,2.0,9.0
2026-09-05,7,P24,Player 24,ST,36.0,MD,Match,Match,Sub,45.0,6548.0,427.0,94.0,18.0,22.0,30.53,84.8,7.2,324.0,994.0,82.0,1872.0,7241.0,35436.0,135352.0,1989.0,7750.0,490.0,2032.0,1810.25,48,1.0341113105924595,3.0,3.0,10.0
2026-09-06,7,P24,Player 24,ST,36.0,MD+1,Recovery,Recovery,,33.0,2622.0,34.0,2.0,7.0,7.0,20.39,56.6,1.7,56.0,735.0,81.0,1795.0,7217.0,35596.0,135662.0,1994.0,7751.0,490.0,2032.0,1804.25,49,0.9948732160177359,4.0,4.0,11.0
2026-09-07,8,P24,Player 24,ST,36.0,OFF,Off,Off,,0.0,0.0,0.0,0.0,0.0,0.0,0.0,0.0,0.0,0.0,531.0,80.0,1795.0,7217.0,35596.0,135662.0,1994.0,7751.0,490.0,2032.0,1804.25,50,0.9948732160177359,5.0,5.0,12.0
2026-09-08,8,P24,Player 24,ST,36.0,MD-4,Volume,Training,,71.0,7362.0,502.0,65.0,27.0,29.0,28.92,80.3,5.3,376.0,380.0,87.0,1750.0,7219.0,35029.0,135605.0,2026.0,7823.0,466.0,2016.0,1804.75,51,0.9696633882809254,6.0,6.0,13.0
2026-09-09,8,P24,Player 24,ST,36.0,MD-3,Speed / HSR,Training,,90.0,8593.0,669.0,230.0,33.0,42.0,34.54,95.9,6.3,567.0,432.0,89.0,1734.0,7267.0,34285.0,135200.0,2042.0,7740.0,476.0,2060.0,1816.75,52,0.9544516306591441,0.0,0.0,0.0
2026-09-10,8,P24,Player 24,ST,36.0,MD-2,Tactical,Training,,65.0,6780.0,344.0,64.0,20.0,31.0,28.41,78.9,5.2,338.0,943.0,75.0,1812.0,7245.0,35182.0,135649.0,2096.0,7830.0,478.0,2064.0,1811.25,53,1.0004140786749482,1.0,1.0,1.0
2026-09-11,8,P24,Player 24,ST,36.0,MD-1,Activation,Training,,43.0,3179.0,115.0,22.0,12.0,17.0,24.27,67.4,2.5,108.0,1281.0,81.0,1769.0,7269.0,35084.0,135401.0,2091.0,7851.0,477.0,2065.0,1817.25,54,0.9734488925574357,2.0,2.0,2.0
2026-09-12,8,P24,Player 24,ST,36.0,MD,Match,Match,Starter,92.0,11630.0,742.0,248.0,37.0,48.0,36.72,102.0,9.3,856.0,1013.0,72.0,2301.0,8007.0,40166.0,145612.0,2406.0,8481.0,631.0,2272.0,2001.75,55,1.1494941925814912,0.0,0.0,0.0
2026-09-13,8,P24,Player 24,ST,36.0,MD+1,Recovery,Recovery,,31.0,2339.0,30.0,3.0,7.0,7.0,17.99,50.0,1.1,34.0,1302.0,76.0,2279.0,8015.0,39883.0,145232.0,2402.0,8487.0,632.0,2273.0,2003.75,56,1.1373674360573924,1.0,1.0,1.0
