date,week,player_id,player_name,position,player_vmax_kmh,md_code,session_focus,session_type,match_role,duration_min,total_distance_m,hsr_m,sprint_distance_m,accelerations,decelerations,max_speed_kmh,percent_vmax,session_rpe,session_load_au,previous_3d_load,wellness_score
2026-07-20,1,P01,Player 01,CB,32.24,OFF,Off,Off,N/A,0.0,0.0,0.0,0.0,0.0,0.0,0.0,0.0,0.0,0.0,0.0,84.0
2026-07-21,1,P01,Player 01,CB,32.24,MD-4,Volume,Training,N/A,86.0,5590.0,229.0,24.0,20.0,22.0,27.15,84.2,4.8,413.0,0.0,92.0
2026-07-22,1,P01,Player 01,CB,32.24,MD-3,Speed / HSR,Training,N/A,93.0,7293.0,353.0,73.0,22.0,23.0,29.26,90.7,6.9,642.0,413.0,86.0
2026-07-23,1,P01,Player 01,CB,32.24,MD-2,Tactical,Training,N/A,71.0,4517.0,202.0,23.0,16.0,19.0,25.74,79.8,4.0,284.0,1055.0,77.0
2026-07-24,1,P01,Player 01,CB,32.24,MD-1,Activation,Training,N/A,46.0,3038.0,72.0,8.0,9.0,10.0,22.81,70.8,2.5,115.0,1339.0,75.0
2026-07-25,1,P01,Player 01,CB,32.24,MD,Match,Top-up,Unused,53.0,4503.0,185.0,25.0,17.0,16.0,25.61,79.4,4.5,238.0,1041.0,77.0
2026-07-26,1,P01,Player 01,CB,32.24,MD+1,Recovery,Recovery,N/A,35.0,2131.0,18.0,1.0,6.0,5.0,18.58,57.6,3.0,105.0,637.0,80.0
2026-07-27,2,P01,Player 01,CB,32.24,OFF,Off,Off,N/A,0.0,0.0,0.0,0.0,0.0,0.0,0.0,0.0,0.0,0.0,458.0,86.0
2026-07-28,2,P01,Player 01,CB,32.24,MD-4,Volume,Training,N/A,84.0,6456.0,156.0,30.0,21.0,17.0,25.9,80.3,5.9,496.0,343.0,84.0
2026-07-29,2,P01,Player 01,CB,32.24,MD-3,Speed / HSR,Training,N/A,87.0,7419.0,392.0,63.0,22.0,26.0,30.82,95.6,5.1,444.0,601.0,90.0
2026-07-30,2,P01,Player 01,CB,32.24,MD-2,Tactical,Training,N/A,66.0,4647.0,188.0,22.0,19.0,16.0,28.64,88.8,4.1,271.0,940.0,84.0
2026-07-31,2,P01,Player 01,CB,32.24,MD-1,Activation,Training,N/A,40.0,2964.0,55.0,8.0,9.0,10.0,21.85,67.8,2.4,96.0,1211.0,83.0
2026-08-01,2,P01,Player 01,CB,32.24,MD,Match,Match,Starter,94.0,9411.0,482.0,101.0,32.0,28.0,29.41,91.2,8.6,808.0,811.0,84.0
2026-08-02,2,P01,Player 01,CB,32.24,MD+1,Recovery,Recovery,N/A,37.0,2255.0,18.0,1.0,5.0,6.0,16.64,51.6,1.7,63.0,1175.0,77.0
2026-08-03,3,P01,Player 01,CB,32.24,OFF,Off,Off,N/A,0.0,0.0,0.0,0.0,0.0,0.0,0.0,0.0,0.0,0.0,967.0,82.0
2026-08-04,3,P01,Player 01,CB,32.24,MD-4,Volume,Training,N/A,80.0,6047.0,241.0,31.0,23.0,19.0,23.96,74.3,5.6,448.0,871.0,80.0
2026-08-05,3,P01,Player 01,CB,32.24,MD-3,Speed / HSR,Training,N/A,89.0,6949.0,375.0,69.0,25.0,30.0,28.23,87.6,5.7,507.0,511.0,89.0
2026-08-06,3,P01,Player 01,CB,32.24,MD-2,Tactical,Training,N/A,78.0,5570.0,234.0,22.0,20.0,17.0,25.72,79.8,3.6,281.0,955.0,82.0
2026-08-07,3,P01,Player 01,CB,32.24,MD-1,Activation,Training,N/A,45.0,2535.0,58.0,8.0,11.0,11.0,23.45,72.7,2.8,126.0,1236.0,79.0
2026-08-08,3,P01,Player 01,CB,32.24,MD,Match,Match,Sub,27.0,3218.0,211.0,39.0,11.0,13.0,29.37,91.1,7.6,205.0,914.0,81.0
2026-08-09,3,P01,Player 01,CB,32.24,MD+1,Recovery,Recovery,N/A,30.0,2003.0,19.0,1.0,5.0,6.0,18.95,58.8,1.7,51.0,612.0,89.0
2026-08-10,4,P01,Player 01,CB,32.24,OFF,Off,Off,N/A,0.0,0.0,0.0,0.0,0.0,0.0,0.0,0.0,0.0,0.0,382.0,80.0
2026-08-11,4,P01,Player 01,CB,32.24,MD-4,Volume,Training,N/A,76.0,5509.0,245.0,26.0,22.0,26.0,27.32,84.7,5.6,426.0,256.0,92.0
2026-08-12,4,P01,Player 01,CB,32.24,MD-3,Speed / HSR,Training,N/A,90.0,6676.0,407.0,65.0,26.0,24.0,31.25,96.9,6.6,594.0,477.0,84.0
2026-08-13,4,P01,Player 01,CB,32.24,MD-2,Tactical,Training,N/A,70.0,4984.0,141.0,26.0,18.0,18.0,27.07,84.0,3.7,259.0,1020.0,75.0
2026-08-14,4,P01,Player 01,CB,32.24,MD-1,Activation,Training,N/A,43.0,2844.0,72.0,7.0,11.0,9.0,22.03,68.3,2.1,90.0,1279.0,75.0
2026-08-15,4,P01,Player 01,CB,32.24,MD,Match,Match,Starter,85.0,7974.0,457.0,103.0,34.0,26.0,30.33,94.1,8.0,680.0,943.0,75.0
2026-08-16,4,P01,Player 01,CB,32.24,MD+1,Recovery,Recovery,N/A,34.0,2038.0,16.0,1.0,5.0,5.0,17.47,54.2,1.2,41.0,1029.0,82.0
2026-08-17,5,P01,Player 01,CB,32.24,OFF,Off,Off,N/A,0.0,0.0,0.0,0.0,0.0,0.0,0.0,0.0,0.0,0.0,811.0,78.0
2026-08-18,5,P01,Player 01,CB,32.24,MD-4,Volume,Training,N/A,75.0,5107.0,208.0,37.0,22.0,21.0,24.66,76.5,4.3,322.0,721.0,83.0
2026-08-19,5,P01,Player 01,CB,32.24,MD-3,Speed / HSR,Training,N/A,87.0,7665.0,303.0,94.0,28.0,29.0,29.6,91.8,7.0,609.0,363.0,89.0
2026-08-20,5,P01,Player 01,CB,32.24,MD-2,Tactical,Training,N/A,72.0,5342.0,146.0,32.0,19.0,20.0,25.91,80.4,4.4,317.0,931.0,78.0
2026-08-21,5,P01,Player 01,CB,32.24,MD-1,Activation,Training,N/A,49.0,2683.0,71.0,9.0,8.0,10.0,23.65,73.4,2.4,118.0,1248.0,77.0
2026-08-22,5,P01,Player 01,CB,32.24,MD,Match,Match,Starter,90.0,9197.0,374.0,94.0,29.0,30.0,31.16,96.6,9.0,810.0,1044.0,75.0
2026-08-23,5,P01,Player 01,CB,32.24,MD+1,Recovery,Recovery,N/A,36.0,2369.0,19.0,1.0,5.0,5.0,16.16,50.1,2.2,79.0,1245.0,77.0
2026-08-24,6,P01,Player 01,CB,32.24,OFF,Off,Off,N/A,0.0,0.0,0.0,0.0,0.0,0.0,0.0,0.0,0.0,0.0,1007.0,88.0
2026-08-25,6,P01,Player 01,CB,32.24,MD-4,Volume,Training,N/A,76.0,6021.0,223.0,21.0,23.0,21.0,25.44,78.9,4.6,350.0,889.0,83.0
2026-08-26,6,P01,Player 01,CB,32.24,MD-3,Speed / HSR,Training,N/A,84.0,7265.0,432.0,57.0,25.0,28.0,28.02,86.9,6.5,546.0,429.0,84.0
2026-08-27,6,P01,Player 01,CB,32.24,MD-2,Tactical,Training,N/A,78.0,4858.0,194.0,24.0,18.0,15.0,26.24,81.4,4.6,359.0,896.0,79.0
2026-08-28,6,P01,Player 01,CB,32.24,MD-1,Activation,Training,N/A,42.0,3033.0,68.0,9.0,9.0,9.0,21.17,65.7,2.2,92.0,1255.0,78.0
2026-08-29,6,P01,Player 01,CB,32.24,MD,Match,Top-up,Unused,54.0,4138.0,156.0,31.0,18.0,17.0,26.0,80.6,4.5,243.0,997.0,80.0
2026-08-30,6,P01,Player 01,CB,32.24,MD+1,Recovery,Recovery,N/A,37.0,2242.0,20.0,1.0,6.0,6.0,18.53,57.5,1.7,63.0,694.0,81.0
2026-08-31,7,P01,Player 01,CB,32.24,OFF,Off,Off,N/A,0.0,0.0,0.0,0.0,0.0,0.0,0.0,0.0,0.0,0.0,398.0,87.0
2026-09-01,7,P01,Player 01,CB,32.24,MD-4,Volume,Training,N/A,80.0,5371.0,261.0,27.0,23.0,20.0,25.3,78.5,6.2,496.0,306.0,83.0
2026-09-02,7,P01,Player 01,CB,32.24,MD-3,Speed / HSR,Training,N/A,98.0,7061.0,485.0,78.0,29.0,30.0,28.51,88.4,6.1,598.0,559.0,80.0
2026-09-03,7,P01,Player 01,CB,32.24,MD-2,Tactical,Training,N/A,72.0,4832.0,226.0,25.0,19.0,19.0,27.41,85.0,4.2,302.0,1094.0,80.0
2026-09-04,7,P01,Player 01,CB,32.24,MD-1,Activation,Training,N/A,39.0,3042.0,72.0,8.0,8.0,9.0,22.76,70.6,2.9,113.0,1396.0,73.0
2026-09-05,7,P01,Player 01,CB,32.24,MD,Match,Match,Sub,13.0,1316.0,36.0,18.0,4.0,5.0,25.1,77.9,6.3,82.0,1013.0,82.0
2026-09-06,7,P01,Player 01,CB,32.24,MD+1,Recovery,Recovery,N/A,41.0,2222.0,18.0,1.0,6.0,5.0,15.78,49.0,2.2,90.0,497.0,84.0
2026-09-07,8,P01,Player 01,CB,32.24,OFF,Off,Off,N/A,0.0,0.0,0.0,0.0,0.0,0.0,0.0,0.0,0.0,0.0,285.0,80.0
2026-09-08,8,P01,Player 01,CB,32.24,MD-4,Volume,Training,N/A,84.0,5772.0,242.0,34.0,19.0,21.0,25.49,79.1,4.9,412.0,172.0,87.0
2026-09-09,8,P01,Player 01,CB,32.24,MD-3,Speed / HSR,Training,N/A,93.0,7289.0,452.0,79.0,25.0,24.0,27.61,85.6,6.6,614.0,502.0,79.0
2026-09-10,8,P01,Player 01,CB,32.24,MD-2,Tactical,Training,N/A,69.0,4016.0,184.0,21.0,18.0,18.0,26.25,81.4,5.2,359.0,1026.0,82.0
2026-09-11,8,P01,Player 01,CB,32.24,MD-1,Activation,Training,N/A,48.0,2685.0,60.0,10.0,11.0,8.0,23.19,71.9,2.5,120.0,1385.0,76.0
2026-09-12,8,P01,Player 01,CB,32.24,MD,Match,Top-up,Unused,55.0,4540.0,210.0,26.0,18.0,15.0,27.47,85.2,5.2,286.0,1093.0,85.0
2026-09-13,8,P01,Player 01,CB,32.24,MD+1,Recovery,Recovery,N/A,32.0,2134.0,20.0,1.0,5.0,5.0,18.64,57.8,0.8,26.0,765.0,85.0
2026-07-20,1,P02,Player 02,CB,32.1,OFF,Off,Off,N/A,0.0,0.0,0.0,0.0,0.0,0.0,0.0,0.0,0.0,0.0,0.0,85.0
2026-07-21,1,P02,Player 02,CB,32.1,MD-4,Volume,Training,N/A,75.0,5245.0,219.0,22.0,25.0,22.0,25.57,79.7,4.1,308.0,0.0,82.0
2026-07-22,1,P02,Player 02,CB,32.1,MD-3,Speed / HSR,Training,N/A,95.0,6795.0,386.0,57.0,33.0,30.0,27.47,85.6,7.0,665.0,308.0,83.0
2026-07-23,1,P02,Player 02,CB,32.1,MD-2,Tactical,Training,N/A,76.0,5048.0,181.0,23.0,21.0,22.0,24.76,77.1,4.2,319.0,973.0,76.0
2026-07-24,1,P02,Player 02,CB,32.1,MD-1,Activation,Training,N/A,42.0,2945.0,56.0,6.0,13.0,11.0,22.74,70.9,2.8,118.0,1292.0,84.0
2026-07-25,1,P02,Player 02,CB,32.1,MD,Match,Match,Starter,91.0,9801.0,457.0,93.0,35.0,37.0,30.92,96.3,7.5,682.0,1102.0,79.0
2026-07-26,1,P02,Player 02,CB,32.1,MD+1,Recovery,Recovery,N/A,42.0,1940.0,15.0,1.0,6.0,5.0,17.11,53.3,2.1,88.0,1119.0,82.0
2026-07-27,2,P02,Player 02,CB,32.1,OFF,Off,Off,N/A,0.0,0.0,0.0,0.0,0.0,0.0,0.0,0.0,0.0,0.0,888.0,80.0
2026-07-28,2,P02,Player 02,CB,32.1,MD-4,Volume,Training,N/A,74.0,6318.0,199.0,24.0,30.0,23.0,26.2,81.6,4.1,303.0,770.0,81.0
2026-07-29,2,P02,Player 02,CB,32.1,MD-3,Speed / HSR,Training,N/A,89.0,8150.0,362.0,73.0,29.0,30.0,27.71,86.3,5.0,445.0,391.0,85.0
2026-07-30,2,P02,Player 02,CB,32.1,MD-2,Tactical,Training,N/A,70.0,4736.0,217.0,26.0,23.0,18.0,25.6,79.7,3.7,259.0,748.0,86.0
2026-07-31,2,P02,Player 02,CB,32.1,MD-1,Activation,Training,N/A,43.0,2745.0,64.0,7.0,12.0,11.0,23.36,72.8,2.5,108.0,1007.0,81.0
2026-08-01,2,P02,Player 02,CB,32.1,MD,Match,Top-up,Unused,54.0,4540.0,155.0,23.0,18.0,18.0,25.26,78.7,5.5,297.0,812.0,78.0
2026-08-02,2,P02,Player 02,CB,32.1,MD+1,Recovery,Recovery,N/A,31.0,2345.0,19.0,1.0,7.0,6.0,17.88,55.7,1.1,34.0,664.0,88.0
2026-08-03,3,P02,Player 02,CB,32.1,OFF,Off,Off,N/A,0.0,0.0,0.0,0.0,0.0,0.0,0.0,0.0,0.0,0.0,439.0,84.0
2026-08-04,3,P02,Player 02,CB,32.1,MD-4,Volume,Training,N/A,81.0,6380.0,234.0,25.0,28.0,24.0,25.13,78.3,5.0,405.0,331.0,84.0
2026-08-05,3,P02,Player 02,CB,32.1,MD-3,Speed / HSR,Training,N/A,83.0,8433.0,348.0,67.0,30.0,27.0,29.27,91.2,7.9,656.0,439.0,75.0
2026-08-06,3,P02,Player 02,CB,32.1,MD-2,Tactical,Training,N/A,67.0,4962.0,200.0,25.0,23.0,18.0,25.01,77.9,4.0,268.0,1061.0,82.0
2026-08-07,3,P02,Player 02,CB,32.1,MD-1,Activation,Training,N/A,47.0,2758.0,59.0,6.0,11.0,12.0,22.68,70.6,3.0,141.0,1329.0,78.0
2026-08-08,3,P02,Player 02,CB,32.1,MD,Match,Match,Starter,92.0,9156.0,411.0,76.0,39.0,34.0,30.65,95.5,9.2,846.0,1065.0,80.0
2026-08-09,3,P02,Player 02,CB,32.1,MD+1,Recovery,Recovery,N/A,36.0,2086.0,20.0,1.0,6.0,6.0,19.51,60.8,1.7,61.0,1255.0,77.0
2026-08-10,4,P02,Player 02,CB,32.1,OFF,Off,Off,N/A,0.0,0.0,0.0,0.0,0.0,0.0,0.0,0.0,0.0,0.0,1048.0,78.0
2026-08-11,4,P02,Player 02,CB,32.1,MD-4,Volume,Training,N/A,78.0,5335.0,188.0,31.0,24.0,23.0,25.49,79.4,4.6,359.0,907.0,80.0
2026-08-12,4,P02,Player 02,CB,32.1,MD-3,Speed / HSR,Training,N/A,93.0,7125.0,371.0,57.0,30.0,29.0,28.72,89.5,5.7,530.0,420.0,86.0
2026-08-13,4,P02,Player 02,CB,32.1,MD-2,Tactical,Training,N/A,67.0,4256.0,170.0,21.0,21.0,23.0,26.33,82.0,4.4,295.0,889.0,83.0
2026-08-14,4,P02,Player 02,CB,32.1,MD-1,Activation,Training,N/A,45.0,3128.0,59.0,5.0,11.0,12.0,24.54,76.5,2.8,126.0,1184.0,78.0
2026-08-15,4,P02,Player 02,CB,32.1,MD,Match,Top-up,Unused,53.0,4555.0,171.0,24.0,19.0,21.0,26.93,83.9,4.7,249.0,951.0,83.0
2026-08-16,4,P02,Player 02,CB,32.1,MD+1,Recovery,Recovery,N/A,38.0,2185.0,16.0,1.0,6.0,6.0,17.73,55.2,1.4,53.0,670.0,82.0
2026-08-17,5,P02,Player 02,CB,32.1,OFF,Off,Off,N/A,0.0,0.0,0.0,0.0,0.0,0.0,0.0,0.0,0.0,0.0,428.0,83.0
2026-08-18,5,P02,Player 02,CB,32.1,MD-4,Volume,Training,N/A,73.0,6154.0,246.0,30.0,28.0,23.0,25.71,80.1,5.0,365.0,302.0,86.0
2026-08-19,5,P02,Player 02,CB,32.1,MD-3,Speed / HSR,Training,N/A,82.0,7899.0,335.0,51.0,28.0,30.0,28.61,89.1,6.6,541.0,418.0,80.0
2026-08-20,5,P02,Player 02,CB,32.1,MD-2,Tactical,Training,N/A,69.0,5342.0,173.0,25.0,19.0,20.0,27.66,86.2,4.0,276.0,906.0,81.0
2026-08-21,5,P02,Player 02,CB,32.1,MD-1,Activation,Training,N/A,39.0,3084.0,51.0,6.0,12.0,12.0,21.77,67.8,2.2,86.0,1182.0,74.0
2026-08-22,5,P02,Player 02,CB,32.1,MD,Match,Match,Sub,20.0,2132.0,131.0,23.0,8.0,8.0,28.05,87.4,7.2,144.0,903.0,77.0
2026-08-23,5,P02,Player 02,CB,32.1,MD+1,Recovery,Recovery,N/A,38.0,2076.0,16.0,1.0,6.0,6.0,16.52,51.5,2.9,110.0,506.0,77.0
2026-08-24,6,P02,Player 02,CB,32.1,OFF,Off,Off,N/A,0.0,0.0,0.0,0.0,0.0,0.0,0.0,0.0,0.0,0.0,340.0,85.0
2026-08-25,6,P02,Player 02,CB,32.1,MD-4,Volume,Training,N/A,72.0,6270.0,266.0,27.0,22.0,25.0,25.62,79.8,5.7,410.0,254.0,91.0
2026-08-26,6,P02,Player 02,CB,32.1,MD-3,Speed / HSR,Training,N/A,88.0,8426.0,359.0,66.0,34.0,26.0,29.28,91.2,6.1,537.0,520.0,83.0
2026-08-27,6,P02,Player 02,CB,32.1,MD-2,Tactical,Training,N/A,70.0,5066.0,161.0,25.0,20.0,22.0,27.69,86.3,5.3,371.0,947.0,82.0
2026-08-28,6,P02,Player 02,CB,32.1,MD-1,Activation,Training,N/A,49.0,3195.0,52.0,6.0,12.0,12.0,20.49,63.8,1.6,78.0,1318.0,85.0
2026-08-29,6,P02,Player 02,CB,32.1,MD,Match,Match,Sub,38.0,4292.0,173.0,55.0,17.0,19.0,25.55,79.6,7.6,289.0,986.0,81.0
2026-08-30,6,P02,Player 02,CB,32.1,MD+1,Recovery,Recovery,N/A,34.0,2072.0,18.0,1.0,6.0,5.0,19.59,61.0,1.7,58.0,738.0,80.0
2026-08-31,7,P02,Player 02,CB,32.1,OFF,Off,Off,N/A,0.0,0.0,0.0,0.0,0.0,0.0,0.0,0.0,0.0,0.0,425.0,83.0
2026-09-01,7,P02,Player 02,CB,32.1,MD-4,Volume,Training,N/A,80.0,6593.0,235.0,24.0,28.0,27.0,25.83,80.5,6.3,504.0,347.0,85.0
2026-09-02,7,P02,Player 02,CB,32.1,MD-3,Speed / HSR,Training,N/A,84.0,6875.0,398.0,65.0,32.0,32.0,27.45,85.5,7.2,605.0,562.0,81.0
2026-09-03,7,P02,Player 02,CB,32.1,MD-2,Tactical,Training,N/A,67.0,4662.0,214.0,24.0,23.0,28.0,25.72,80.1,3.6,241.0,1109.0,77.0
2026-09-04,7,P02,Player 02,CB,32.1,MD-1,Activation,Training,N/A,36.0,2828.0,72.0,6.0,14.0,12.0,21.25,66.2,2.4,86.0,1350.0,80.0
2026-09-05,7,P02,Player 02,CB,32.1,MD,Match,Top-up,Unused,50.0,4228.0,174.0,22.0,24.0,19.0,27.58,85.9,4.2,210.0,932.0,84.0
2026-09-06,7,P02,Player 02,CB,32.1,MD+1,Recovery,Recovery,N/A,38.0,1762.0,15.0,1.0,7.0,6.0,16.72,52.1,2.2,84.0,537.0,78.0
2026-09-07,8,P02,Player 02,CB,32.1,OFF,Off,Off,N/A,0.0,0.0,0.0,0.0,0.0,0.0,0.0,0.0,0.0,0.0,380.0,82.0
2026-09-08,8,P02,Player 02,CB,32.1,MD-4,Volume,Training,N/A,76.0,6653.0,207.0,28.0,27.0,21.0,26.26,81.8,4.4,334.0,294.0,84.0
2026-09-09,8,P02,Player 02,CB,32.1,MD-3,Speed / HSR,Training,N/A,96.0,7764.0,399.0,63.0,31.0,33.0,31.79,99.0,7.3,701.0,418.0,87.0
2026-09-10,8,P02,Player 02,CB,32.1,MD-2,Tactical,Training,N/A,70.0,6040.0,185.0,18.0,21.0,20.0,26.02,81.1,3.8,266.0,1035.0,83.0
2026-09-11,8,P02,Player 02,CB,32.1,MD-1,Activation,Training,N/A,40.0,2947.0,50.0,6.0,11.0,11.0,22.39,69.7,2.0,80.0,1301.0,86.0
2026-09-12,8,P02,Player 02,CB,32.1,MD,Match,Match,Sub,40.0,3820.0,167.0,47.0,11.0,17.0,30.29,94.4,6.7,268.0,1047.0,78.0
2026-09-13,8,P02,Player 02,CB,32.1,MD+1,Recovery,Recovery,N/A,31.0,2207.0,17.0,1.0,6.0,8.0,15.93,49.6,0.6,19.0,614.0,82.0
2026-07-20,1,P03,Player 03,CB,32.05,OFF,Off,Off,N/A,0.0,0.0,0.0,0.0,0.0,0.0,0.0,0.0,0.0,0.0,0.0,90.0
2026-07-21,1,P03,Player 03,CB,32.05,MD-4,Volume,Training,N/A,72.0,7613.0,196.0,22.0,30.0,28.0,24.33,75.9,5.0,360.0,0.0,86.0
2026-07-22,1,P03,Player 03,CB,32.05,MD-3,Speed / HSR,Training,N/A,86.0,7773.0,334.0,61.0,32.0,26.0,29.85,93.2,6.6,568.0,360.0,85.0
2026-07-23,1,P03,Player 03,CB,32.05,MD-2,Tactical,Training,N/A,75.0,5183.0,133.0,27.0,27.0,18.0,23.15,72.2,4.2,315.0,928.0,79.0
2026-07-24,1,P03,Player 03,CB,32.05,MD-1,Activation,Training,N/A,39.0,3001.0,73.0,5.0,9.0,8.0,22.47,70.1,2.6,101.0,1243.0,70.0
2026-07-25,1,P03,Player 03,CB,32.05,MD,Match,Match,Sub,39.0,4600.0,140.0,29.0,14.0,14.0,27.68,86.4,6.9,269.0,984.0,81.0
2026-07-26,1,P03,Player 03,CB,32.05,MD+1,Recovery,Recovery,N/A,34.0,2174.0,16.0,1.0,6.0,7.0,17.96,56.0,2.3,78.0,685.0,82.0
2026-07-27,2,P03,Player 03,CB,32.05,OFF,Off,Off,N/A,0.0,0.0,0.0,0.0,0.0,0.0,0.0,0.0,0.0,0.0,448.0,88.0
2026-07-28,2,P03,Player 03,CB,32.05,MD-4,Volume,Training,N/A,85.0,6905.0,227.0,29.0,22.0,24.0,25.28,78.9,5.1,433.0,347.0,85.0
2026-07-29,2,P03,Player 03,CB,32.05,MD-3,Speed / HSR,Training,N/A,92.0,7518.0,363.0,53.0,26.0,26.0,28.67,89.4,6.6,607.0,511.0,80.0
2026-07-30,2,P03,Player 03,CB,32.05,MD-2,Tactical,Training,N/A,76.0,5907.0,189.0,14.0,20.0,20.0,26.68,83.2,5.1,388.0,1040.0,79.0
2026-07-31,2,P03,Player 03,CB,32.05,MD-1,Activation,Training,N/A,43.0,3128.0,75.0,5.0,13.0,8.0,22.68,70.8,3.5,150.0,1428.0,70.0
2026-08-01,2,P03,Player 03,CB,32.05,MD,Match,Top-up,Unused,55.0,4964.0,205.0,29.0,16.0,15.0,25.59,79.8,4.2,231.0,1145.0,75.0
2026-08-02,2,P03,Player 03,CB,32.05,MD+1,Recovery,Recovery,N/A,25.0,2301.0,19.0,1.0,7.0,6.0,16.51,51.5,1.6,40.0,769.0,84.0
2026-08-03,3,P03,Player 03,CB,32.05,OFF,Off,Off,N/A,0.0,0.0,0.0,0.0,0.0,0.0,0.0,0.0,0.0,0.0,421.0,84.0
2026-08-04,3,P03,Player 03,CB,32.05,MD-4,Volume,Training,N/A,86.0,5821.0,246.0,20.0,25.0,21.0,23.3,72.7,5.4,464.0,271.0,89.0
2026-08-05,3,P03,Player 03,CB,32.05,MD-3,Speed / HSR,Training,N/A,94.0,7592.0,413.0,59.0,25.0,29.0,30.79,96.1,7.0,658.0,504.0,78.0
2026-08-06,3,P03,Player 03,CB,32.05,MD-2,Tactical,Training,N/A,73.0,6051.0,211.0,20.0,16.0,15.0,26.91,84.0,4.2,307.0,1122.0,78.0
2026-08-07,3,P03,Player 03,CB,32.05,MD-1,Activation,Training,N/A,46.0,3158.0,67.0,7.0,12.0,9.0,22.85,71.3,3.0,138.0,1429.0,75.0
2026-08-08,3,P03,Player 03,CB,32.05,MD,Match,Top-up,Unused,55.0,4708.0,164.0,24.0,21.0,14.0,25.93,80.9,4.8,264.0,1103.0,82.0
2026-08-09,3,P03,Player 03,CB,32.05,MD+1,Recovery,Recovery,N/A,36.0,2364.0,16.0,1.0,5.0,5.0,18.83,58.8,2.0,72.0,709.0,84.0
2026-08-10,4,P03,Player 03,CB,32.05,OFF,Off,Off,N/A,0.0,0.0,0.0,0.0,0.0,0.0,0.0,0.0,0.0,0.0,474.0,86.0
2026-08-11,4,P03,Player 03,CB,32.05,MD-4,Volume,Training,N/A,73.0,6602.0,207.0,23.0,23.0,23.0,25.38,79.2,5.1,372.0,336.0,90.0
2026-08-12,4,P03,Player 03,CB,32.05,MD-3,Speed / HSR,Training,N/A,82.0,6752.0,335.0,74.0,26.0,23.0,31.49,98.3,6.0,492.0,444.0,83.0
2026-08-13,4,P03,Player 03,CB,32.05,MD-2,Tactical,Training,N/A,69.0,5992.0,187.0,19.0,18.0,18.0,26.17,81.6,5.8,400.0,864.0,85.0
2026-08-14,4,P03,Player 03,CB,32.05,MD-1,Activation,Training,N/A,42.0,3272.0,61.0,6.0,11.0,12.0,19.59,61.1,3.1,130.0,1264.0,75.0
2026-08-15,4,P03,Player 03,CB,32.05,MD,Match,Match,Sub,23.0,3576.0,104.0,24.0,9.0,10.0,29.91,93.3,6.7,154.0,1022.0,76.0
2026-08-16,4,P03,Player 03,CB,32.05,MD+1,Recovery,Recovery,N/A,30.0,2019.0,17.0,1.0,6.0,7.0,18.62,58.1,2.6,78.0,684.0,85.0
2026-08-17,5,P03,Player 03,CB,32.05,OFF,Off,Off,N/A,0.0,0.0,0.0,0.0,0.0,0.0,0.0,0.0,0.0,0.0,362.0,80.0
2026-08-18,5,P03,Player 03,CB,32.05,MD-4,Volume,Training,N/A,77.0,7570.0,183.0,25.0,28.0,18.0,24.92,77.7,4.9,377.0,232.0,88.0
2026-08-19,5,P03,Player 03,CB,32.05,MD-3,Speed / HSR,Training,N/A,81.0,6872.0,447.0,76.0,28.0,26.0,30.63,95.6,6.7,543.0,455.0,85.0
2026-08-20,5,P03,Player 03,CB,32.05,MD-2,Tactical,Training,N/A,69.0,5245.0,195.0,20.0,21.0,20.0,24.54,76.6,4.9,338.0,920.0,84.0
2026-08-21,5,P03,Player 03,CB,32.05,MD-1,Activation,Training,N/A,44.0,3324.0,80.0,5.0,12.0,9.0,23.58,73.6,2.0,88.0,1258.0,78.0
2026-08-22,5,P03,Player 03,CB,32.05,MD,Match,Top-up,Unused,54.0,5607.0,182.0,23.0,16.0,16.0,27.66,86.3,4.9,265.0,969.0,80.0
2026-08-23,5,P03,Player 03,CB,32.05,MD+1,Recovery,Recovery,N/A,36.0,2369.0,20.0,1.0,6.0,6.0,17.33,54.1,2.1,76.0,691.0,84.0
2026-08-24,6,P03,Player 03,CB,32.05,OFF,Off,Off,N/A,0.0,0.0,0.0,0.0,0.0,0.0,0.0,0.0,0.0,0.0,429.0,82.0
2026-08-25,6,P03,Player 03,CB,32.05,MD-4,Volume,Training,N/A,80.0,5241.0,247.0,22.0,22.0,21.0,26.1,81.4,4.2,336.0,341.0,83.0
2026-08-26,6,P03,Player 03,CB,32.05,MD-3,Speed / HSR,Training,N/A,87.0,8554.0,409.0,60.0,31.0,30.0,28.55,89.1,6.5,566.0,412.0,86.0
2026-08-27,6,P03,Player 03,CB,32.05,MD-2,Tactical,Training,N/A,64.0,5380.0,197.0,22.0,19.0,19.0,25.31,79.0,5.5,352.0,902.0,81.0
2026-08-28,6,P03,Player 03,CB,32.05,MD-1,Activation,Training,N/A,46.0,2682.0,59.0,7.0,12.0,10.0,22.02,68.7,3.1,143.0,1254.0,77.0
2026-08-29,6,P03,Player 03,CB,32.05,MD,Match,Top-up,Unused,60.0,4772.0,173.0,17.0,21.0,15.0,26.17,81.7,4.0,240.0,1061.0,79.0
2026-08-30,6,P03,Player 03,CB,32.05,MD+1,Recovery,Recovery,N/A,36.0,2510.0,18.0,1.0,6.0,7.0,18.85,58.8,1.9,68.0,735.0,87.0
2026-08-31,7,P03,Player 03,CB,32.05,OFF,Off,Off,N/A,0.0,0.0,0.0,0.0,0.0,0.0,0.0,0.0,0.0,0.0,451.0,83.0
2026-09-01,7,P03,Player 03,CB,32.05,MD-4,Volume,Training,N/A,81.0,6724.0,239.0,27.0,22.0,21.0,25.89,80.8,5.0,405.0,308.0,84.0
2026-09-02,7,P03,Player 03,CB,32.05,MD-3,Speed / HSR,Training,N/A,87.0,8375.0,412.0,81.0,30.0,21.0,29.55,92.2,6.5,566.0,473.0,79.0
2026-09-03,7,P03,Player 03,CB,32.05,MD-2,Tactical,Training,N/A,69.0,5209.0,178.0,21.0,20.0,16.0,27.11,84.6,4.6,317.0,971.0,80.0
2026-09-04,7,P03,Player 03,CB,32.05,MD-1,Activation,Training,N/A,43.0,2899.0,55.0,8.0,11.0,11.0,21.95,68.5,2.6,112.0,1288.0,80.0
2026-09-05,7,P03,Player 03,CB,32.05,MD,Match,Match,Starter,75.0,8445.0,290.0,69.0,27.0,20.0,32.39,101.1,8.0,600.0,995.0,83.0
2026-09-06,7,P03,Player 03,CB,32.05,MD+1,Recovery,Recovery,N/A,32.0,2364.0,15.0,1.0,7.0,6.0,18.66,58.2,1.5,48.0,1029.0,80.0
2026-09-07,8,P03,Player 03,CB,32.05,OFF,Off,Off,N/A,0.0,0.0,0.0,0.0,0.0,0.0,0.0,0.0,0.0,0.0,760.0,85.0
2026-09-08,8,P03,Player 03,CB,32.05,MD-4,Volume,Training,N/A,81.0,6390.0,232.0,21.0,26.0,24.0,24.73,77.2,4.8,389.0,648.0,85.0
2026-09-09,8,P03,Player 03,CB,32.05,MD-3,Speed / HSR,Training,N/A,91.0,8094.0,393.0,60.0,26.0,23.0,29.54,92.2,6.2,564.0,437.0,88.0
2026-09-10,8,P03,Player 03,CB,32.05,MD-2,Tactical,Training,N/A,69.0,5527.0,177.0,25.0,23.0,21.0,24.95,77.8,5.1,352.0,953.0,84.0
2026-09-11,8,P03,Player 03,CB,32.05,MD-1,Activation,Training,N/A,50.0,3213.0,76.0,6.0,11.0,12.0,21.79,68.0,2.5,125.0,1305.0,83.0
2026-09-12,8,P03,Player 03,CB,32.05,MD,Match,Match,Starter,84.0,8934.0,386.0,70.0,30.0,26.0,30.14,94.1,8.2,689.0,1041.0,79.0
2026-09-13,8,P03,Player 03,CB,32.05,MD+1,Recovery,Recovery,N/A,34.0,2097.0,18.0,1.0,6.0,5.0,18.11,56.5,1.6,54.0,1166.0,74.0
2026-07-20,1,P04,Player 04,CB,32.7,OFF,Off,Off,N/A,0.0,0.0,0.0,0.0,0.0,0.0,0.0,0.0,0.0,0.0,0.0,90.0
2026-07-21,1,P04,Player 04,CB,32.7,MD-4,Volume,Training,N/A,79.0,7014.0,194.0,26.0,29.0,24.0,25.73,78.7,5.1,403.0,0.0,90.0
2026-07-22,1,P04,Player 04,CB,32.7,MD-3,Speed / HSR,Training,N/A,93.0,7442.0,300.0,80.0,31.0,31.0,30.52,93.3,6.3,586.0,403.0,90.0
2026-07-23,1,P04,Player 04,CB,32.7,MD-2,Tactical,Training,N/A,69.0,5209.0,154.0,25.0,24.0,17.0,26.63,81.4,5.6,386.0,989.0,84.0
2026-07-24,1,P04,Player 04,CB,32.7,MD-1,Activation,Training,N/A,44.0,3182.0,40.0,7.0,15.0,10.0,22.46,68.7,2.1,92.0,1375.0,83.0
2026-07-25,1,P04,Player 04,CB,32.7,MD,Match,Match,Starter,91.0,10157.0,449.0,92.0,40.0,26.0,30.65,93.7,6.9,628.0,1064.0,81.0
2026-07-26,1,P04,Player 04,CB,32.7,MD+1,Recovery,Recovery,N/A,32.0,2123.0,16.0,1.0,6.0,5.0,15.41,47.1,1.1,35.0,1106.0,80.0
2026-07-27,2,P04,Player 04,CB,32.7,OFF,Off,Off,N/A,0.0,0.0,0.0,0.0,0.0,0.0,0.0,0.0,0.0,0.0,755.0,78.0
2026-07-28,2,P04,Player 04,CB,32.7,MD-4,Volume,Training,N/A,76.0,6002.0,239.0,28.0,28.0,23.0,26.75,81.8,4.9,372.0,663.0,84.0
2026-07-29,2,P04,Player 04,CB,32.7,MD-3,Speed / HSR,Training,N/A,90.0,7797.0,375.0,85.0,29.0,28.0,31.38,96.0,7.2,648.0,407.0,83.0
2026-07-30,2,P04,Player 04,CB,32.7,MD-2,Tactical,Training,N/A,64.0,5390.0,200.0,17.0,23.0,20.0,25.49,77.9,3.3,211.0,1020.0,81.0
2026-07-31,2,P04,Player 04,CB,32.7,MD-1,Activation,Training,N/A,46.0,2968.0,55.0,7.0,12.0,10.0,22.56,69.0,2.7,124.0,1231.0,78.0
2026-08-01,2,P04,Player 04,CB,32.7,MD,Match,Match,Starter,79.0,8450.0,311.0,79.0,33.0,30.0,31.65,96.8,8.8,695.0,983.0,82.0
2026-08-02,2,P04,Player 04,CB,32.7,MD+1,Recovery,Recovery,N/A,36.0,2532.0,20.0,1.0,6.0,5.0,18.89,57.8,1.1,40.0,1030.0,79.0
2026-08-03,3,P04,Player 04,CB,32.7,OFF,Off,Off,N/A,0.0,0.0,0.0,0.0,0.0,0.0,0.0,0.0,0.0,0.0,859.0,84.0
2026-08-04,3,P04,Player 04,CB,32.7,MD-4,Volume,Training,N/A,76.0,5337.0,243.0,33.0,31.0,24.0,26.21,80.2,6.0,456.0,735.0,73.0
2026-08-05,3,P04,Player 04,CB,32.7,MD-3,Speed / HSR,Training,N/A,86.0,7536.0,397.0,73.0,31.0,24.0,30.21,92.4,7.0,602.0,496.0,85.0
2026-08-06,3,P04,Player 04,CB,32.7,MD-2,Tactical,Training,N/A,67.0,5886.0,205.0,23.0,22.0,20.0,26.09,79.8,5.4,362.0,1058.0,83.0
2026-08-07,3,P04,Player 04,CB,32.7,MD-1,Activation,Training,N/A,41.0,2943.0,55.0,6.0,11.0,12.0,24.11,73.7,2.9,119.0,1420.0,83.0
2026-08-08,3,P04,Player 04,CB,32.7,MD,Match,Match,Starter,92.0,10682.0,453.0,95.0,38.0,31.0,30.77,94.1,8.4,773.0,1083.0,82.0
2026-08-09,3,P04,Player 04,CB,32.7,MD+1,Recovery,Recovery,N/A,33.0,2218.0,17.0,1.0,7.0,5.0,18.03,55.1,1.6,53.0,1254.0,83.0
2026-08-10,4,P04,Player 04,CB,32.7,OFF,Off,Off,N/A,0.0,0.0,0.0,0.0,0.0,0.0,0.0,0.0,0.0,0.0,945.0,81.0
2026-08-11,4,P04,Player 04,CB,32.7,MD-4,Volume,Training,N/A,80.0,6194.0,213.0,29.0,28.0,23.0,26.25,80.3,4.7,376.0,826.0,81.0
2026-08-12,4,P04,Player 04,CB,32.7,MD-3,Speed / HSR,Training,N/A,89.0,7968.0,394.0,53.0,32.0,24.0,32.88,100.6,5.4,481.0,429.0,86.0
2026-08-13,4,P04,Player 04,CB,32.7,MD-2,Tactical,Training,N/A,70.0,4996.0,153.0,25.0,19.0,21.0,26.77,81.9,4.7,329.0,857.0,81.0
2026-08-14,4,P04,Player 04,CB,32.7,MD-1,Activation,Training,N/A,42.0,2849.0,71.0,6.0,12.0,11.0,23.36,71.4,2.3,97.0,1186.0,76.0
2026-08-15,4,P04,Player 04,CB,32.7,MD,Match,Match,Starter,91.0,10017.0,396.0,96.0,39.0,33.0,31.02,94.9,8.7,792.0,907.0,79.0
2026-08-16,4,P04,Player 04,CB,32.7,MD+1,Recovery,Recovery,N/A,37.0,2430.0,15.0,1.0,6.0,6.0,18.16,55.5,2.0,74.0,1218.0,75.0
2026-08-17,5,P04,Player 04,CB,32.7,OFF,Off,Off,N/A,0.0,0.0,0.0,0.0,0.0,0.0,0.0,0.0,0.0,0.0,963.0,82.0
2026-08-18,5,P04,Player 04,CB,32.7,MD-4,Volume,Training,N/A,77.0,5558.0,236.0,30.0,28.0,21.0,26.26,80.3,4.7,362.0,866.0,81.0
2026-08-19,5,P04,Player 04,CB,32.7,MD-3,Speed / HSR,Training,N/A,89.0,8210.0,333.0,69.0,33.0,27.0,29.64,90.6,6.4,570.0,436.0,83.0
2026-08-20,5,P04,Player 04,CB,32.7,MD-2,Tactical,Training,N/A,73.0,5669.0,181.0,34.0,25.0,20.0,24.83,75.9,4.3,314.0,932.0,79.0
2026-08-21,5,P04,Player 04,CB,32.7,MD-1,Activation,Training,N/A,41.0,2812.0,59.0,7.0,13.0,11.0,21.37,65.3,3.0,123.0,1246.0,80.0
2026-08-22,5,P04,Player 04,CB,32.7,MD,Match,Match,Sub,8.0,1002.0,56.0,4.0,4.0,2.0,30.62,93.6,7.2,58.0,1007.0,82.0
2026-08-23,5,P04,Player 04,CB,32.7,MD+1,Recovery,Recovery,N/A,35.0,2093.0,14.0,1.0,7.0,5.0,18.57,56.8,2.4,84.0,495.0,80.0
2026-08-24,6,P04,Player 04,CB,32.7,OFF,Off,Off,N/A,0.0,0.0,0.0,0.0,0.0,0.0,0.0,0.0,0.0,0.0,265.0,82.0
2026-08-25,6,P04,Player 04,CB,32.7,MD-4,Volume,Training,N/A,81.0,6591.0,222.0,23.0,24.0,25.0,24.43,74.7,5.8,470.0,142.0,90.0
2026-08-26,6,P04,Player 04,CB,32.7,MD-3,Speed / HSR,Training,N/A,87.0,7592.0,293.0,83.0,30.0,31.0,29.37,89.8,6.0,522.0,554.0,79.0
2026-08-27,6,P04,Player 04,CB,32.7,MD-2,Tactical,Training,N/A,69.0,5711.0,151.0,19.0,25.0,22.0,24.74,75.6,4.4,304.0,992.0,82.0
2026-08-28,6,P04,Player 04,CB,32.7,MD-1,Activation,Training,N/A,45.0,2800.0,60.0,7.0,15.0,12.0,24.28,74.3,2.2,99.0,1296.0,83.0
2026-08-29,6,P04,Player 04,CB,32.7,MD,Match,Match,Starter,96.0,11271.0,450.0,71.0,46.0,33.0,29.8,91.1,7.2,691.0,925.0,86.0
2026-08-30,6,P04,Player 04,CB,32.7,MD+1,Recovery,Recovery,N/A,40.0,1975.0,16.0,1.0,5.0,6.0,18.59,56.9,3.0,120.0,1094.0,82.0
2026-08-31,7,P04,Player 04,CB,32.7,OFF,Off,Off,N/A,0.0,0.0,0.0,0.0,0.0,0.0,0.0,0.0,0.0,0.0,910.0,83.0
2026-09-01,7,P04,Player 04,CB,32.7,MD-4,Volume,Training,N/A,79.0,6266.0,241.0,30.0,27.0,20.0,28.21,86.3,5.1,403.0,811.0,89.0
2026-09-02,7,P04,Player 04,CB,32.7,MD-3,Speed / HSR,Training,N/A,84.0,7704.0,349.0,55.0,35.0,27.0,29.62,90.6,6.1,512.0,523.0,76.0
2026-09-03,7,P04,Player 04,CB,32.7,MD-2,Tactical,Training,N/A,69.0,5559.0,188.0,24.0,25.0,20.0,26.6,81.3,4.9,338.0,915.0,79.0
2026-09-04,7,P04,Player 04,CB,32.7,MD-1,Activation,Training,N/A,46.0,2810.0,63.0,5.0,13.0,8.0,22.63,69.2,3.1,143.0,1253.0,81.0
2026-09-05,7,P04,Player 04,CB,32.7,MD,Match,Match,Starter,76.0,8721.0,320.0,84.0,29.0,25.0,31.46,96.2,8.8,669.0,993.0,79.0
2026-09-06,7,P04,Player 04,CB,32.7,MD+1,Recovery,Recovery,N/A,31.0,2356.0,14.0,1.0,8.0,6.0,17.2,52.6,1.3,40.0,1150.0,83.0
2026-09-07,8,P04,Player 04,CB,32.7,OFF,Off,Off,N/A,0.0,0.0,0.0,0.0,0.0,0.0,0.0,0.0,0.0,0.0,852.0,81.0
2026-09-08,8,P04,Player 04,CB,32.7,MD-4,Volume,Training,N/A,80.0,6467.0,156.0,35.0,28.0,25.0,26.0,79.5,4.1,328.0,709.0,83.0
2026-09-09,8,P04,Player 04,CB,32.7,MD-3,Speed / HSR,Training,N/A,82.0,7605.0,351.0,57.0,31.0,27.0,29.38,89.8,7.0,574.0,368.0,84.0
2026-09-10,8,P04,Player 04,CB,32.7,MD-2,Tactical,Training,N/A,65.0,4766.0,152.0,23.0,26.0,19.0,25.29,77.3,4.3,280.0,902.0,79.0
2026-09-11,8,P04,Player 04,CB,32.7,MD-1,Activation,Training,N/A,47.0,2679.0,64.0,7.0,14.0,12.0,24.38,74.5,2.5,118.0,1182.0,77.0
2026-09-12,8,P04,Player 04,CB,32.7,MD,Match,Match,Starter,96.0,10140.0,474.0,80.0,37.0,28.0,29.27,89.5,7.6,730.0,972.0,81.0
2026-09-13,8,P04,Player 04,CB,32.7,MD+1,Recovery,Recovery,N/A,38.0,2124.0,15.0,1.0,7.0,5.0,16.44,50.3,2.1,80.0,1128.0,76.0
2026-07-20,1,P05,Player 05,CB,31.66,OFF,Off,Off,N/A,0.0,0.0,0.0,0.0,0.0,0.0,0.0,0.0,0.0,0.0,0.0,91.0
2026-07-21,1,P05,Player 05,CB,31.66,MD-4,Volume,Training,N/A,73.0,6059.0,226.0,31.0,24.0,25.0,26.45,83.5,5.3,387.0,0.0,90.0
2026-07-22,1,P05,Player 05,CB,31.66,MD-3,Speed / HSR,Training,N/A,89.0,8535.0,481.0,77.0,31.0,32.0,28.19,89.0,6.6,587.0,387.0,88.0
2026-07-23,1,P05,Player 05,CB,31.66,MD-2,Tactical,Training,N/A,71.0,5076.0,185.0,27.0,18.0,21.0,24.58,77.6,5.5,390.0,974.0,77.0
2026-07-24,1,P05,Player 05,CB,31.66,MD-1,Activation,Training,N/A,40.0,2822.0,73.0,9.0,12.0,13.0,22.2,70.1,3.7,148.0,1364.0,72.0
2026-07-25,1,P05,Player 05,CB,31.66,MD,Match,Top-up,Unused,52.0,4427.0,202.0,27.0,20.0,17.0,26.5,83.7,4.4,229.0,1125.0,79.0
2026-07-26,1,P05,Player 05,CB,31.66,MD+1,Recovery,Recovery,N/A,39.0,2111.0,21.0,1.0,7.0,5.0,17.99,56.8,2.2,86.0,767.0,91.0
2026-07-27,2,P05,Player 05,CB,31.66,OFF,Off,Off,N/A,0.0,0.0,0.0,0.0,0.0,0.0,0.0,0.0,0.0,0.0,463.0,88.0
2026-07-28,2,P05,Player 05,CB,31.66,MD-4,Volume,Training,N/A,87.0,5485.0,268.0,36.0,23.0,29.0,26.43,83.5,5.8,505.0,315.0,84.0
2026-07-29,2,P05,Player 05,CB,31.66,MD-3,Speed / HSR,Training,N/A,82.0,7345.0,448.0,82.0,31.0,28.0,28.7,90.7,6.6,541.0,591.0,85.0
2026-07-30,2,P05,Player 05,CB,31.66,MD-2,Tactical,Training,N/A,69.0,5079.0,185.0,23.0,21.0,20.0,25.5,80.5,4.2,290.0,1046.0,82.0
2026-07-31,2,P05,Player 05,CB,31.66,MD-1,Activation,Training,N/A,41.0,2725.0,52.0,8.0,13.0,11.0,23.23,73.4,2.7,111.0,1336.0,73.0
2026-08-01,2,P05,Player 05,CB,31.66,MD,Match,Top-up,Unused,51.0,5086.0,184.0,17.0,17.0,15.0,25.98,82.1,4.6,235.0,942.0,85.0
2026-08-02,2,P05,Player 05,CB,31.66,MD+1,Recovery,Recovery,N/A,33.0,2101.0,21.0,1.0,5.0,6.0,16.64,52.6,1.8,59.0,636.0,82.0
2026-08-03,3,P05,Player 05,CB,31.66,OFF,Off,Off,N/A,0.0,0.0,0.0,0.0,0.0,0.0,0.0,0.0,0.0,0.0,405.0,84.0
2026-08-04,3,P05,Player 05,CB,31.66,MD-4,Volume,Training,N/A,85.0,6650.0,207.0,31.0,26.0,19.0,25.85,81.6,6.6,561.0,294.0,86.0
2026-08-05,3,P05,Player 05,CB,31.66,MD-3,Speed / HSR,Training,N/A,83.0,7845.0,401.0,85.0,33.0,27.0,27.34,86.3,6.1,506.0,620.0,87.0
2026-08-06,3,P05,Player 05,CB,31.66,MD-2,Tactical,Training,N/A,72.0,5463.0,215.0,21.0,23.0,20.0,22.22,70.2,3.1,223.0,1067.0,77.0
2026-08-07,3,P05,Player 05,CB,31.66,MD-1,Activation,Training,N/A,52.0,2850.0,86.0,7.0,12.0,11.0,22.57,71.3,3.1,161.0,1290.0,72.0
2026-08-08,3,P05,Player 05,CB,31.66,MD,Match,Top-up,Unused,52.0,3844.0,171.0,23.0,19.0,18.0,26.5,83.7,4.1,213.0,890.0,82.0
2026-08-09,3,P05,Player 05,CB,31.66,MD+1,Recovery,Recovery,N/A,28.0,1981.0,21.0,1.0,5.0,5.0,17.29,54.6,2.7,76.0,597.0,77.0
2026-08-10,4,P05,Player 05,CB,31.66,OFF,Off,Off,N/A,0.0,0.0,0.0,0.0,0.0,0.0,0.0,0.0,0.0,0.0,450.0,83.0
2026-08-11,4,P05,Player 05,CB,31.66,MD-4,Volume,Training,N/A,75.0,6493.0,245.0,32.0,26.0,24.0,26.1,82.4,5.8,435.0,289.0,89.0
2026-08-12,4,P05,Player 05,CB,31.66,MD-3,Speed / HSR,Training,N/A,84.0,6962.0,316.0,92.0,38.0,28.0,27.66,87.4,5.1,428.0,511.0,86.0
2026-08-13,4,P05,Player 05,CB,31.66,MD-2,Tactical,Training,N/A,69.0,5404.0,192.0,22.0,26.0,20.0,25.87,81.7,2.9,200.0,863.0,84.0
2026-08-14,4,P05,Player 05,CB,31.66,MD-1,Activation,Training,N/A,38.0,2713.0,72.0,8.0,12.0,11.0,21.43,67.7,3.6,137.0,1063.0,81.0
2026-08-15,4,P05,Player 05,CB,31.66,MD,Match,Top-up,Unused,53.0,4447.0,165.0,29.0,17.0,19.0,25.61,80.9,5.8,307.0,765.0,90.0
2026-08-16,4,P05,Player 05,CB,31.66,MD+1,Recovery,Recovery,N/A,39.0,2175.0,20.0,1.0,6.0,7.0,17.52,55.4,1.4,55.0,644.0,81.0
2026-08-17,5,P05,Player 05,CB,31.66,OFF,Off,Off,N/A,0.0,0.0,0.0,0.0,0.0,0.0,0.0,0.0,0.0,0.0,499.0,85.0
2026-08-18,5,P05,Player 05,CB,31.66,MD-4,Volume,Training,N/A,77.0,7090.0,236.0,24.0,26.0,21.0,24.0,75.8,4.6,354.0,362.0,84.0
2026-08-19,5,P05,Player 05,CB,31.66,MD-3,Speed / HSR,Training,N/A,88.0,6958.0,422.0,65.0,30.0,28.0,29.52,93.3,5.1,449.0,409.0,88.0
2026-08-20,5,P05,Player 05,CB,31.66,MD-2,Tactical,Training,N/A,76.0,5821.0,222.0,28.0,19.0,21.0,23.64,74.7,3.5,266.0,803.0,81.0
2026-08-21,5,P05,Player 05,CB,31.66,MD-1,Activation,Training,N/A,44.0,3123.0,57.0,6.0,12.0,13.0,22.34,70.6,2.5,110.0,1069.0,85.0
2026-08-22,5,P05,Player 05,CB,31.66,MD,Match,Match,Starter,71.0,7782.0,408.0,78.0,29.0,25.0,28.01,88.5,8.9,632.0,825.0,80.0
2026-08-23,5,P05,Player 05,CB,31.66,MD+1,Recovery,Recovery,N/A,44.0,2060.0,17.0,1.0,6.0,6.0,16.51,52.2,1.7,75.0,1008.0,84.0
2026-08-24,6,P05,Player 05,CB,31.66,OFF,Off,Off,N/A,0.0,0.0,0.0,0.0,0.0,0.0,0.0,0.0,0.0,0.0,817.0,83.0
2026-08-25,6,P05,Player 05,CB,31.66,MD-4,Volume,Training,N/A,77.0,6120.0,185.0,29.0,27.0,21.0,25.88,81.7,5.3,408.0,707.0,82.0
2026-08-26,6,P05,Player 05,CB,31.66,MD-3,Speed / HSR,Training,N/A,93.0,8031.0,395.0,85.0,30.0,29.0,28.39,89.7,6.9,642.0,483.0,86.0
2026-08-27,6,P05,Player 05,CB,31.66,MD-2,Tactical,Training,N/A,64.0,5133.0,207.0,23.0,21.0,18.0,24.29,76.7,5.5,352.0,1050.0,80.0
2026-08-28,6,P05,Player 05,CB,31.66,MD-1,Activation,Training,N/A,42.0,2841.0,62.0,6.0,13.0,12.0,21.82,68.9,3.0,126.0,1402.0,78.0
2026-08-29,6,P05,Player 05,CB,31.66,MD,Match,Match,Starter,82.0,7924.0,375.0,97.0,31.0,31.0,29.28,92.5,8.4,689.0,1120.0,78.0
2026-08-30,6,P05,Player 05,CB,31.66,MD+1,Recovery,Recovery,N/A,28.0,2357.0,17.0,1.0,6.0,5.0,17.86,56.4,1.1,31.0,1167.0,76.0
2026-08-31,7,P05,Player 05,CB,31.66,OFF,Off,Off,N/A,0.0,0.0,0.0,0.0,0.0,0.0,0.0,0.0,0.0,0.0,846.0,80.0
2026-09-01,7,P05,Player 05,CB,31.66,MD-4,Volume,Training,N/A,78.0,6014.0,219.0,37.0,29.0,25.0,25.21,79.6,5.6,437.0,720.0,77.0
2026-09-02,7,P05,Player 05,CB,31.66,MD-3,Speed / HSR,Training,N/A,93.0,7488.0,389.0,71.0,32.0,33.0,29.85,94.3,6.8,632.0,468.0,87.0
2026-09-03,7,P05,Player 05,CB,31.66,MD-2,Tactical,Training,N/A,71.0,5118.0,223.0,23.0,23.0,21.0,24.34,76.9,3.9,277.0,1069.0,75.0
2026-09-04,7,P05,Player 05,CB,31.66,MD-1,Activation,Training,N/A,46.0,2626.0,54.0,7.0,12.0,9.0,22.15,70.0,2.8,129.0,1346.0,77.0
2026-09-05,7,P05,Player 05,CB,31.66,MD,Match,Top-up,Unused,55.0,4401.0,191.0,26.0,20.0,18.0,24.36,76.9,5.1,280.0,1038.0,82.0
2026-09-06,7,P05,Player 05,CB,31.66,MD+1,Recovery,Recovery,N/A,33.0,1926.0,16.0,1.0,7.0,5.0,18.16,57.4,2.1,69.0,686.0,85.0
2026-09-07,8,P05,Player 05,CB,31.66,OFF,Off,Off,N/A,0.0,0.0,0.0,0.0,0.0,0.0,0.0,0.0,0.0,0.0,478.0,78.0
2026-09-08,8,P05,Player 05,CB,31.66,MD-4,Volume,Training,N/A,81.0,5918.0,248.0,29.0,26.0,22.0,26.29,83.0,4.5,364.0,349.0,85.0
2026-09-09,8,P05,Player 05,CB,31.66,MD-3,Speed / HSR,Training,N/A,80.0,6465.0,385.0,77.0,32.0,27.0,28.11,88.8,6.4,512.0,433.0,86.0
2026-09-10,8,P05,Player 05,CB,31.66,MD-2,Tactical,Training,N/A,72.0,5025.0,176.0,20.0,20.0,23.0,25.11,79.3,4.0,288.0,876.0,81.0
2026-09-11,8,P05,Player 05,CB,31.66,MD-1,Activation,Training,N/A,41.0,3315.0,51.0,6.0,13.0,13.0,22.37,70.7,3.2,131.0,1164.0,83.0
2026-09-12,8,P05,Player 05,CB,31.66,MD,Match,Top-up,Unused,53.0,4762.0,141.0,21.0,17.0,18.0,27.15,85.8,4.4,233.0,931.0,78.0
2026-09-13,8,P05,Player 05,CB,31.66,MD+1,Recovery,Recovery,N/A,27.0,2327.0,18.0,1.0,6.0,6.0,17.41,55.0,1.4,38.0,652.0,76.0
2026-07-20,1,P06,Player 06,FB,35.93,OFF,Off,Off,N/A,0.0,0.0,0.0,0.0,0.0,0.0,0.0,0.0,0.0,0.0,0.0,91.0
2026-07-21,1,P06,Player 06,FB,35.93,MD-4,Volume,Training,N/A,79.0,6797.0,409.0,66.0,35.0,34.0,31.38,87.3,6.1,482.0,0.0,86.0
2026-07-22,1,P06,Player 06,FB,35.93,MD-3,Speed / HSR,Training,N/A,88.0,8435.0,608.0,144.0,33.0,37.0,32.48,90.4,6.2,546.0,482.0,79.0
2026-07-23,1,P06,Player 06,FB,35.93,MD-2,Tactical,Training,N/A,69.0,6381.0,286.0,68.0,30.0,27.0,28.61,79.6,5.1,352.0,1028.0,79.0
2026-07-24,1,P06,Player 06,FB,35.93,MD-1,Activation,Training,N/A,44.0,3203.0,115.0,27.0,17.0,15.0,26.37,73.4,2.4,106.0,1380.0,81.0
2026-07-25,1,P06,Player 06,FB,35.93,MD,Match,Match,Sub,26.0,3625.0,218.0,86.0,16.0,13.0,33.72,93.8,7.8,203.0,1004.0,76.0
2026-07-26,1,P06,Player 06,FB,35.93,MD+1,Recovery,Recovery,N/A,32.0,2419.0,34.0,2.0,8.0,7.0,19.87,55.3,2.0,64.0,661.0,90.0
2026-07-27,2,P06,Player 06,FB,35.93,OFF,Off,Off,N/A,0.0,0.0,0.0,0.0,0.0,0.0,0.0,0.0,0.0,0.0,373.0,82.0
2026-07-28,2,P06,Player 06,FB,35.93,MD-4,Volume,Training,N/A,78.0,6669.0,398.0,78.0,39.0,34.0,27.6,76.8,5.7,445.0,267.0,86.0
2026-07-29,2,P06,Player 06,FB,35.93,MD-3,Speed / HSR,Training,N/A,87.0,8229.0,682.0,169.0,44.0,53.0,30.82,85.8,6.6,574.0,509.0,80.0
2026-07-30,2,P06,Player 06,FB,35.93,MD-2,Tactical,Training,N/A,68.0,5751.0,254.0,67.0,29.0,29.0,29.59,82.4,3.2,218.0,1019.0,80.0
2026-07-31,2,P06,Player 06,FB,35.93,MD-1,Activation,Training,N/A,46.0,3242.0,109.0,17.0,20.0,15.0,24.31,67.7,2.9,133.0,1237.0,78.0
2026-08-01,2,P06,Player 06,FB,35.93,MD,Match,Top-up,Unused,50.0,5552.0,335.0,64.0,23.0,23.0,29.51,82.1,4.8,240.0,925.0,76.0
2026-08-02,2,P06,Player 06,FB,35.93,MD+1,Recovery,Recovery,N/A,34.0,2283.0,34.0,2.0,8.0,9.0,18.99,52.9,0.8,27.0,591.0,92.0
2026-08-03,3,P06,Player 06,FB,35.93,OFF,Off,Off,N/A,0.0,0.0,0.0,0.0,0.0,0.0,0.0,0.0,0.0,0.0,400.0,83.0
2026-08-04,3,P06,Player 06,FB,35.93,MD-4,Volume,Training,N/A,81.0,7470.0,418.0,73.0,35.0,31.0,27.53,76.6,6.0,486.0,267.0,84.0
2026-08-05,3,P06,Player 06,FB,35.93,MD-3,Speed / HSR,Training,N/A,92.0,7940.0,620.0,137.0,49.0,45.0,34.02,94.7,7.0,644.0,513.0,87.0
2026-08-06,3,P06,Player 06,FB,35.93,MD-2,Tactical,Training,N/A,66.0,5926.0,335.0,64.0,35.0,25.0,28.35,78.9,4.6,304.0,1130.0,85.0
2026-08-07,3,P06,Player 06,FB,35.93,MD-1,Activation,Training,N/A,44.0,3569.0,113.0,19.0,15.0,17.0,24.98,69.5,2.2,97.0,1434.0,80.0
2026-08-08,3,P06,Player 06,FB,35.93,MD,Match,Match,Sub,11.0,1391.0,123.0,44.0,7.0,5.0,31.12,86.6,7.4,81.0,1045.0,76.0
2026-08-09,3,P06,Player 06,FB,35.93,MD+1,Recovery,Recovery,N/A,33.0,2541.0,33.0,2.0,7.0,9.0,19.34,53.8,2.3,76.0,482.0,85.0
2026-08-10,4,P06,Player 06,FB,35.93,OFF,Off,Off,N/A,0.0,0.0,0.0,0.0,0.0,0.0,0.0,0.0,0.0,0.0,254.0,80.0
2026-08-11,4,P06,Player 06,FB,35.93,MD-4,Volume,Training,N/A,82.0,6724.0,477.0,76.0,36.0,35.0,29.05,80.9,4.8,394.0,157.0,90.0
2026-08-12,4,P06,Player 06,FB,35.93,MD-3,Speed / HSR,Training,N/A,87.0,8070.0,623.0,195.0,43.0,43.0,32.66,90.9,5.7,496.0,470.0,79.0
2026-08-13,4,P06,Player 06,FB,35.93,MD-2,Tactical,Training,N/A,75.0,6301.0,331.0,67.0,31.0,27.0,29.07,80.9,3.9,292.0,890.0,78.0
2026-08-14,4,P06,Player 06,FB,35.93,MD-1,Activation,Training,N/A,43.0,3076.0,125.0,16.0,15.0,16.0,25.15,70.0,2.8,120.0,1182.0,79.0
2026-08-15,4,P06,Player 06,FB,35.93,MD,Match,Match,Sub,18.0,2102.0,136.0,53.0,8.0,9.0,26.98,75.1,7.4,133.0,908.0,82.0
2026-08-16,4,P06,Player 06,FB,35.93,MD+1,Recovery,Recovery,N/A,32.0,2222.0,29.0,2.0,7.0,8.0,19.02,52.9,2.5,80.0,545.0,83.0
2026-08-17,5,P06,Player 06,FB,35.93,OFF,Off,Off,N/A,0.0,0.0,0.0,0.0,0.0,0.0,0.0,0.0,0.0,0.0,333.0,90.0
2026-08-18,5,P06,Player 06,FB,35.93,MD-4,Volume,Training,N/A,76.0,7216.0,437.0,79.0,30.0,32.0,29.09,81.0,4.8,365.0,213.0,89.0
2026-08-19,5,P06,Player 06,FB,35.93,MD-3,Speed / HSR,Training,N/A,92.0,7862.0,775.0,175.0,41.0,49.0,32.71,91.0,7.1,653.0,445.0,87.0
2026-08-20,5,P06,Player 06,FB,35.93,MD-2,Tactical,Training,N/A,71.0,5923.0,366.0,67.0,31.0,26.0,28.25,78.6,3.5,248.0,1018.0,76.0
2026-08-21,5,P06,Player 06,FB,35.93,MD-1,Activation,Training,N/A,41.0,3565.0,96.0,16.0,17.0,13.0,26.75,74.5,3.0,123.0,1266.0,83.0
2026-08-22,5,P06,Player 06,FB,35.93,MD,Match,Match,Starter,96.0,12179.0,605.0,178.0,46.0,42.0,34.19,95.2,8.7,835.0,1024.0,77.0
2026-08-23,5,P06,Player 06,FB,35.93,MD+1,Recovery,Recovery,N/A,26.0,2479.0,29.0,2.0,7.0,8.0,19.41,54.0,1.8,47.0,1206.0,84.0
2026-08-24,6,P06,Player 06,FB,35.93,OFF,Off,Off,N/A,0.0,0.0,0.0,0.0,0.0,0.0,0.0,0.0,0.0,0.0,1005.0,86.0
2026-08-25,6,P06,Player 06,FB,35.93,MD-4,Volume,Training,N/A,75.0,7177.0,301.0,77.0,39.0,39.0,29.23,81.4,5.0,375.0,882.0,83.0
2026-08-26,6,P06,Player 06,FB,35.93,MD-3,Speed / HSR,Training,N/A,85.0,9111.0,650.0,189.0,44.0,41.0,32.68,91.0,6.4,544.0,422.0,88.0
2026-08-27,6,P06,Player 06,FB,35.93,MD-2,Tactical,Training,N/A,70.0,5313.0,318.0,47.0,26.0,33.0,28.21,78.5,5.5,385.0,919.0,71.0
2026-08-28,6,P06,Player 06,FB,35.93,MD-1,Activation,Training,N/A,45.0,3334.0,92.0,18.0,16.0,17.0,24.36,67.8,1.1,50.0,1304.0,77.0
2026-08-29,6,P06,Player 06,FB,35.93,MD,Match,Top-up,Unused,60.0,4749.0,329.0,44.0,30.0,25.0,30.78,85.7,4.6,276.0,979.0,84.0
2026-08-30,6,P06,Player 06,FB,35.93,MD+1,Recovery,Recovery,N/A,37.0,2220.0,27.0,2.0,9.0,8.0,19.8,55.1,2.2,81.0,711.0,85.0
2026-08-31,7,P06,Player 06,FB,35.93,OFF,Off,Off,N/A,0.0,0.0,0.0,0.0,0.0,0.0,0.0,0.0,0.0,0.0,407.0,81.0
2026-09-01,7,P06,Player 06,FB,35.93,MD-4,Volume,Training,N/A,78.0,6682.0,425.0,69.0,35.0,35.0,29.5,82.1,4.8,374.0,357.0,84.0
2026-09-02,7,P06,Player 06,FB,35.93,MD-3,Speed / HSR,Training,N/A,90.0,7456.0,605.0,183.0,38.0,37.0,30.7,85.4,5.6,504.0,455.0,76.0
2026-09-03,7,P06,Player 06,FB,35.93,MD-2,Tactical,Training,N/A,69.0,5517.0,272.0,56.0,30.0,33.0,29.08,80.9,2.8,193.0,878.0,82.0
2026-09-04,7,P06,Player 06,FB,35.93,MD-1,Activation,Training,N/A,43.0,3291.0,113.0,17.0,13.0,16.0,23.95,66.7,2.3,99.0,1071.0,73.0
2026-09-05,7,P06,Player 06,FB,35.93,MD,Match,Match,Starter,87.0,9966.0,899.0,166.0,53.0,45.0,34.53,96.1,8.1,705.0,796.0,85.0
2026-09-06,7,P06,Player 06,FB,35.93,MD+1,Recovery,Recovery,N/A,40.0,2421.0,35.0,2.0,9.0,7.0,19.61,54.6,1.8,72.0,997.0,84.0
2026-09-07,8,P06,Player 06,FB,35.93,OFF,Off,Off,N/A,0.0,0.0,0.0,0.0,0.0,0.0,0.0,0.0,0.0,0.0,876.0,79.0
2026-09-08,8,P06,Player 06,FB,35.93,MD-4,Volume,Training,N/A,87.0,7833.0,489.0,88.0,34.0,38.0,28.62,79.7,4.3,374.0,777.0,83.0
2026-09-09,8,P06,Player 06,FB,35.93,MD-3,Speed / HSR,Training,N/A,86.0,9149.0,650.0,187.0,52.0,41.0,33.75,93.9,6.8,585.0,446.0,84.0
2026-09-10,8,P06,Player 06,FB,35.93,MD-2,Tactical,Training,N/A,75.0,5480.0,386.0,75.0,29.0,25.0,31.26,87.0,4.6,345.0,959.0,81.0
2026-09-11,8,P06,Player 06,FB,35.93,MD-1,Activation,Training,N/A,36.0,3063.0,85.0,21.0,14.0,14.0,25.8,71.8,3.2,115.0,1304.0,74.0
2026-09-12,8,P06,Player 06,FB,35.93,MD,Match,Top-up,Unused,52.0,5363.0,332.0,51.0,26.0,24.0,29.99,83.5,5.0,260.0,1045.0,82.0
2026-09-13,8,P06,Player 06,FB,35.93,MD+1,Recovery,Recovery,N/A,35.0,2054.0,25.0,2.0,9.0,8.0,21.08,58.7,1.2,42.0,720.0,77.0
2026-07-20,1,P07,Player 07,FB,33.9,OFF,Off,Off,N/A,0.0,0.0,0.0,0.0,0.0,0.0,0.0,0.0,0.0,0.0,0.0,82.0
2026-07-21,1,P07,Player 07,FB,33.9,MD-4,Volume,Training,N/A,80.0,6268.0,345.0,100.0,35.0,35.0,25.05,73.9,5.8,464.0,0.0,88.0
2026-07-22,1,P07,Player 07,FB,33.9,MD-3,Speed / HSR,Training,N/A,96.0,8695.0,583.0,229.0,40.0,39.0,31.41,92.6,6.8,653.0,464.0,84.0
2026-07-23,1,P07,Player 07,FB,33.9,MD-2,Tactical,Training,N/A,69.0,4925.0,321.0,62.0,28.0,28.0,24.76,73.0,3.4,235.0,1117.0,80.0
2026-07-24,1,P07,Player 07,FB,33.9,MD-1,Activation,Training,N/A,42.0,3301.0,108.0,22.0,16.0,16.0,24.23,71.5,1.4,59.0,1352.0,75.0
2026-07-25,1,P07,Player 07,FB,33.9,MD,Match,Top-up,Unused,52.0,4505.0,275.0,61.0,27.0,23.0,28.32,83.5,4.0,208.0,947.0,86.0
2026-07-26,1,P07,Player 07,FB,33.9,MD+1,Recovery,Recovery,N/A,31.0,2280.0,33.0,3.0,10.0,9.0,17.46,51.5,2.8,87.0,502.0,84.0
2026-07-27,2,P07,Player 07,FB,33.9,OFF,Off,Off,N/A,0.0,0.0,0.0,0.0,0.0,0.0,0.0,0.0,0.0,0.0,354.0,86.0
2026-07-28,2,P07,Player 07,FB,33.9,MD-4,Volume,Training,N/A,82.0,6925.0,434.0,82.0,31.0,30.0,25.18,74.3,5.3,435.0,295.0,86.0
2026-07-29,2,P07,Player 07,FB,33.9,MD-3,Speed / HSR,Training,N/A,85.0,8396.0,662.0,243.0,46.0,41.0,32.53,96.0,5.0,425.0,522.0,87.0
2026-07-30,2,P07,Player 07,FB,33.9,MD-2,Tactical,Training,N/A,62.0,5694.0,321.0,74.0,28.0,30.0,27.89,82.3,4.7,291.0,860.0,83.0
2026-07-31,2,P07,Player 07,FB,33.9,MD-1,Activation,Training,N/A,45.0,2799.0,122.0,21.0,14.0,17.0,24.47,72.2,1.8,81.0,1151.0,80.0
2026-08-01,2,P07,Player 07,FB,33.9,MD,Match,Match,Sub,9.0,1133.0,86.0,28.0,5.0,5.0,29.47,86.9,7.3,66.0,797.0,84.0
2026-08-02,2,P07,Player 07,FB,33.9,MD+1,Recovery,Recovery,N/A,37.0,2455.0,30.0,2.0,9.0,7.0,19.01,56.1,1.3,48.0,438.0,79.0
2026-08-03,3,P07,Player 07,FB,33.9,OFF,Off,Off,N/A,0.0,0.0,0.0,0.0,0.0,0.0,0.0,0.0,0.0,0.0,195.0,81.0
2026-08-04,3,P07,Player 07,FB,33.9,MD-4,Volume,Training,N/A,83.0,6162.0,445.0,84.0,35.0,35.0,28.3,83.5,5.2,432.0,114.0,87.0
2026-08-05,3,P07,Player 07,FB,33.9,MD-3,Speed / HSR,Training,N/A,90.0,7932.0,646.0,204.0,52.0,43.0,30.64,90.4,6.7,603.0,480.0,84.0
2026-08-06,3,P07,Player 07,FB,33.9,MD-2,Tactical,Training,N/A,67.0,5598.0,260.0,87.0,27.0,34.0,26.74,78.9,5.0,335.0,1035.0,82.0
2026-08-07,3,P07,Player 07,FB,33.9,MD-1,Activation,Training,N/A,41.0,3684.0,104.0,17.0,15.0,16.0,24.38,71.9,2.9,119.0,1370.0,77.0
2026-08-08,3,P07,Player 07,FB,33.9,MD,Match,Top-up,Unused,53.0,4939.0,273.0,67.0,27.0,27.0,26.84,79.2,4.5,238.0,1057.0,81.0
2026-08-09,3,P07,Player 07,FB,33.9,MD+1,Recovery,Recovery,N/A,31.0,2304.0,32.0,3.0,9.0,8.0,17.87,52.7,2.8,87.0,692.0,78.0
2026-08-10,4,P07,Player 07,FB,33.9,OFF,Off,Off,N/A,0.0,0.0,0.0,0.0,0.0,0.0,0.0,0.0,0.0,0.0,444.0,84.0
2026-08-11,4,P07,Player 07,FB,33.9,MD-4,Volume,Training,N/A,81.0,7940.0,380.0,86.0,32.0,32.0,28.95,85.4,4.8,389.0,325.0,81.0
2026-08-12,4,P07,Player 07,FB,33.9,MD-3,Speed / HSR,Training,N/A,91.0,8077.0,729.0,244.0,35.0,35.0,30.29,89.4,5.8,528.0,476.0,85.0
2026-08-13,4,P07,Player 07,FB,33.9,MD-2,Tactical,Training,N/A,68.0,6028.0,359.0,64.0,27.0,27.0,27.65,81.6,3.8,258.0,917.0,75.0
2026-08-14,4,P07,Player 07,FB,33.9,MD-1,Activation,Training,N/A,52.0,3177.0,77.0,22.0,16.0,16.0,24.02,70.9,2.6,135.0,1175.0,80.0
2026-08-15,4,P07,Player 07,FB,33.9,MD,Match,Match,Starter,83.0,8599.0,819.0,189.0,47.0,40.0,34.11,100.6,8.9,739.0,921.0,76.0
2026-08-16,4,P07,Player 07,FB,33.9,MD+1,Recovery,Recovery,N/A,35.0,2318.0,28.0,3.0,9.0,9.0,18.53,54.7,2.4,84.0,1132.0,78.0
2026-08-17,5,P07,Player 07,FB,33.9,OFF,Off,Off,N/A,0.0,0.0,0.0,0.0,0.0,0.0,0.0,0.0,0.0,0.0,958.0,83.0
2026-08-18,5,P07,Player 07,FB,33.9,MD-4,Volume,Training,N/A,77.0,6826.0,382.0,88.0,39.0,33.0,28.52,84.1,5.5,424.0,823.0,82.0
2026-08-19,5,P07,Player 07,FB,33.9,MD-3,Speed / HSR,Training,N/A,88.0,8305.0,664.0,246.0,39.0,36.0,30.43,89.8,6.5,572.0,508.0,79.0
2026-08-20,5,P07,Player 07,FB,33.9,MD-2,Tactical,Training,N/A,62.0,5876.0,293.0,81.0,32.0,27.0,27.48,81.1,4.0,248.0,996.0,78.0
2026-08-21,5,P07,Player 07,FB,33.9,MD-1,Activation,Training,N/A,48.0,3225.0,105.0,18.0,16.0,14.0,24.31,71.7,3.1,149.0,1244.0,73.0
2026-08-22,5,P07,Player 07,FB,33.9,MD,Match,Top-up,Unused,46.0,5018.0,329.0,61.0,25.0,20.0,27.4,80.8,4.7,216.0,969.0,75.0
2026-08-23,5,P07,Player 07,FB,33.9,MD+1,Recovery,Recovery,N/A,36.0,2505.0,33.0,3.0,10.0,9.0,18.6,54.9,2.4,86.0,613.0,83.0
2026-08-24,6,P07,Player 07,FB,33.9,OFF,Off,Off,N/A,0.0,0.0,0.0,0.0,0.0,0.0,0.0,0.0,0.0,0.0,451.0,86.0
2026-08-25,6,P07,Player 07,FB,33.9,MD-4,Volume,Training,N/A,75.0,6481.0,424.0,75.0,36.0,40.0,27.05,79.8,4.4,330.0,302.0,87.0
2026-08-26,6,P07,Player 07,FB,33.9,MD-3,Speed / HSR,Training,N/A,92.0,7695.0,649.0,218.0,45.0,40.0,33.33,98.3,6.3,580.0,416.0,87.0
2026-08-27,6,P07,Player 07,FB,33.9,MD-2,Tactical,Training,N/A,70.0,5573.0,346.0,43.0,30.0,28.0,28.54,84.2,5.0,350.0,910.0,81.0
2026-08-28,6,P07,Player 07,FB,33.9,MD-1,Activation,Training,N/A,40.0,3091.0,108.0,27.0,17.0,16.0,23.69,69.9,3.3,132.0,1260.0,77.0
2026-08-29,6,P07,Player 07,FB,33.9,MD,Match,Match,Sub,32.0,4174.0,263.0,127.0,16.0,19.0,29.04,85.7,7.5,240.0,1062.0,76.0
2026-08-30,6,P07,Player 07,FB,33.9,MD+1,Recovery,Recovery,N/A,38.0,2227.0,27.0,3.0,9.0,7.0,17.59,51.9,1.4,53.0,722.0,81.0
2026-08-31,7,P07,Player 07,FB,33.9,OFF,Off,Off,N/A,0.0,0.0,0.0,0.0,0.0,0.0,0.0,0.0,0.0,0.0,425.0,70.0
2026-09-01,7,P07,Player 07,FB,33.9,MD-4,Volume,Training,N/A,81.0,7317.0,371.0,78.0,34.0,41.0,25.97,76.6,6.1,494.0,293.0,73.0
2026-09-02,7,P07,Player 07,FB,33.9,MD-3,Speed / HSR,Training,N/A,87.0,9477.0,596.0,221.0,46.0,52.0,31.0,91.4,8.1,705.0,547.0,74.0
2026-09-03,7,P07,Player 07,FB,33.9,MD-2,Tactical,Training,N/A,73.0,6335.0,339.0,72.0,33.0,32.0,26.75,78.9,6.5,474.0,1199.0,68.0
2026-09-04,7,P07,Player 07,FB,33.9,MD-1,Activation,Training,N/A,46.0,3412.0,107.0,23.0,14.0,16.0,23.66,69.8,3.3,152.0,1673.0,74.0
2026-09-05,7,P07,Player 07,FB,33.9,MD,Match,Top-up,Unused,45.0,4713.0,319.0,73.0,25.0,20.0,25.97,76.6,5.9,266.0,1331.0,63.0
2026-09-06,7,P07,Player 07,FB,33.9,MD+1,Recovery,Recovery,N/A,33.0,2347.0,33.0,3.0,8.0,8.0,19.95,58.8,2.0,66.0,892.0,70.0
2026-09-07,8,P07,Player 07,FB,33.9,OFF,Off,Off,N/A,0.0,0.0,0.0,0.0,0.0,0.0,0.0,0.0,0.0,0.0,484.0,80.0
2026-09-08,8,P07,Player 07,FB,33.9,MD-4,Volume,Training,N/A,84.0,7145.0,397.0,69.0,32.0,27.0,28.24,83.3,4.2,353.0,332.0,84.0
2026-09-09,8,P07,Player 07,FB,33.9,MD-3,Speed / HSR,Training,N/A,91.0,8233.0,674.0,221.0,39.0,42.0,33.59,99.1,7.1,646.0,419.0,84.0
2026-09-10,8,P07,Player 07,FB,33.9,MD-2,Tactical,Training,N/A,69.0,5961.0,349.0,86.0,27.0,29.0,25.37,74.8,4.8,331.0,999.0,83.0
2026-09-11,8,P07,Player 07,FB,33.9,MD-1,Activation,Training,N/A,43.0,3228.0,114.0,21.0,14.0,17.0,24.46,72.1,3.1,133.0,1330.0,76.0
2026-09-12,8,P07,Player 07,FB,33.9,MD,Match,Top-up,Unused,47.0,4818.0,302.0,72.0,28.0,27.0,27.44,80.9,5.3,249.0,1110.0,79.0
2026-09-13,8,P07,Player 07,FB,33.9,MD+1,Recovery,Recovery,N/A,36.0,2258.0,27.0,3.0,8.0,8.0,18.69,55.1,1.7,61.0,713.0,81.0
2026-07-20,1,P08,Player 08,FB,33.4,OFF,Off,Off,N/A,0.0,0.0,0.0,0.0,0.0,0.0,0.0,0.0,0.0,0.0,0.0,84.0
2026-07-21,1,P08,Player 08,FB,33.4,MD-4,Volume,Training,N/A,80.0,6449.0,406.0,85.0,35.0,31.0,26.6,79.6,5.0,400.0,0.0,86.0
2026-07-22,1,P08,Player 08,FB,33.4,MD-3,Speed / HSR,Training,N/A,87.0,9156.0,615.0,209.0,53.0,40.0,32.4,97.0,6.5,566.0,400.0,84.0
2026-07-23,1,P08,Player 08,FB,33.4,MD-2,Tactical,Training,N/A,72.0,5684.0,241.0,77.0,31.0,26.0,24.85,74.4,4.9,353.0,966.0,81.0
2026-07-24,1,P08,Player 08,FB,33.4,MD-1,Activation,Training,N/A,47.0,3052.0,96.0,20.0,16.0,14.0,24.35,72.9,1.8,85.0,1319.0,79.0
2026-07-25,1,P08,Player 08,FB,33.4,MD,Match,Match,Starter,86.0,10467.0,1057.0,182.0,52.0,43.0,32.21,96.4,8.5,731.0,1004.0,79.0
2026-07-26,1,P08,Player 08,FB,33.4,MD+1,Recovery,Recovery,N/A,32.0,2579.0,33.0,2.0,7.0,8.0,16.55,49.5,2.4,77.0,1169.0,78.0
2026-07-27,2,P08,Player 08,FB,33.4,OFF,Off,Off,N/A,0.0,0.0,0.0,0.0,0.0,0.0,0.0,0.0,0.0,0.0,893.0,75.0
2026-07-28,2,P08,Player 08,FB,33.4,MD-4,Volume,Training,N/A,78.0,6777.0,278.0,66.0,38.0,30.0,27.14,81.3,4.4,343.0,808.0,83.0
2026-07-29,2,P08,Player 08,FB,33.4,MD-3,Speed / HSR,Training,N/A,94.0,8745.0,804.0,171.0,39.0,40.0,30.71,91.9,6.6,620.0,420.0,82.0
2026-07-30,2,P08,Player 08,FB,33.4,MD-2,Tactical,Training,N/A,69.0,5029.0,380.0,81.0,32.0,25.0,27.17,81.4,4.9,338.0,963.0,83.0
2026-07-31,2,P08,Player 08,FB,33.4,MD-1,Activation,Training,N/A,51.0,3429.0,116.0,25.0,17.0,15.0,22.61,67.7,2.9,148.0,1301.0,82.0
2026-08-01,2,P08,Player 08,FB,33.4,MD,Match,Match,Starter,91.0,11913.0,805.0,237.0,51.0,48.0,31.22,93.5,9.0,819.0,1106.0,79.0
2026-08-02,2,P08,Player 08,FB,33.4,MD+1,Recovery,Recovery,N/A,29.0,2329.0,32.0,2.0,9.0,8.0,19.52,58.4,2.0,58.0,1305.0,74.0
2026-08-03,3,P08,Player 08,FB,33.4,OFF,Off,Off,N/A,0.0,0.0,0.0,0.0,0.0,0.0,0.0,0.0,0.0,0.0,1025.0,80.0
2026-08-04,3,P08,Player 08,FB,33.4,MD-4,Volume,Training,N/A,84.0,7143.0,463.0,71.0,42.0,34.0,27.55,82.5,4.2,353.0,877.0,82.0
2026-08-05,3,P08,Player 08,FB,33.4,MD-3,Speed / HSR,Training,N/A,84.0,9419.0,656.0,225.0,47.0,41.0,30.84,92.3,6.4,538.0,411.0,84.0
2026-08-06,3,P08,Player 08,FB,33.4,MD-2,Tactical,Training,N/A,70.0,5887.0,323.0,70.0,31.0,26.0,26.24,78.6,4.0,280.0,891.0,79.0
2026-08-07,3,P08,Player 08,FB,33.4,MD-1,Activation,Training,N/A,47.0,3130.0,121.0,18.0,15.0,14.0,21.99,65.8,3.2,150.0,1171.0,80.0
2026-08-08,3,P08,Player 08,FB,33.4,MD,Match,Match,Sub,8.0,984.0,71.0,18.0,5.0,4.0,24.86,74.4,7.4,59.0,968.0,82.0
2026-08-09,3,P08,Player 08,FB,33.4,MD+1,Recovery,Recovery,N/A,38.0,2275.0,35.0,2.0,8.0,9.0,16.38,49.0,2.4,91.0,489.0,83.0
2026-08-10,4,P08,Player 08,FB,33.4,OFF,Off,Off,N/A,0.0,0.0,0.0,0.0,0.0,0.0,0.0,0.0,0.0,0.0,300.0,80.0
2026-08-11,4,P08,Player 08,FB,33.4,MD-4,Volume,Training,N/A,76.0,6215.0,391.0,61.0,37.0,41.0,26.29,78.7,4.2,319.0,150.0,88.0
2026-08-12,4,P08,Player 08,FB,33.4,MD-3,Speed / HSR,Training,N/A,91.0,8731.0,806.0,222.0,43.0,44.0,31.28,93.6,6.4,582.0,410.0,82.0
2026-08-13,4,P08,Player 08,FB,33.4,MD-2,Tactical,Training,N/A,71.0,6208.0,344.0,79.0,29.0,27.0,25.24,75.6,5.0,355.0,901.0,81.0
2026-08-14,4,P08,Player 08,FB,33.4,MD-1,Activation,Training,N/A,44.0,3418.0,108.0,18.0,21.0,14.0,23.5,70.4,1.7,75.0,1256.0,78.0
2026-08-15,4,P08,Player 08,FB,33.4,MD,Match,Top-up,Unused,48.0,4703.0,355.0,61.0,26.0,28.0,26.51,79.4,4.8,230.0,1012.0,74.0
2026-08-16,4,P08,Player 08,FB,33.4,MD+1,Recovery,Recovery,N/A,34.0,2537.0,31.0,2.0,9.0,9.0,19.04,57.0,2.1,71.0,660.0,83.0
2026-08-17,5,P08,Player 08,FB,33.4,OFF,Off,Off,N/A,0.0,0.0,0.0,0.0,0.0,0.0,0.0,0.0,0.0,0.0,376.0,87.0
2026-08-18,5,P08,Player 08,FB,33.4,MD-4,Volume,Training,N/A,72.0,6453.0,387.0,71.0,34.0,34.0,28.19,84.4,5.4,389.0,301.0,88.0
2026-08-19,5,P08,Player 08,FB,33.4,MD-3,Speed / HSR,Training,N/A,87.0,8945.0,824.0,178.0,39.0,34.0,33.1,99.1,6.6,574.0,460.0,85.0
2026-08-20,5,P08,Player 08,FB,33.4,MD-2,Tactical,Training,N/A,63.0,5950.0,328.0,64.0,36.0,24.0,26.83,80.3,3.8,239.0,963.0,74.0
2026-08-21,5,P08,Player 08,FB,33.4,MD-1,Activation,Training,N/A,50.0,3363.0,129.0,19.0,16.0,16.0,22.93,68.6,2.8,140.0,1202.0,82.0
2026-08-22,5,P08,Player 08,FB,33.4,MD,Match,Top-up,Unused,53.0,5159.0,341.0,61.0,27.0,27.0,27.28,81.7,4.9,260.0,953.0,82.0
2026-08-23,5,P08,Player 08,FB,33.4,MD+1,Recovery,Recovery,N/A,38.0,2513.0,27.0,2.0,8.0,9.0,18.35,54.9,2.5,95.0,639.0,79.0
2026-08-24,6,P08,Player 08,FB,33.4,OFF,Off,Off,N/A,0.0,0.0,0.0,0.0,0.0,0.0,0.0,0.0,0.0,0.0,495.0,82.0
2026-08-25,6,P08,Player 08,FB,33.4,MD-4,Volume,Training,N/A,73.0,7372.0,427.0,92.0,33.0,35.0,26.53,79.4,4.8,350.0,355.0,86.0
2026-08-26,6,P08,Player 08,FB,33.4,MD-3,Speed / HSR,Training,N/A,87.0,8419.0,600.0,177.0,40.0,44.0,30.69,91.9,6.1,531.0,445.0,87.0
2026-08-27,6,P08,Player 08,FB,33.4,MD-2,Tactical,Training,N/A,65.0,6412.0,337.0,60.0,30.0,27.0,28.18,84.4,4.6,299.0,881.0,79.0
2026-08-28,6,P08,Player 08,FB,33.4,MD-1,Activation,Training,N/A,42.0,3245.0,101.0,25.0,17.0,14.0,23.25,69.6,2.9,122.0,1180.0,81.0
2026-08-29,6,P08,Player 08,FB,33.4,MD,Match,Match,Starter,84.0,10204.0,655.0,248.0,45.0,40.0,31.67,94.8,8.5,714.0,952.0,75.0
2026-08-30,6,P08,Player 08,FB,33.4,MD+1,Recovery,Recovery,N/A,33.0,2275.0,36.0,2.0,7.0,8.0,18.16,54.4,0.9,30.0,1135.0,76.0
2026-08-31,7,P08,Player 08,FB,33.4,OFF,Off,Off,N/A,0.0,0.0,0.0,0.0,0.0,0.0,0.0,0.0,0.0,0.0,866.0,74.0
2026-09-01,7,P08,Player 08,FB,33.4,MD-4,Volume,Training,N/A,83.0,6713.0,421.0,69.0,37.0,35.0,27.58,82.6,5.5,456.0,744.0,79.0
2026-09-02,7,P08,Player 08,FB,33.4,MD-3,Speed / HSR,Training,N/A,89.0,7685.0,704.0,170.0,42.0,37.0,31.17,93.3,5.6,498.0,486.0,89.0
2026-09-03,7,P08,Player 08,FB,33.4,MD-2,Tactical,Training,N/A,70.0,6348.0,387.0,76.0,24.0,31.0,25.85,77.4,4.8,336.0,954.0,87.0
2026-09-04,7,P08,Player 08,FB,33.4,MD-1,Activation,Training,N/A,42.0,3222.0,131.0,20.0,15.0,19.0,22.12,66.2,2.6,109.0,1290.0,78.0
2026-09-05,7,P08,Player 08,FB,33.4,MD,Match,Top-up,Unused,48.0,5528.0,294.0,62.0,28.0,23.0,29.25,87.6,4.7,226.0,943.0,78.0
2026-09-06,7,P08,Player 08,FB,33.4,MD+1,Recovery,Recovery,N/A,30.0,2371.0,26.0,3.0,8.0,8.0,20.22,60.5,1.1,33.0,671.0,82.0
2026-09-07,8,P08,Player 08,FB,33.4,OFF,Off,Off,N/A,0.0,0.0,0.0,0.0,0.0,0.0,0.0,0.0,0.0,0.0,368.0,87.0
2026-09-08,8,P08,Player 08,FB,33.4,MD-4,Volume,Training,N/A,79.0,6579.0,357.0,85.0,33.0,35.0,25.24,75.6,4.7,371.0,259.0,81.0
2026-09-09,8,P08,Player 08,FB,33.4,MD-3,Speed / HSR,Training,N/A,89.0,9032.0,638.0,201.0,46.0,45.0,29.83,89.3,6.1,543.0,404.0,83.0
2026-09-10,8,P08,Player 08,FB,33.4,MD-2,Tactical,Training,N/A,70.0,6016.0,342.0,66.0,27.0,30.0,28.13,84.2,4.1,287.0,914.0,85.0
2026-09-11,8,P08,Player 08,FB,33.4,MD-1,Activation,Training,N/A,45.0,3009.0,126.0,20.0,16.0,15.0,22.57,67.6,3.1,140.0,1201.0,75.0
2026-09-12,8,P08,Player 08,FB,33.4,MD,Match,Match,Starter,81.0,8911.0,411.0,226.0,40.0,42.0,29.43,88.1,7.9,640.0,970.0,78.0
2026-09-13,8,P08,Player 08,FB,33.4,MD+1,Recovery,Recovery,N/A,33.0,2334.0,28.0,3.0,8.0,7.0,18.09,54.2,2.2,73.0,1067.0,80.0
2026-07-20,1,P09,Player 09,FB,34.61,OFF,Off,Off,N/A,0.0,0.0,0.0,0.0,0.0,0.0,0.0,0.0,0.0,0.0,0.0,89.0
2026-07-21,1,P09,Player 09,FB,34.61,MD-4,Volume,Training,N/A,79.0,7649.0,302.0,82.0,29.0,32.0,27.24,78.7,4.1,324.0,0.0,86.0
2026-07-22,1,P09,Player 09,FB,34.61,MD-3,Speed / HSR,Training,N/A,90.0,8418.0,707.0,193.0,37.0,35.0,32.65,94.3,7.1,639.0,324.0,86.0
2026-07-23,1,P09,Player 09,FB,34.61,MD-2,Tactical,Training,N/A,71.0,6827.0,370.0,76.0,24.0,29.0,28.1,81.2,5.2,369.0,963.0,82.0
2026-07-24,1,P09,Player 09,FB,34.61,MD-1,Activation,Training,N/A,42.0,3118.0,117.0,22.0,12.0,16.0,24.3,70.2,1.5,63.0,1332.0,84.0
2026-07-25,1,P09,Player 09,FB,34.61,MD,Match,Top-up,Unused,54.0,4931.0,394.0,62.0,24.0,22.0,28.31,81.8,4.1,221.0,1071.0,79.0
2026-07-26,1,P09,Player 09,FB,34.61,MD+1,Recovery,Recovery,N/A,40.0,2251.0,35.0,2.0,7.0,8.0,18.99,54.9,2.8,112.0,653.0,83.0
2026-07-27,2,P09,Player 09,FB,34.61,OFF,Off,Off,N/A,0.0,0.0,0.0,0.0,0.0,0.0,0.0,0.0,0.0,0.0,396.0,90.0
2026-07-28,2,P09,Player 09,FB,34.61,MD-4,Volume,Training,N/A,84.0,6865.0,451.0,115.0,33.0,30.0,26.97,77.9,5.0,420.0,333.0,84.0
2026-07-29,2,P09,Player 09,FB,34.61,MD-3,Speed / HSR,Training,N/A,92.0,7408.0,806.0,218.0,34.0,32.0,32.45,93.8,5.0,460.0,532.0,80.0
2026-07-30,2,P09,Player 09,FB,34.61,MD-2,Tactical,Training,N/A,76.0,5493.0,343.0,80.0,25.0,24.0,27.84,80.5,4.7,357.0,880.0,82.0
2026-07-31,2,P09,Player 09,FB,34.61,MD-1,Activation,Training,N/A,46.0,3254.0,106.0,22.0,14.0,13.0,22.44,64.8,2.9,133.0,1237.0,82.0
2026-08-01,2,P09,Player 09,FB,34.61,MD,Match,Top-up,Unused,56.0,5435.0,407.0,58.0,22.0,24.0,28.26,81.7,4.3,241.0,950.0,82.0
2026-08-02,2,P09,Player 09,FB,34.61,MD+1,Recovery,Recovery,N/A,31.0,2239.0,27.0,3.0,7.0,6.0,18.39,53.1,1.3,40.0,731.0,82.0
2026-08-03,3,P09,Player 09,FB,34.61,OFF,Off,Off,N/A,0.0,0.0,0.0,0.0,0.0,0.0,0.0,0.0,0.0,0.0,414.0,80.0
2026-08-04,3,P09,Player 09,FB,34.61,MD-4,Volume,Training,N/A,75.0,7536.0,451.0,61.0,32.0,29.0,29.4,84.9,5.1,382.0,281.0,86.0
2026-08-05,3,P09,Player 09,FB,34.61,MD-3,Speed / HSR,Training,N/A,88.0,8111.0,683.0,267.0,35.0,35.0,31.22,90.2,7.1,625.0,422.0,89.0
2026-08-06,3,P09,Player 09,FB,34.61,MD-2,Tactical,Training,N/A,79.0,5815.0,418.0,70.0,25.0,23.0,26.8,77.4,4.5,356.0,1007.0,76.0
2026-08-07,3,P09,Player 09,FB,34.61,MD-1,Activation,Training,N/A,47.0,3473.0,118.0,24.0,11.0,16.0,24.44,70.6,3.0,141.0,1363.0,76.0
2026-08-08,3,P09,Player 09,FB,34.61,MD,Match,Match,Starter,81.0,10022.0,616.0,239.0,35.0,40.0,33.03,95.4,8.2,664.0,1122.0,78.0
2026-08-09,3,P09,Player 09,FB,34.61,MD+1,Recovery,Recovery,N/A,33.0,2349.0,35.0,3.0,7.0,8.0,19.17,55.4,1.0,33.0,1161.0,76.0
2026-08-10,4,P09,Player 09,FB,34.61,OFF,Off,Off,N/A,0.0,0.0,0.0,0.0,0.0,0.0,0.0,0.0,0.0,0.0,838.0,82.0
2026-08-11,4,P09,Player 09,FB,34.61,MD-4,Volume,Training,N/A,82.0,6582.0,504.0,82.0,27.0,30.0,28.61,82.7,5.1,418.0,697.0,84.0
2026-08-12,4,P09,Player 09,FB,34.61,MD-3,Speed / HSR,Training,N/A,94.0,8520.0,695.0,191.0,38.0,43.0,31.78,91.8,7.2,677.0,451.0,86.0
2026-08-13,4,P09,Player 09,FB,34.61,MD-2,Tactical,Training,N/A,67.0,5995.0,349.0,60.0,23.0,30.0,27.59,79.7,3.8,255.0,1095.0,76.0
2026-08-14,4,P09,Player 09,FB,34.61,MD-1,Activation,Training,N/A,44.0,3038.0,111.0,25.0,14.0,15.0,22.08,63.8,3.7,163.0,1350.0,72.0
2026-08-15,4,P09,Player 09,FB,34.61,MD,Match,Match,Starter,94.0,11918.0,854.0,262.0,34.0,40.0,33.27,96.1,8.3,780.0,1095.0,80.0
2026-08-16,4,P09,Player 09,FB,34.61,MD+1,Recovery,Recovery,N/A,33.0,2249.0,36.0,3.0,7.0,9.0,17.97,51.9,1.4,46.0,1198.0,77.0
2026-08-17,5,P09,Player 09,FB,34.61,OFF,Off,Off,N/A,0.0,0.0,0.0,0.0,0.0,0.0,0.0,0.0,0.0,0.0,989.0,86.0
2026-08-18,5,P09,Player 09,FB,34.61,MD-4,Volume,Training,N/A,76.0,5924.0,440.0,85.0,29.0,37.0,29.19,84.3,5.7,433.0,826.0,87.0
2026-08-19,5,P09,Player 09,FB,34.61,MD-3,Speed / HSR,Training,N/A,90.0,7659.0,721.0,235.0,34.0,42.0,34.64,100.1,5.8,522.0,479.0,91.0
2026-08-20,5,P09,Player 09,FB,34.61,MD-2,Tactical,Training,N/A,74.0,5974.0,368.0,62.0,23.0,29.0,29.49,85.2,4.7,348.0,955.0,77.0
2026-08-21,5,P09,Player 09,FB,34.61,MD-1,Activation,Training,N/A,40.0,3050.0,126.0,24.0,12.0,16.0,23.58,68.1,2.6,104.0,1303.0,79.0
2026-08-22,5,P09,Player 09,FB,34.61,MD,Match,Top-up,Unused,51.0,4759.0,357.0,61.0,23.0,24.0,28.01,80.9,4.5,230.0,974.0,83.0
2026-08-23,5,P09,Player 09,FB,34.61,MD+1,Recovery,Recovery,N/A,39.0,2584.0,38.0,2.0,8.0,7.0,17.04,49.2,1.6,62.0,682.0,85.0
2026-08-24,6,P09,Player 09,FB,34.61,OFF,Off,Off,N/A,0.0,0.0,0.0,0.0,0.0,0.0,0.0,0.0,0.0,0.0,396.0,84.0
2026-08-25,6,P09,Player 09,FB,34.61,MD-4,Volume,Training,N/A,76.0,6354.0,540.0,84.0,31.0,29.0,26.41,76.3,5.1,388.0,292.0,90.0
2026-08-26,6,P09,Player 09,FB,34.61,MD-3,Speed / HSR,Training,N/A,93.0,9370.0,830.0,190.0,33.0,45.0,32.13,92.8,6.2,577.0,450.0,84.0
2026-08-27,6,P09,Player 09,FB,34.61,MD-2,Tactical,Training,N/A,71.0,6220.0,399.0,80.0,28.0,28.0,27.54,79.6,5.1,362.0,965.0,81.0
2026-08-28,6,P09,Player 09,FB,34.61,MD-1,Activation,Training,N/A,43.0,3129.0,108.0,22.0,13.0,14.0,22.61,65.3,2.6,112.0,1327.0,72.0
2026-08-29,6,P09,Player 09,FB,34.61,MD,Match,Match,Starter,83.0,9866.0,662.0,348.0,41.0,41.0,34.3,99.1,7.0,581.0,1051.0,82.0
2026-08-30,6,P09,Player 09,FB,34.61,MD+1,Recovery,Recovery,N/A,32.0,2317.0,32.0,3.0,7.0,9.0,19.63,56.7,1.3,42.0,1055.0,79.0
2026-08-31,7,P09,Player 09,FB,34.61,OFF,Off,Off,N/A,0.0,0.0,0.0,0.0,0.0,0.0,0.0,0.0,0.0,0.0,735.0,84.0
2026-09-01,7,P09,Player 09,FB,34.61,MD-4,Volume,Training,N/A,78.0,6680.0,394.0,102.0,31.0,29.0,27.74,80.1,5.0,390.0,623.0,84.0
2026-09-02,7,P09,Player 09,FB,34.61,MD-3,Speed / HSR,Training,N/A,88.0,8791.0,800.0,193.0,35.0,39.0,33.72,97.4,5.5,484.0,432.0,85.0
2026-09-03,7,P09,Player 09,FB,34.61,MD-2,Tactical,Training,N/A,66.0,5366.0,436.0,62.0,28.0,27.0,26.83,77.5,4.4,290.0,874.0,81.0
2026-09-04,7,P09,Player 09,FB,34.61,MD-1,Activation,Training,N/A,45.0,3312.0,115.0,21.0,13.0,13.0,26.83,77.5,2.5,112.0,1164.0,81.0
2026-09-05,7,P09,Player 09,FB,34.61,MD,Match,Match,Sub,30.0,3815.0,344.0,133.0,14.0,19.0,29.19,84.3,7.8,234.0,886.0,80.0
2026-09-06,7,P09,Player 09,FB,34.61,MD+1,Recovery,Recovery,N/A,37.0,2749.0,38.0,3.0,6.0,7.0,18.54,53.6,1.4,52.0,636.0,78.0
2026-09-07,8,P09,Player 09,FB,34.61,OFF,Off,Off,N/A,0.0,0.0,0.0,0.0,0.0,0.0,0.0,0.0,0.0,0.0,398.0,87.0
2026-09-08,8,P09,Player 09,FB,34.61,MD-4,Volume,Training,N/A,68.0,5875.0,530.0,112.0,29.0,28.0,27.33,79.0,5.7,388.0,286.0,83.0
2026-09-09,8,P09,Player 09,FB,34.61,MD-3,Speed / HSR,Training,N/A,97.0,8509.0,879.0,225.0,36.0,37.0,32.98,95.3,7.2,698.0,440.0,80.0
2026-09-10,8,P09,Player 09,FB,34.61,MD-2,Tactical,Training,N/A,72.0,6028.0,353.0,55.0,22.0,25.0,24.75,71.5,5.2,374.0,1086.0,76.0
2026-09-11,8,P09,Player 09,FB,34.61,MD-1,Activation,Training,N/A,38.0,3025.0,113.0,26.0,15.0,12.0,25.86,74.7,3.4,129.0,1460.0,77.0
2026-09-12,8,P09,Player 09,FB,34.61,MD,Match,Match,Starter,90.0,10087.0,890.0,240.0,40.0,46.0,34.03,98.3,8.5,765.0,1201.0,78.0
2026-09-13,8,P09,Player 09,FB,34.61,MD+1,Recovery,Recovery,N/A,35.0,2295.0,31.0,3.0,5.0,8.0,16.77,48.4,1.0,35.0,1268.0,71.0
2026-07-20,1,P10,Player 10,FB,33.58,OFF,Off,Off,N/A,0.0,0.0,0.0,0.0,0.0,0.0,0.0,0.0,0.0,0.0,0.0,87.0
2026-07-21,1,P10,Player 10,FB,33.58,MD-4,Volume,Training,N/A,79.0,7500.0,340.0,104.0,29.0,34.0,25.63,76.3,5.0,395.0,0.0,92.0
2026-07-22,1,P10,Player 10,FB,33.58,MD-3,Speed / HSR,Training,N/A,89.0,7991.0,727.0,224.0,40.0,34.0,30.5,90.8,5.2,463.0,395.0,83.0
2026-07-23,1,P10,Player 10,FB,33.58,MD-2,Tactical,Training,N/A,68.0,5474.0,317.0,87.0,30.0,28.0,26.03,77.5,4.6,313.0,858.0,81.0
2026-07-24,1,P10,Player 10,FB,33.58,MD-1,Activation,Training,N/A,36.0,3134.0,109.0,23.0,14.0,16.0,24.62,73.3,1.9,68.0,1171.0,82.0
2026-07-25,1,P10,Player 10,FB,33.58,MD,Match,Match,Starter,90.0,11536.0,795.0,277.0,37.0,46.0,30.03,89.4,7.8,702.0,844.0,84.0
2026-07-26,1,P10,Player 10,FB,33.58,MD+1,Recovery,Recovery,N/A,32.0,2461.0,32.0,3.0,7.0,8.0,18.33,54.6,1.3,42.0,1083.0,83.0
2026-07-27,2,P10,Player 10,FB,33.58,OFF,Off,Off,N/A,0.0,0.0,0.0,0.0,0.0,0.0,0.0,0.0,0.0,0.0,812.0,73.0
2026-07-28,2,P10,Player 10,FB,33.58,MD-4,Volume,Training,N/A,80.0,6642.0,397.0,112.0,30.0,42.0,26.97,80.3,6.3,504.0,744.0,88.0
2026-07-29,2,P10,Player 10,FB,33.58,MD-3,Speed / HSR,Training,N/A,91.0,7303.0,694.0,231.0,41.0,41.0,30.08,89.6,6.1,555.0,546.0,86.0
2026-07-30,2,P10,Player 10,FB,33.58,MD-2,Tactical,Training,N/A,70.0,5732.0,326.0,95.0,24.0,27.0,26.54,79.0,4.9,343.0,1059.0,87.0
2026-07-31,2,P10,Player 10,FB,33.58,MD-1,Activation,Training,N/A,34.0,3182.0,106.0,27.0,14.0,17.0,23.04,68.6,2.7,92.0,1402.0,74.0
2026-08-01,2,P10,Player 10,FB,33.58,MD,Match,Match,Starter,77.0,8956.0,609.0,248.0,33.0,36.0,32.18,95.8,8.5,654.0,990.0,74.0
2026-08-02,2,P10,Player 10,FB,33.58,MD+1,Recovery,Recovery,N/A,40.0,2026.0,27.0,3.0,9.0,8.0,17.73,52.8,2.2,88.0,1089.0,79.0
2026-08-03,3,P10,Player 10,FB,33.58,OFF,Off,Off,N/A,0.0,0.0,0.0,0.0,0.0,0.0,0.0,0.0,0.0,0.0,834.0,80.0
2026-08-04,3,P10,Player 10,FB,33.58,MD-4,Volume,Training,N/A,79.0,7243.0,372.0,78.0,30.0,37.0,25.3,75.3,4.2,332.0,742.0,84.0
2026-08-05,3,P10,Player 10,FB,33.58,MD-3,Speed / HSR,Training,N/A,91.0,8475.0,668.0,256.0,35.0,40.0,32.03,95.4,6.9,628.0,420.0,88.0
2026-08-06,3,P10,Player 10,FB,33.58,MD-2,Tactical,Training,N/A,76.0,5733.0,393.0,85.0,30.0,29.0,29.34,87.4,4.1,312.0,960.0,80.0
2026-08-07,3,P10,Player 10,FB,33.58,MD-1,Activation,Training,N/A,46.0,2920.0,92.0,21.0,15.0,17.0,21.9,65.2,2.0,92.0,1272.0,77.0
2026-08-08,3,P10,Player 10,FB,33.58,MD,Match,Match,Starter,76.0,7941.0,624.0,243.0,33.0,42.0,31.57,94.0,7.7,585.0,1032.0,81.0
2026-08-09,3,P10,Player 10,FB,33.58,MD+1,Recovery,Recovery,N/A,33.0,2522.0,39.0,3.0,7.0,9.0,19.47,58.0,2.2,73.0,989.0,79.0
2026-08-10,4,P10,Player 10,FB,33.58,OFF,Off,Off,N/A,0.0,0.0,0.0,0.0,0.0,0.0,0.0,0.0,0.0,0.0,750.0,81.0
2026-08-11,4,P10,Player 10,FB,33.58,MD-4,Volume,Training,N/A,76.0,6598.0,353.0,97.0,25.0,32.0,27.76,82.7,5.4,410.0,658.0,86.0
2026-08-12,4,P10,Player 10,FB,33.58,MD-3,Speed / HSR,Training,N/A,80.0,8123.0,686.0,210.0,46.0,41.0,30.41,90.6,6.4,512.0,483.0,88.0
2026-08-13,4,P10,Player 10,FB,33.58,MD-2,Tactical,Training,N/A,71.0,5588.0,476.0,81.0,25.0,33.0,24.36,72.6,4.5,320.0,922.0,84.0
2026-08-14,4,P10,Player 10,FB,33.58,MD-1,Activation,Training,N/A,39.0,3472.0,126.0,25.0,13.0,16.0,22.95,68.4,2.6,101.0,1242.0,78.0
2026-08-15,4,P10,Player 10,FB,33.58,MD,Match,Top-up,Unused,52.0,5159.0,275.0,69.0,24.0,24.0,29.22,87.0,5.2,270.0,933.0,74.0
2026-08-16,4,P10,Player 10,FB,33.58,MD+1,Recovery,Recovery,N/A,41.0,2440.0,31.0,3.0,8.0,6.0,17.4,51.8,1.8,74.0,691.0,82.0
2026-08-17,5,P10,Player 10,FB,33.58,OFF,Off,Off,N/A,0.0,0.0,0.0,0.0,0.0,0.0,0.0,0.0,0.0,0.0,445.0,82.0
2026-08-18,5,P10,Player 10,FB,33.58,MD-4,Volume,Training,N/A,74.0,6451.0,412.0,81.0,32.0,35.0,25.58,76.2,5.9,437.0,344.0,85.0
2026-08-19,5,P10,Player 10,FB,33.58,MD-3,Speed / HSR,Training,N/A,84.0,7654.0,823.0,272.0,36.0,42.0,29.93,89.1,6.9,580.0,511.0,82.0
2026-08-20,5,P10,Player 10,FB,33.58,MD-2,Tactical,Training,N/A,66.0,5780.0,435.0,79.0,30.0,27.0,26.48,78.9,4.8,317.0,1017.0,80.0
2026-08-21,5,P10,Player 10,FB,33.58,MD-1,Activation,Training,N/A,50.0,3314.0,123.0,30.0,13.0,14.0,22.66,67.5,2.4,120.0,1334.0,74.0
2026-08-22,5,P10,Player 10,FB,33.58,MD,Match,Match,Starter,83.0,8577.0,783.0,277.0,42.0,41.0,34.13,101.6,8.1,672.0,1017.0,76.0
2026-08-23,5,P10,Player 10,FB,33.58,MD+1,Recovery,Recovery,N/A,39.0,2374.0,40.0,3.0,9.0,9.0,18.5,55.1,1.0,39.0,1109.0,83.0
2026-08-24,6,P10,Player 10,FB,33.58,OFF,Off,Off,N/A,0.0,0.0,0.0,0.0,0.0,0.0,0.0,0.0,0.0,0.0,831.0,78.0
2026-08-25,6,P10,Player 10,FB,33.58,MD-4,Volume,Training,N/A,82.0,6447.0,373.0,94.0,32.0,39.0,27.28,81.2,5.6,459.0,711.0,82.0
2026-08-26,6,P10,Player 10,FB,33.58,MD-3,Speed / HSR,Training,N/A,91.0,8730.0,642.0,243.0,40.0,37.0,30.91,92.0,5.7,519.0,498.0,87.0
2026-08-27,6,P10,Player 10,FB,33.58,MD-2,Tactical,Training,N/A,70.0,5659.0,406.0,96.0,26.0,28.0,28.25,84.1,4.9,343.0,978.0,83.0
2026-08-28,6,P10,Player 10,FB,33.58,MD-1,Activation,Training,N/A,43.0,3066.0,115.0,26.0,15.0,17.0,23.22,69.2,2.3,99.0,1321.0,80.0
2026-08-29,6,P10,Player 10,FB,33.58,MD,Match,Top-up,Unused,42.0,4675.0,268.0,69.0,24.0,28.0,26.2,78.0,4.9,206.0,961.0,81.0
2026-08-30,6,P10,Player 10,FB,33.58,MD+1,Recovery,Recovery,N/A,34.0,2320.0,37.0,3.0,8.0,8.0,20.22,60.2,2.6,88.0,648.0,85.0
2026-08-31,7,P10,Player 10,FB,33.58,OFF,Off,Off,N/A,0.0,0.0,0.0,0.0,0.0,0.0,0.0,0.0,0.0,0.0,393.0,89.0
2026-09-01,7,P10,Player 10,FB,33.58,MD-4,Volume,Training,N/A,73.0,6774.0,396.0,79.0,26.0,29.0,26.43,78.7,5.1,372.0,294.0,87.0
2026-09-02,7,P10,Player 10,FB,33.58,MD-3,Speed / HSR,Training,N/A,84.0,9756.0,667.0,169.0,35.0,30.0,31.18,92.8,6.9,580.0,460.0,78.0
2026-09-03,7,P10,Player 10,FB,33.58,MD-2,Tactical,Training,N/A,65.0,5640.0,293.0,73.0,28.0,30.0,24.79,73.8,4.9,318.0,952.0,79.0
2026-09-04,7,P10,Player 10,FB,33.58,MD-1,Activation,Training,N/A,46.0,3063.0,108.0,21.0,12.0,16.0,23.03,68.6,3.3,152.0,1270.0,80.0
2026-09-05,7,P10,Player 10,FB,33.58,MD,Match,Match,Starter,90.0,9719.0,830.0,289.0,39.0,49.0,32.07,95.5,8.3,747.0,1050.0,78.0
2026-09-06,7,P10,Player 10,FB,33.58,MD+1,Recovery,Recovery,N/A,31.0,2248.0,32.0,3.0,7.0,8.0,18.28,54.4,1.7,53.0,1217.0,83.0
2026-09-07,8,P10,Player 10,FB,33.58,OFF,Off,Off,N/A,0.0,0.0,0.0,0.0,0.0,0.0,0.0,0.0,0.0,0.0,952.0,80.0
2026-09-08,8,P10,Player 10,FB,33.58,MD-4,Volume,Training,N/A,76.0,6803.0,416.0,84.0,29.0,35.0,25.72,76.6,5.5,418.0,800.0,82.0
2026-09-09,8,P10,Player 10,FB,33.58,MD-3,Speed / HSR,Training,N/A,84.0,7954.0,765.0,231.0,35.0,46.0,32.19,95.9,6.1,512.0,471.0,88.0
2026-09-10,8,P10,Player 10,FB,33.58,MD-2,Tactical,Training,N/A,71.0,5634.0,248.0,56.0,26.0,35.0,25.71,76.6,4.9,348.0,930.0,80.0
2026-09-11,8,P10,Player 10,FB,33.58,MD-1,Activation,Training,N/A,39.0,2583.0,111.0,27.0,17.0,15.0,25.57,76.1,1.3,51.0,1278.0,78.0
2026-09-12,8,P10,Player 10,FB,33.58,MD,Match,Top-up,Unused,49.0,4655.0,345.0,61.0,23.0,25.0,27.41,81.6,4.1,201.0,911.0,84.0
2026-09-13,8,P10,Player 10,FB,33.58,MD+1,Recovery,Recovery,N/A,32.0,2650.0,39.0,3.0,8.0,7.0,18.65,55.5,1.5,48.0,600.0,78.0
2026-07-20,1,P11,Player 11,CM,31.15,OFF,Off,Off,N/A,0.0,0.0,0.0,0.0,0.0,0.0,0.0,0.0,0.0,0.0,0.0,87.0
2026-07-21,1,P11,Player 11,CM,31.15,MD-4,Volume,Training,N/A,83.0,7335.0,413.0,56.0,37.0,41.0,25.4,81.5,5.7,473.0,0.0,91.0
2026-07-22,1,P11,Player 11,CM,31.15,MD-3,Speed / HSR,Training,N/A,82.0,9409.0,627.0,108.0,37.0,30.0,28.07,90.1,7.9,648.0,473.0,84.0
2026-07-23,1,P11,Player 11,CM,31.15,MD-2,Tactical,Training,N/A,69.0,6343.0,202.0,35.0,28.0,23.0,23.56,75.6,3.9,269.0,1121.0,84.0
2026-07-24,1,P11,Player 11,CM,31.15,MD-1,Activation,Training,N/A,39.0,3051.0,95.0,14.0,16.0,12.0,19.95,64.0,2.1,82.0,1390.0,72.0
2026-07-25,1,P11,Player 11,CM,31.15,MD,Match,Match,Starter,89.0,11840.0,902.0,130.0,55.0,49.0,29.43,94.5,8.7,774.0,999.0,75.0
2026-07-26,1,P11,Player 11,CM,31.15,MD+1,Recovery,Recovery,N/A,37.0,2533.0,28.0,2.0,10.0,8.0,17.54,56.3,1.4,52.0,1125.0,81.0
2026-07-27,2,P11,Player 11,CM,31.15,OFF,Off,Off,N/A,0.0,0.0,0.0,0.0,0.0,0.0,0.0,0.0,0.0,0.0,908.0,84.0
2026-07-28,2,P11,Player 11,CM,31.15,MD-4,Volume,Training,N/A,79.0,7523.0,312.0,41.0,37.0,39.0,24.96,80.1,4.4,348.0,826.0,81.0
2026-07-29,2,P11,Player 11,CM,31.15,MD-3,Speed / HSR,Training,N/A,93.0,8912.0,540.0,117.0,36.0,45.0,26.74,85.8,6.9,642.0,400.0,86.0
2026-07-30,2,P11,Player 11,CM,31.15,MD-2,Tactical,Training,N/A,64.0,5401.0,209.0,40.0,27.0,29.0,25.33,81.3,4.0,256.0,990.0,82.0
2026-07-31,2,P11,Player 11,CM,31.15,MD-1,Activation,Training,N/A,47.0,3197.0,103.0,10.0,17.0,18.0,22.52,72.3,3.7,174.0,1246.0,75.0
2026-08-01,2,P11,Player 11,CM,31.15,MD,Match,Match,Starter,91.0,12846.0,692.0,163.0,44.0,43.0,31.32,100.5,7.8,710.0,1072.0,77.0
2026-08-02,2,P11,Player 11,CM,31.15,MD+1,Recovery,Recovery,N/A,25.0,2107.0,25.0,2.0,8.0,9.0,18.37,59.0,3.1,78.0,1140.0,79.0
2026-08-03,3,P11,Player 11,CM,31.15,OFF,Off,Off,N/A,0.0,0.0,0.0,0.0,0.0,0.0,0.0,0.0,0.0,0.0,962.0,83.0
2026-08-04,3,P11,Player 11,CM,31.15,MD-4,Volume,Training,N/A,81.0,6750.0,326.0,34.0,33.0,35.0,25.93,83.3,4.7,381.0,788.0,78.0
2026-08-05,3,P11,Player 11,CM,31.15,MD-3,Speed / HSR,Training,N/A,84.0,8075.0,573.0,153.0,35.0,44.0,27.16,87.2,6.0,504.0,459.0,84.0
2026-08-06,3,P11,Player 11,CM,31.15,MD-2,Tactical,Training,N/A,67.0,5443.0,354.0,45.0,29.0,34.0,25.36,81.4,5.6,375.0,885.0,80.0
2026-08-07,3,P11,Player 11,CM,31.15,MD-1,Activation,Training,N/A,41.0,3221.0,77.0,9.0,15.0,17.0,20.52,65.9,2.5,102.0,1260.0,79.0
2026-08-08,3,P11,Player 11,CM,31.15,MD,Match,Top-up,Unused,51.0,5146.0,273.0,47.0,25.0,27.0,26.01,83.5,4.7,240.0,981.0,80.0
2026-08-09,3,P11,Player 11,CM,31.15,MD+1,Recovery,Recovery,N/A,37.0,2484.0,26.0,1.0,7.0,9.0,17.34,55.7,2.1,78.0,717.0,81.0
2026-08-10,4,P11,Player 11,CM,31.15,OFF,Off,Off,N/A,0.0,0.0,0.0,0.0,0.0,0.0,0.0,0.0,0.0,0.0,420.0,89.0
2026-08-11,4,P11,Player 11,CM,31.15,MD-4,Volume,Training,N/A,80.0,7016.0,390.0,54.0,37.0,39.0,25.74,82.6,4.9,392.0,318.0,84.0
2026-08-12,4,P11,Player 11,CM,31.15,MD-3,Speed / HSR,Training,N/A,80.0,8132.0,633.0,110.0,40.0,49.0,30.12,96.7,6.7,536.0,470.0,83.0
2026-08-13,4,P11,Player 11,CM,31.15,MD-2,Tactical,Training,N/A,78.0,5898.0,219.0,38.0,35.0,32.0,23.69,76.1,4.0,312.0,928.0,75.0
2026-08-14,4,P11,Player 11,CM,31.15,MD-1,Activation,Training,N/A,43.0,2832.0,105.0,12.0,16.0,16.0,22.2,71.3,2.1,90.0,1240.0,76.0
2026-08-15,4,P11,Player 11,CM,31.15,MD,Match,Match,Starter,89.0,12262.0,514.0,146.0,50.0,44.0,29.92,96.1,7.6,676.0,938.0,82.0
2026-08-16,4,P11,Player 11,CM,31.15,MD+1,Recovery,Recovery,N/A,33.0,2465.0,30.0,1.0,8.0,9.0,16.78,53.9,1.7,56.0,1078.0,80.0
2026-08-17,5,P11,Player 11,CM,31.15,OFF,Off,Off,N/A,0.0,0.0,0.0,0.0,0.0,0.0,0.0,0.0,0.0,0.0,822.0,83.0
2026-08-18,5,P11,Player 11,CM,31.15,MD-4,Volume,Training,N/A,78.0,6195.0,340.0,49.0,39.0,34.0,25.82,82.9,5.3,413.0,732.0,84.0
2026-08-19,5,P11,Player 11,CM,31.15,MD-3,Speed / HSR,Training,N/A,86.0,8433.0,607.0,118.0,42.0,43.0,29.53,94.8,7.4,636.0,469.0,91.0
2026-08-20,5,P11,Player 11,CM,31.15,MD-2,Tactical,Training,N/A,72.0,5627.0,250.0,46.0,34.0,35.0,26.58,85.3,4.5,324.0,1049.0,77.0
2026-08-21,5,P11,Player 11,CM,31.15,MD-1,Activation,Training,N/A,35.0,3256.0,86.0,13.0,17.0,16.0,22.45,72.1,3.0,105.0,1373.0,72.0
2026-08-22,5,P11,Player 11,CM,31.15,MD,Match,Match,Starter,81.0,9207.0,448.0,170.0,50.0,47.0,28.62,91.9,9.7,786.0,1065.0,76.0
2026-08-23,5,P11,Player 11,CM,31.15,MD+1,Recovery,Recovery,N/A,38.0,2337.0,24.0,2.0,10.0,10.0,16.74,53.7,1.8,68.0,1215.0,76.0
2026-08-24,6,P11,Player 11,CM,31.15,OFF,Off,Off,N/A,0.0,0.0,0.0,0.0,0.0,0.0,0.0,0.0,0.0,0.0,959.0,77.0
2026-08-25,6,P11,Player 11,CM,31.15,MD-4,Volume,Training,N/A,81.0,6479.0,303.0,40.0,31.0,38.0,25.24,81.0,5.2,421.0,854.0,81.0
2026-08-26,6,P11,Player 11,CM,31.15,MD-3,Speed / HSR,Training,N/A,84.0,8251.0,598.0,115.0,40.0,43.0,27.41,88.0,6.7,563.0,489.0,88.0
2026-08-27,6,P11,Player 11,CM,31.15,MD-2,Tactical,Training,N/A,71.0,5812.0,287.0,40.0,28.0,31.0,24.9,79.9,4.2,298.0,984.0,85.0
2026-08-28,6,P11,Player 11,CM,31.15,MD-1,Activation,Training,N/A,40.0,3166.0,92.0,10.0,17.0,15.0,19.99,64.2,3.1,124.0,1282.0,79.0
2026-08-29,6,P11,Player 11,CM,31.15,MD,Match,Match,Starter,87.0,10917.0,590.0,179.0,47.0,56.0,28.73,92.2,8.9,774.0,985.0,87.0
2026-08-30,6,P11,Player 11,CM,31.15,MD+1,Recovery,Recovery,N/A,35.0,2378.0,28.0,1.0,10.0,9.0,16.69,53.6,1.5,52.0,1196.0,77.0
2026-08-31,7,P11,Player 11,CM,31.15,OFF,Off,Off,N/A,0.0,0.0,0.0,0.0,0.0,0.0,0.0,0.0,0.0,0.0,950.0,75.0
2026-09-01,7,P11,Player 11,CM,31.15,MD-4,Volume,Training,N/A,74.0,7369.0,339.0,51.0,35.0,33.0,25.04,80.4,4.4,326.0,826.0,85.0
2026-09-02,7,P11,Player 11,CM,31.15,MD-3,Speed / HSR,Training,N/A,84.0,8306.0,629.0,89.0,37.0,42.0,27.84,89.4,6.2,521.0,378.0,79.0
2026-09-03,7,P11,Player 11,CM,31.15,MD-2,Tactical,Training,N/A,70.0,5721.0,301.0,39.0,27.0,36.0,24.59,78.9,4.4,308.0,847.0,79.0
2026-09-04,7,P11,Player 11,CM,31.15,MD-1,Activation,Training,N/A,39.0,3170.0,82.0,14.0,15.0,18.0,22.86,73.4,2.5,98.0,1155.0,80.0
2026-09-05,7,P11,Player 11,CM,31.15,MD,Match,Match,Starter,87.0,10519.0,600.0,146.0,44.0,60.0,28.06,90.1,8.0,696.0,927.0,80.0
2026-09-06,7,P11,Player 11,CM,31.15,MD+1,Recovery,Recovery,N/A,41.0,2462.0,21.0,2.0,9.0,9.0,15.81,50.8,2.9,119.0,1102.0,79.0
2026-09-07,8,P11,Player 11,CM,31.15,OFF,Off,Off,N/A,0.0,0.0,0.0,0.0,0.0,0.0,0.0,0.0,0.0,0.0,913.0,77.0
2026-09-08,8,P11,Player 11,CM,31.15,MD-4,Volume,Training,N/A,76.0,7111.0,399.0,46.0,39.0,29.0,24.41,78.4,5.2,395.0,815.0,81.0
2026-09-09,8,P11,Player 11,CM,31.15,MD-3,Speed / HSR,Training,N/A,89.0,7863.0,505.0,124.0,43.0,39.0,27.88,89.5,5.8,516.0,514.0,87.0
2026-09-10,8,P11,Player 11,CM,31.15,MD-2,Tactical,Training,N/A,68.0,5969.0,317.0,38.0,28.0,35.0,24.66,79.2,5.1,347.0,911.0,81.0
2026-09-11,8,P11,Player 11,CM,31.15,MD-1,Activation,Training,N/A,43.0,3207.0,105.0,14.0,18.0,14.0,22.75,73.0,2.9,125.0,1258.0,75.0
2026-09-12,8,P11,Player 11,CM,31.15,MD,Match,Top-up,Unused,45.0,5250.0,294.0,27.0,28.0,30.0,26.19,84.1,4.4,198.0,988.0,76.0
2026-09-13,8,P11,Player 11,CM,31.15,MD+1,Recovery,Recovery,N/A,31.0,2449.0,25.0,2.0,7.0,9.0,16.17,51.9,1.6,50.0,670.0,80.0
2026-07-20,1,P12,Player 12,CM,32.22,OFF,Off,Off,N/A,0.0,0.0,0.0,0.0,0.0,0.0,0.0,0.0,0.0,0.0,0.0,89.0
2026-07-21,1,P12,Player 12,CM,32.22,MD-4,Volume,Training,N/A,77.0,7035.0,331.0,50.0,27.0,33.0,25.56,79.3,5.9,454.0,0.0,89.0
2026-07-22,1,P12,Player 12,CM,32.22,MD-3,Speed / HSR,Training,N/A,90.0,8200.0,631.0,86.0,37.0,37.0,29.55,91.7,6.9,621.0,454.0,82.0
2026-07-23,1,P12,Player 12,CM,32.22,MD-2,Tactical,Training,N/A,69.0,6368.0,283.0,31.0,27.0,29.0,24.35,75.6,3.9,269.0,1075.0,72.0
2026-07-24,1,P12,Player 12,CM,32.22,MD-1,Activation,Training,N/A,42.0,3188.0,98.0,10.0,16.0,13.0,21.58,67.0,2.9,122.0,1344.0,79.0
2026-07-25,1,P12,Player 12,CM,32.22,MD,Match,Match,Starter,87.0,10711.0,637.0,100.0,35.0,43.0,30.3,94.0,8.0,696.0,1012.0,77.0
2026-07-26,1,P12,Player 12,CM,32.22,MD+1,Recovery,Recovery,N/A,34.0,2306.0,33.0,1.0,8.0,8.0,15.27,47.4,0.6,20.0,1087.0,82.0
2026-07-27,2,P12,Player 12,CM,32.22,OFF,Off,Off,N/A,0.0,0.0,0.0,0.0,0.0,0.0,0.0,0.0,0.0,0.0,838.0,79.0
2026-07-28,2,P12,Player 12,CM,32.22,MD-4,Volume,Training,N/A,73.0,6303.0,285.0,45.0,34.0,30.0,23.23,72.1,5.1,372.0,716.0,79.0
2026-07-29,2,P12,Player 12,CM,32.22,MD-3,Speed / HSR,Training,N/A,89.0,9960.0,519.0,111.0,45.0,41.0,28.86,89.6,6.5,578.0,392.0,85.0
2026-07-30,2,P12,Player 12,CM,32.22,MD-2,Tactical,Training,N/A,71.0,5784.0,315.0,40.0,25.0,26.0,26.63,82.7,4.6,327.0,950.0,88.0
2026-07-31,2,P12,Player 12,CM,32.22,MD-1,Activation,Training,N/A,41.0,2965.0,86.0,12.0,15.0,14.0,21.29,66.1,3.1,127.0,1277.0,80.0
2026-08-01,2,P12,Player 12,CM,32.22,MD,Match,Match,Sub,17.0,2172.0,136.0,21.0,8.0,10.0,26.8,83.2,6.1,104.0,1032.0,80.0
2026-08-02,2,P12,Player 12,CM,32.22,MD+1,Recovery,Recovery,N/A,32.0,2404.0,34.0,1.0,9.0,7.0,17.84,55.4,1.7,54.0,558.0,85.0
2026-08-03,3,P12,Player 12,CM,32.22,OFF,Off,Off,N/A,0.0,0.0,0.0,0.0,0.0,0.0,0.0,0.0,0.0,0.0,285.0,80.0
2026-08-04,3,P12,Player 12,CM,32.22,MD-4,Volume,Training,N/A,85.0,6667.0,332.0,54.0,32.0,29.0,25.6,79.5,6.0,510.0,158.0,83.0
2026-08-05,3,P12,Player 12,CM,32.22,MD-3,Speed / HSR,Training,N/A,87.0,8283.0,559.0,112.0,36.0,32.0,30.52,94.7,6.9,600.0,564.0,75.0
2026-08-06,3,P12,Player 12,CM,32.22,MD-2,Tactical,Training,N/A,64.0,5798.0,276.0,26.0,29.0,25.0,26.29,81.6,5.8,371.0,1110.0,85.0
2026-08-07,3,P12,Player 12,CM,32.22,MD-1,Activation,Training,N/A,48.0,2983.0,95.0,13.0,14.0,13.0,23.87,74.1,2.4,115.0,1481.0,81.0
2026-08-08,3,P12,Player 12,CM,32.22,MD,Match,Match,Starter,83.0,9050.0,599.0,103.0,33.0,36.0,29.43,91.3,8.8,730.0,1086.0,81.0
2026-08-09,3,P12,Player 12,CM,32.22,MD+1,Recovery,Recovery,N/A,29.0,2516.0,35.0,1.0,8.0,8.0,20.01,62.1,1.2,35.0,1216.0,79.0
2026-08-10,4,P12,Player 12,CM,32.22,OFF,Off,Off,N/A,0.0,0.0,0.0,0.0,0.0,0.0,0.0,0.0,0.0,0.0,880.0,76.0
2026-08-11,4,P12,Player 12,CM,32.22,MD-4,Volume,Training,N/A,73.0,7208.0,385.0,51.0,28.0,27.0,26.29,81.6,5.2,380.0,765.0,81.0
2026-08-12,4,P12,Player 12,CM,32.22,MD-3,Speed / HSR,Training,N/A,86.0,8391.0,540.0,96.0,34.0,35.0,28.48,88.4,5.5,473.0,415.0,90.0
2026-08-13,4,P12,Player 12,CM,32.22,MD-2,Tactical,Training,N/A,68.0,6058.0,339.0,43.0,28.0,23.0,23.96,74.4,4.7,320.0,853.0,82.0
2026-08-14,4,P12,Player 12,CM,32.22,MD-1,Activation,Training,N/A,35.0,3376.0,103.0,11.0,13.0,14.0,20.9,64.9,2.0,70.0,1173.0,77.0
2026-08-15,4,P12,Player 12,CM,32.22,MD,Match,Top-up,Unused,55.0,5406.0,287.0,25.0,21.0,24.0,26.44,82.1,3.1,170.0,863.0,75.0
2026-08-16,4,P12,Player 12,CM,32.22,MD+1,Recovery,Recovery,N/A,33.0,2785.0,20.0,1.0,8.0,7.0,18.74,58.1,2.3,76.0,560.0,88.0
2026-08-17,5,P12,Player 12,CM,32.22,OFF,Off,Off,N/A,0.0,0.0,0.0,0.0,0.0,0.0,0.0,0.0,0.0,0.0,316.0,85.0
2026-08-18,5,P12,Player 12,CM,32.22,MD-4,Volume,Training,N/A,73.0,6309.0,410.0,52.0,32.0,35.0,26.97,83.7,5.6,409.0,246.0,80.0
2026-08-19,5,P12,Player 12,CM,32.22,MD-3,Speed / HSR,Training,N/A,90.0,9014.0,583.0,100.0,40.0,38.0,28.04,87.0,6.2,558.0,485.0,81.0
2026-08-20,5,P12,Player 12,CM,32.22,MD-2,Tactical,Training,N/A,69.0,6467.0,317.0,32.0,24.0,27.0,25.25,78.4,4.4,304.0,967.0,76.0
2026-08-21,5,P12,Player 12,CM,32.22,MD-1,Activation,Training,N/A,41.0,3169.0,71.0,9.0,14.0,14.0,21.49,66.7,2.3,94.0,1271.0,77.0
2026-08-22,5,P12,Player 12,CM,32.22,MD,Match,Top-up,Unused,51.0,4938.0,326.0,38.0,29.0,24.0,25.97,80.6,4.3,219.0,956.0,81.0
2026-08-23,5,P12,Player 12,CM,32.22,MD+1,Recovery,Recovery,N/A,34.0,2539.0,33.0,1.0,9.0,8.0,17.46,54.2,2.3,78.0,617.0,81.0
2026-08-24,6,P12,Player 12,CM,32.22,OFF,Off,Off,N/A,0.0,0.0,0.0,0.0,0.0,0.0,0.0,0.0,0.0,0.0,391.0,87.0
2026-08-25,6,P12,Player 12,CM,32.22,MD-4,Volume,Training,N/A,68.0,8010.0,323.0,57.0,26.0,28.0,23.29,72.3,5.4,367.0,297.0,86.0
2026-08-26,6,P12,Player 12,CM,32.22,MD-3,Speed / HSR,Training,N/A,93.0,8487.0,583.0,119.0,30.0,39.0,32.86,102.0,6.3,586.0,445.0,88.0
2026-08-27,6,P12,Player 12,CM,32.22,MD-2,Tactical,Training,N/A,74.0,6441.0,326.0,35.0,29.0,26.0,24.06,74.7,4.8,355.0,953.0,79.0
2026-08-28,6,P12,Player 12,CM,32.22,MD-1,Activation,Training,N/A,42.0,3090.0,85.0,12.0,17.0,14.0,22.31,69.2,3.2,134.0,1308.0,87.0
2026-08-29,6,P12,Player 12,CM,32.22,MD,Match,Match,Starter,87.0,10284.0,728.0,125.0,30.0,28.0,32.04,99.5,9.3,809.0,1075.0,78.0
2026-08-30,6,P12,Player 12,CM,32.22,MD+1,Recovery,Recovery,N/A,29.0,2501.0,25.0,2.0,7.0,8.0,19.02,59.0,0.5,14.0,1298.0,75.0
2026-08-31,7,P12,Player 12,CM,32.22,OFF,Off,Off,N/A,0.0,0.0,0.0,0.0,0.0,0.0,0.0,0.0,0.0,0.0,957.0,77.0
2026-09-01,7,P12,Player 12,CM,32.22,MD-4,Volume,Training,N/A,80.0,6543.0,401.0,42.0,34.0,27.0,25.01,77.6,5.4,432.0,823.0,81.0
2026-09-02,7,P12,Player 12,CM,32.22,MD-3,Speed / HSR,Training,N/A,83.0,8662.0,587.0,122.0,39.0,38.0,28.01,86.9,6.7,556.0,446.0,79.0
2026-09-03,7,P12,Player 12,CM,32.22,MD-2,Tactical,Training,N/A,68.0,6396.0,274.0,28.0,25.0,29.0,26.39,81.9,4.2,286.0,988.0,81.0
2026-09-04,7,P12,Player 12,CM,32.22,MD-1,Activation,Training,N/A,38.0,2969.0,107.0,9.0,15.0,14.0,22.98,71.3,2.9,110.0,1274.0,72.0
2026-09-05,7,P12,Player 12,CM,32.22,MD,Match,Top-up,Unused,50.0,5752.0,234.0,36.0,24.0,24.0,27.81,86.3,5.4,270.0,952.0,81.0
2026-09-06,7,P12,Player 12,CM,32.22,MD+1,Recovery,Recovery,N/A,30.0,2518.0,28.0,1.0,9.0,8.0,17.09,53.0,2.5,75.0,666.0,78.0
2026-09-07,8,P12,Player 12,CM,32.22,OFF,Off,Off,N/A,0.0,0.0,0.0,0.0,0.0,0.0,0.0,0.0,0.0,0.0,455.0,83.0
2026-09-08,8,P12,Player 12,CM,32.22,MD-4,Volume,Training,N/A,86.0,6042.0,357.0,53.0,29.0,30.0,26.15,81.2,5.3,456.0,345.0,87.0
2026-09-09,8,P12,Player 12,CM,32.22,MD-3,Speed / HSR,Training,N/A,90.0,7359.0,525.0,81.0,39.0,30.0,29.68,92.1,7.4,666.0,531.0,91.0
2026-09-10,8,P12,Player 12,CM,32.22,MD-2,Tactical,Training,N/A,67.0,6490.0,301.0,39.0,27.0,25.0,25.45,79.0,4.1,275.0,1122.0,76.0
2026-09-11,8,P12,Player 12,CM,32.22,MD-1,Activation,Training,N/A,37.0,2807.0,109.0,11.0,13.0,14.0,22.96,71.3,2.6,96.0,1397.0,76.0
2026-09-12,8,P12,Player 12,CM,32.22,MD,Match,Top-up,Unused,48.0,5061.0,286.0,35.0,23.0,21.0,26.9,83.5,5.0,240.0,1037.0,77.0
2026-09-13,8,P12,Player 12,CM,32.22,MD+1,Recovery,Recovery,N/A,35.0,2219.0,28.0,1.0,7.0,7.0,17.55,54.5,1.3,46.0,611.0,80.0
2026-07-20,1,P13,Player 13,CM,31.76,OFF,Off,Off,N/A,0.0,0.0,0.0,0.0,0.0,0.0,0.0,0.0,0.0,0.0,0.0,86.0
2026-07-21,1,P13,Player 13,CM,31.76,MD-4,Volume,Training,N/A,81.0,8282.0,372.0,37.0,33.0,30.0,24.83,78.2,6.1,494.0,0.0,91.0
2026-07-22,1,P13,Player 13,CM,31.76,MD-3,Speed / HSR,Training,N/A,89.0,9372.0,518.0,140.0,47.0,37.0,28.23,88.9,7.2,641.0,494.0,82.0
2026-07-23,1,P13,Player 13,CM,31.76,MD-2,Tactical,Training,N/A,72.0,6102.0,297.0,40.0,31.0,26.0,25.08,79.0,4.3,310.0,1135.0,86.0
2026-07-24,1,P13,Player 13,CM,31.76,MD-1,Activation,Training,N/A,38.0,3537.0,93.0,12.0,18.0,15.0,24.52,77.2,2.5,95.0,1445.0,78.0
2026-07-25,1,P13,Player 13,CM,31.76,MD,Match,Match,Sub,26.0,3877.0,213.0,40.0,17.0,18.0,28.89,91.0,8.0,208.0,1046.0,76.0
2026-07-26,1,P13,Player 13,CM,31.76,MD+1,Recovery,Recovery,N/A,37.0,2536.0,27.0,1.0,8.0,10.0,18.38,57.9,1.9,70.0,613.0,82.0
2026-07-27,2,P13,Player 13,CM,31.76,OFF,Off,Off,N/A,0.0,0.0,0.0,0.0,0.0,0.0,0.0,0.0,0.0,0.0,373.0,82.0
2026-07-28,2,P13,Player 13,CM,31.76,MD-4,Volume,Training,N/A,77.0,8424.0,282.0,45.0,39.0,35.0,26.03,82.0,5.3,408.0,278.0,88.0
2026-07-29,2,P13,Player 13,CM,31.76,MD-3,Speed / HSR,Training,N/A,88.0,9130.0,518.0,121.0,34.0,42.0,29.72,93.6,6.3,554.0,478.0,79.0
2026-07-30,2,P13,Player 13,CM,31.76,MD-2,Tactical,Training,N/A,64.0,6483.0,240.0,49.0,31.0,30.0,25.27,79.6,4.3,275.0,962.0,76.0
2026-07-31,2,P13,Player 13,CM,31.76,MD-1,Activation,Training,N/A,39.0,3723.0,124.0,13.0,17.0,15.0,20.22,63.7,2.2,86.0,1237.0,76.0
2026-08-01,2,P13,Player 13,CM,31.76,MD,Match,Top-up,Unused,56.0,5462.0,243.0,29.0,23.0,26.0,27.34,86.1,4.1,230.0,915.0,83.0
2026-08-02,2,P13,Player 13,CM,31.76,MD+1,Recovery,Recovery,N/A,30.0,2351.0,27.0,2.0,8.0,9.0,18.1,57.0,1.2,36.0,591.0,87.0
2026-08-03,3,P13,Player 13,CM,31.76,OFF,Off,Off,N/A,0.0,0.0,0.0,0.0,0.0,0.0,0.0,0.0,0.0,0.0,352.0,90.0
2026-08-04,3,P13,Player 13,CM,31.76,MD-4,Volume,Training,N/A,84.0,6926.0,340.0,49.0,30.0,34.0,25.41,80.0,5.9,496.0,266.0,88.0
2026-08-05,3,P13,Player 13,CM,31.76,MD-3,Speed / HSR,Training,N/A,91.0,7987.0,585.0,135.0,36.0,41.0,29.09,91.6,7.5,682.0,532.0,83.0
2026-08-06,3,P13,Player 13,CM,31.76,MD-2,Tactical,Training,N/A,69.0,6015.0,280.0,46.0,27.0,27.0,26.27,82.7,4.6,317.0,1178.0,81.0
2026-08-07,3,P13,Player 13,CM,31.76,MD-1,Activation,Training,N/A,48.0,3547.0,88.0,13.0,16.0,18.0,21.62,68.1,2.6,125.0,1495.0,72.0
2026-08-08,3,P13,Player 13,CM,31.76,MD,Match,Match,Starter,91.0,10896.0,642.0,101.0,44.0,50.0,31.09,97.9,7.9,719.0,1124.0,73.0
2026-08-09,3,P13,Player 13,CM,31.76,MD+1,Recovery,Recovery,N/A,35.0,2384.0,25.0,1.0,9.0,10.0,17.97,56.6,1.6,56.0,1161.0,80.0
2026-08-10,4,P13,Player 13,CM,31.76,OFF,Off,Off,N/A,0.0,0.0,0.0,0.0,0.0,0.0,0.0,0.0,0.0,0.0,900.0,78.0
2026-08-11,4,P13,Player 13,CM,31.76,MD-4,Volume,Training,N/A,70.0,7539.0,266.0,41.0,38.0,40.0,24.06,75.7,5.0,350.0,775.0,82.0
2026-08-12,4,P13,Player 13,CM,31.76,MD-3,Speed / HSR,Training,N/A,89.0,9100.0,680.0,111.0,42.0,43.0,28.94,91.1,6.8,605.0,406.0,85.0
2026-08-13,4,P13,Player 13,CM,31.76,MD-2,Tactical,Training,N/A,65.0,6100.0,286.0,34.0,26.0,29.0,25.65,80.8,5.0,325.0,955.0,81.0
2026-08-14,4,P13,Player 13,CM,31.76,MD-1,Activation,Training,N/A,41.0,3647.0,88.0,11.0,19.0,17.0,22.61,71.2,2.4,98.0,1280.0,81.0
2026-08-15,4,P13,Player 13,CM,31.76,MD,Match,Match,Starter,96.0,12322.0,618.0,188.0,46.0,47.0,30.57,96.3,9.6,922.0,1028.0,82.0
2026-08-16,4,P13,Player 13,CM,31.76,MD+1,Recovery,Recovery,N/A,34.0,2477.0,26.0,1.0,8.0,8.0,17.75,55.9,2.3,78.0,1345.0,78.0
2026-08-17,5,P13,Player 13,CM,31.76,OFF,Off,Off,N/A,0.0,0.0,0.0,0.0,0.0,0.0,0.0,0.0,0.0,0.0,1098.0,78.0
2026-08-18,5,P13,Player 13,CM,31.76,MD-4,Volume,Training,N/A,74.0,8236.0,364.0,45.0,31.0,35.0,23.55,74.2,5.6,414.0,1000.0,80.0
2026-08-19,5,P13,Player 13,CM,31.76,MD-3,Speed / HSR,Training,N/A,88.0,8633.0,665.0,132.0,46.0,42.0,29.31,92.3,5.8,510.0,492.0,82.0
2026-08-20,5,P13,Player 13,CM,31.76,MD-2,Tactical,Training,N/A,74.0,6527.0,320.0,29.0,29.0,31.0,23.39,73.7,4.0,296.0,924.0,80.0
2026-08-21,5,P13,Player 13,CM,31.76,MD-1,Activation,Training,N/A,39.0,3485.0,97.0,13.0,16.0,14.0,21.54,67.8,2.4,94.0,1220.0,87.0
2026-08-22,5,P13,Player 13,CM,31.76,MD,Match,Top-up,Unused,45.0,5177.0,299.0,41.0,25.0,23.0,26.3,82.8,5.3,238.0,900.0,81.0
2026-08-23,5,P13,Player 13,CM,31.76,MD+1,Recovery,Recovery,N/A,41.0,2878.0,30.0,2.0,8.0,9.0,19.33,60.9,2.1,86.0,628.0,84.0
2026-08-24,6,P13,Player 13,CM,31.76,OFF,Off,Off,N/A,0.0,0.0,0.0,0.0,0.0,0.0,0.0,0.0,0.0,0.0,418.0,82.0
2026-08-25,6,P13,Player 13,CM,31.76,MD-4,Volume,Training,N/A,74.0,6794.0,285.0,54.0,35.0,40.0,24.65,77.6,5.3,392.0,324.0,89.0
2026-08-26,6,P13,Player 13,CM,31.76,MD-3,Speed / HSR,Training,N/A,88.0,9419.0,677.0,141.0,32.0,44.0,32.08,101.0,6.8,598.0,478.0,87.0
2026-08-27,6,P13,Player 13,CM,31.76,MD-2,Tactical,Training,N/A,71.0,7323.0,324.0,45.0,29.0,30.0,23.97,75.5,3.4,241.0,990.0,83.0
2026-08-28,6,P13,Player 13,CM,31.76,MD-1,Activation,Training,N/A,37.0,3917.0,119.0,7.0,15.0,15.0,21.94,69.1,2.3,85.0,1231.0,79.0
2026-08-29,6,P13,Player 13,CM,31.76,MD,Match,Top-up,Unused,60.0,5273.0,222.0,35.0,25.0,23.0,27.88,87.8,6.0,360.0,924.0,84.0
2026-08-30,6,P13,Player 13,CM,31.76,MD+1,Recovery,Recovery,N/A,42.0,2450.0,27.0,2.0,9.0,9.0,18.58,58.5,2.1,88.0,686.0,87.0
2026-08-31,7,P13,Player 13,CM,31.76,OFF,Off,Off,N/A,0.0,0.0,0.0,0.0,0.0,0.0,0.0,0.0,0.0,0.0,533.0,85.0
2026-09-01,7,P13,Player 13,CM,31.76,MD-4,Volume,Training,N/A,83.0,8203.0,343.0,61.0,32.0,38.0,24.36,76.7,5.5,456.0,448.0,84.0
2026-09-02,7,P13,Player 13,CM,31.76,MD-3,Speed / HSR,Training,N/A,87.0,8848.0,636.0,110.0,46.0,47.0,30.06,94.6,5.8,505.0,544.0,87.0
2026-09-03,7,P13,Player 13,CM,31.76,MD-2,Tactical,Training,N/A,75.0,6523.0,267.0,39.0,29.0,27.0,25.1,79.0,4.6,345.0,961.0,77.0
2026-09-04,7,P13,Player 13,CM,31.76,MD-1,Activation,Training,N/A,40.0,3208.0,100.0,11.0,11.0,17.0,21.08,66.4,2.9,116.0,1306.0,75.0
2026-09-05,7,P13,Player 13,CM,31.76,MD,Match,Match,Starter,84.0,10838.0,452.0,142.0,39.0,43.0,28.3,89.1,8.7,731.0,966.0,80.0
2026-09-06,7,P13,Player 13,CM,31.76,MD+1,Recovery,Recovery,N/A,31.0,2554.0,22.0,1.0,8.0,9.0,15.58,49.0,2.1,65.0,1192.0,73.0
2026-09-07,8,P13,Player 13,CM,31.76,OFF,Off,Off,N/A,0.0,0.0,0.0,0.0,0.0,0.0,0.0,0.0,0.0,0.0,912.0,83.0
2026-09-08,8,P13,Player 13,CM,31.76,MD-4,Volume,Training,N/A,84.0,7577.0,396.0,45.0,31.0,33.0,24.12,75.9,5.5,462.0,796.0,79.0
2026-09-09,8,P13,Player 13,CM,31.76,MD-3,Speed / HSR,Training,N/A,95.0,7821.0,585.0,105.0,36.0,41.0,30.58,96.3,6.8,646.0,527.0,82.0
2026-09-10,8,P13,Player 13,CM,31.76,MD-2,Tactical,Training,N/A,74.0,6110.0,226.0,30.0,24.0,31.0,23.81,75.0,4.6,340.0,1108.0,78.0
2026-09-11,8,P13,Player 13,CM,31.76,MD-1,Activation,Training,N/A,38.0,3898.0,103.0,11.0,15.0,17.0,20.98,66.0,2.8,106.0,1448.0,77.0
2026-09-12,8,P13,Player 13,CM,31.76,MD,Match,Match,Starter,88.0,11362.0,797.0,131.0,51.0,43.0,31.4,98.9,9.3,818.0,1092.0,78.0
2026-09-13,8,P13,Player 13,CM,31.76,MD+1,Recovery,Recovery,N/A,34.0,2476.0,24.0,2.0,9.0,8.0,17.63,55.5,1.2,41.0,1264.0,78.0
2026-07-20,1,P14,Player 14,CM,33.0,OFF,Off,Off,N/A,0.0,0.0,0.0,0.0,0.0,0.0,0.0,0.0,0.0,0.0,0.0,88.0
2026-07-21,1,P14,Player 14,CM,33.0,MD-4,Volume,Training,N/A,81.0,6712.0,308.0,42.0,29.0,30.0,26.76,81.1,5.9,478.0,0.0,87.0
2026-07-22,1,P14,Player 14,CM,33.0,MD-3,Speed / HSR,Training,N/A,87.0,9446.0,549.0,131.0,41.0,41.0,32.17,97.5,6.2,539.0,478.0,82.0
2026-07-23,1,P14,Player 14,CM,33.0,MD-2,Tactical,Training,N/A,65.0,5303.0,306.0,34.0,26.0,28.0,27.37,82.9,3.0,195.0,1017.0,83.0
2026-07-24,1,P14,Player 14,CM,33.0,MD-1,Activation,Training,N/A,39.0,3324.0,82.0,9.0,16.0,16.0,22.38,67.8,3.2,125.0,1212.0,72.0
2026-07-25,1,P14,Player 14,CM,33.0,MD,Match,Match,Starter,96.0,12652.0,778.0,154.0,51.0,43.0,32.16,97.5,7.5,720.0,859.0,80.0
2026-07-26,1,P14,Player 14,CM,33.0,MD+1,Recovery,Recovery,N/A,32.0,2359.0,20.0,1.0,9.0,7.0,17.39,52.7,1.1,35.0,1040.0,78.0
2026-07-27,2,P14,Player 14,CM,33.0,OFF,Off,Off,N/A,0.0,0.0,0.0,0.0,0.0,0.0,0.0,0.0,0.0,0.0,880.0,82.0
2026-07-28,2,P14,Player 14,CM,33.0,MD-4,Volume,Training,N/A,79.0,7441.0,316.0,47.0,29.0,33.0,26.61,80.6,4.8,379.0,755.0,77.0
2026-07-29,2,P14,Player 14,CM,33.0,MD-3,Speed / HSR,Training,N/A,82.0,9196.0,605.0,96.0,39.0,34.0,29.18,88.4,6.1,500.0,414.0,83.0
2026-07-30,2,P14,Player 14,CM,33.0,MD-2,Tactical,Training,N/A,73.0,5800.0,291.0,40.0,27.0,26.0,24.69,74.8,3.8,277.0,879.0,81.0
2026-07-31,2,P14,Player 14,CM,33.0,MD-1,Activation,Training,N/A,40.0,2973.0,114.0,11.0,16.0,15.0,22.9,69.4,3.2,128.0,1156.0,82.0
2026-08-01,2,P14,Player 14,CM,33.0,MD,Match,Match,Starter,86.0,11087.0,431.0,149.0,39.0,45.0,31.63,95.9,9.2,791.0,905.0,82.0
2026-08-02,2,P14,Player 14,CM,33.0,MD+1,Recovery,Recovery,N/A,37.0,2565.0,35.0,1.0,8.0,9.0,19.1,57.9,1.5,56.0,1196.0,75.0
2026-08-03,3,P14,Player 14,CM,33.0,OFF,Off,Off,N/A,0.0,0.0,0.0,0.0,0.0,0.0,0.0,0.0,0.0,0.0,975.0,79.0
2026-08-04,3,P14,Player 14,CM,33.0,MD-4,Volume,Training,N/A,83.0,6895.0,341.0,46.0,31.0,34.0,26.3,79.7,4.6,382.0,847.0,84.0
2026-08-05,3,P14,Player 14,CM,33.0,MD-3,Speed / HSR,Training,N/A,96.0,7599.0,753.0,93.0,44.0,43.0,29.21,88.5,6.7,643.0,438.0,81.0
2026-08-06,3,P14,Player 14,CM,33.0,MD-2,Tactical,Training,N/A,62.0,5444.0,334.0,38.0,26.0,27.0,26.09,79.0,4.8,298.0,1025.0,80.0
2026-08-07,3,P14,Player 14,CM,33.0,MD-1,Activation,Training,N/A,44.0,3471.0,83.0,12.0,16.0,13.0,24.5,74.2,3.9,172.0,1323.0,77.0
2026-08-08,3,P14,Player 14,CM,33.0,MD,Match,Top-up,Unused,56.0,4534.0,229.0,36.0,30.0,26.0,27.01,81.9,3.4,190.0,1113.0,78.0
2026-08-09,3,P14,Player 14,CM,33.0,MD+1,Recovery,Recovery,N/A,44.0,2353.0,25.0,1.0,9.0,9.0,20.94,63.5,1.0,44.0,660.0,91.0
2026-08-10,4,P14,Player 14,CM,33.0,OFF,Off,Off,N/A,0.0,0.0,0.0,0.0,0.0,0.0,0.0,0.0,0.0,0.0,406.0,83.0
2026-08-11,4,P14,Player 14,CM,33.0,MD-4,Volume,Training,N/A,78.0,7937.0,330.0,39.0,38.0,31.0,27.23,82.5,4.3,335.0,234.0,88.0
2026-08-12,4,P14,Player 14,CM,33.0,MD-3,Speed / HSR,Training,N/A,91.0,8798.0,562.0,102.0,35.0,36.0,29.64,89.8,5.7,519.0,379.0,83.0
2026-08-13,4,P14,Player 14,CM,33.0,MD-2,Tactical,Training,N/A,72.0,5985.0,258.0,30.0,27.0,29.0,26.46,80.2,3.1,223.0,854.0,83.0
2026-08-14,4,P14,Player 14,CM,33.0,MD-1,Activation,Training,N/A,42.0,2802.0,105.0,11.0,15.0,15.0,23.95,72.6,1.7,71.0,1077.0,82.0
2026-08-15,4,P14,Player 14,CM,33.0,MD,Match,Top-up,Unused,58.0,5200.0,285.0,37.0,22.0,26.0,26.21,79.4,4.9,284.0,813.0,80.0
2026-08-16,4,P14,Player 14,CM,33.0,MD+1,Recovery,Recovery,N/A,29.0,2248.0,21.0,1.0,8.0,9.0,16.5,50.0,2.9,84.0,578.0,83.0
2026-08-17,5,P14,Player 14,CM,33.0,OFF,Off,Off,N/A,0.0,0.0,0.0,0.0,0.0,0.0,0.0,0.0,0.0,0.0,439.0,82.0
2026-08-18,5,P14,Player 14,CM,33.0,MD-4,Volume,Training,N/A,74.0,7240.0,329.0,40.0,31.0,32.0,28.58,86.6,6.0,444.0,368.0,81.0
2026-08-19,5,P14,Player 14,CM,33.0,MD-3,Speed / HSR,Training,N/A,88.0,8609.0,485.0,99.0,39.0,41.0,30.89,93.6,6.1,537.0,528.0,87.0
2026-08-20,5,P14,Player 14,CM,33.0,MD-2,Tactical,Training,N/A,67.0,5964.0,338.0,46.0,26.0,29.0,26.72,81.0,4.6,308.0,981.0,78.0
2026-08-21,5,P14,Player 14,CM,33.0,MD-1,Activation,Training,N/A,42.0,3325.0,111.0,12.0,14.0,16.0,23.84,72.2,2.1,88.0,1289.0,70.0
2026-08-22,5,P14,Player 14,CM,33.0,MD,Match,Match,Starter,90.0,11158.0,599.0,151.0,32.0,47.0,33.66,102.0,7.3,657.0,933.0,86.0
2026-08-23,5,P14,Player 14,CM,33.0,MD+1,Recovery,Recovery,N/A,36.0,2435.0,26.0,1.0,8.0,9.0,17.87,54.2,1.8,65.0,1053.0,77.0
2026-08-24,6,P14,Player 14,CM,33.0,OFF,Off,Off,N/A,0.0,0.0,0.0,0.0,0.0,0.0,0.0,0.0,0.0,0.0,810.0,81.0
2026-08-25,6,P14,Player 14,CM,33.0,MD-4,Volume,Training,N/A,73.0,6892.0,329.0,45.0,36.0,36.0,25.43,77.1,5.8,423.0,722.0,87.0
2026-08-26,6,P14,Player 14,CM,33.0,MD-3,Speed / HSR,Training,N/A,83.0,8771.0,491.0,127.0,37.0,40.0,29.37,89.0,6.1,506.0,488.0,84.0
2026-08-27,6,P14,Player 14,CM,33.0,MD-2,Tactical,Training,N/A,67.0,5935.0,212.0,32.0,28.0,27.0,25.31,76.7,4.2,281.0,929.0,80.0
2026-08-28,6,P14,Player 14,CM,33.0,MD-1,Activation,Training,N/A,47.0,3282.0,84.0,10.0,16.0,13.0,21.2,64.2,3.8,179.0,1210.0,74.0
2026-08-29,6,P14,Player 14,CM,33.0,MD,Match,Match,Sub,30.0,4006.0,182.0,65.0,17.0,16.0,29.99,90.9,6.7,201.0,966.0,75.0
2026-08-30,6,P14,Player 14,CM,33.0,MD+1,Recovery,Recovery,N/A,41.0,2515.0,33.0,1.0,7.0,10.0,17.49,53.0,2.7,111.0,661.0,82.0
2026-08-31,7,P14,Player 14,CM,33.0,OFF,Off,Off,N/A,0.0,0.0,0.0,0.0,0.0,0.0,0.0,0.0,0.0,0.0,491.0,85.0
2026-09-01,7,P14,Player 14,CM,33.0,MD-4,Volume,Training,N/A,69.0,6503.0,370.0,34.0,35.0,35.0,25.82,78.2,4.6,317.0,312.0,86.0
2026-09-02,7,P14,Player 14,CM,33.0,MD-3,Speed / HSR,Training,N/A,79.0,9251.0,587.0,95.0,45.0,36.0,29.87,90.5,6.7,529.0,428.0,83.0
2026-09-03,7,P14,Player 14,CM,33.0,MD-2,Tactical,Training,N/A,63.0,5876.0,273.0,41.0,23.0,27.0,25.51,77.3,5.0,315.0,846.0,81.0
2026-09-04,7,P14,Player 14,CM,33.0,MD-1,Activation,Training,N/A,50.0,3312.0,106.0,11.0,18.0,14.0,23.09,70.0,3.0,150.0,1161.0,73.0
2026-09-05,7,P14,Player 14,CM,33.0,MD,Match,Top-up,Unused,45.0,5125.0,230.0,29.0,28.0,26.0,28.39,86.0,5.6,252.0,994.0,82.0
2026-09-06,7,P14,Player 14,CM,33.0,MD+1,Recovery,Recovery,N/A,31.0,2643.0,26.0,1.0,8.0,7.0,19.62,59.4,1.8,56.0,717.0,83.0
2026-09-07,8,P14,Player 14,CM,33.0,OFF,Off,Off,N/A,0.0,0.0,0.0,0.0,0.0,0.0,0.0,0.0,0.0,0.0,458.0,91.0
2026-09-08,8,P14,Player 14,CM,33.0,MD-4,Volume,Training,N/A,76.0,6725.0,371.0,35.0,36.0,31.0,27.74,84.1,5.0,380.0,308.0,86.0
2026-09-09,8,P14,Player 14,CM,33.0,MD-3,Speed / HSR,Training,N/A,85.0,9026.0,424.0,95.0,37.0,40.0,30.13,91.3,6.3,536.0,436.0,81.0
2026-09-10,8,P14,Player 14,CM,33.0,MD-2,Tactical,Training,N/A,71.0,5928.0,298.0,36.0,21.0,27.0,26.56,80.5,5.4,383.0,916.0,81.0
2026-09-11,8,P14,Player 14,CM,33.0,MD-1,Activation,Training,N/A,39.0,3292.0,81.0,9.0,18.0,15.0,23.34,70.7,1.4,55.0,1299.0,77.0
2026-09-12,8,P14,Player 14,CM,33.0,MD,Match,Match,Starter,85.0,11618.0,678.0,104.0,42.0,47.0,32.42,98.2,7.7,654.0,974.0,82.0
2026-09-13,8,P14,Player 14,CM,33.0,MD+1,Recovery,Recovery,N/A,32.0,2372.0,23.0,1.0,8.0,8.0,17.49,53.0,3.6,115.0,1092.0,79.0
2026-07-20,1,P15,Player 15,CM,31.54,OFF,Off,Off,N/A,0.0,0.0,0.0,0.0,0.0,0.0,0.0,0.0,0.0,0.0,0.0,84.0
2026-07-21,1,P15,Player 15,CM,31.54,MD-4,Volume,Training,N/A,80.0,6165.0,337.0,45.0,37.0,39.0,22.95,72.8,4.8,384.0,0.0,83.0
2026-07-22,1,P15,Player 15,CM,31.54,MD-3,Speed / HSR,Training,N/A,84.0,8668.0,568.0,88.0,46.0,39.0,30.28,96.0,5.0,420.0,384.0,86.0
2026-07-23,1,P15,Player 15,CM,31.54,MD-2,Tactical,Training,N/A,64.0,5795.0,309.0,39.0,33.0,26.0,23.68,75.1,4.7,301.0,804.0,86.0
2026-07-24,1,P15,Player 15,CM,31.54,MD-1,Activation,Training,N/A,49.0,3788.0,93.0,13.0,14.0,15.0,21.12,67.0,2.7,132.0,1105.0,79.0
2026-07-25,1,P15,Player 15,CM,31.54,MD,Match,Top-up,Unused,49.0,5759.0,276.0,43.0,26.0,23.0,25.6,81.2,4.8,235.0,853.0,84.0
2026-07-26,1,P15,Player 15,CM,31.54,MD+1,Recovery,Recovery,N/A,30.0,2534.0,19.0,2.0,9.0,8.0,14.61,46.3,1.2,36.0,668.0,86.0
2026-07-27,2,P15,Player 15,CM,31.54,OFF,Off,Off,N/A,0.0,0.0,0.0,0.0,0.0,0.0,0.0,0.0,0.0,0.0,403.0,86.0
2026-07-28,2,P15,Player 15,CM,31.54,MD-4,Volume,Training,N/A,78.0,7023.0,284.0,42.0,31.0,35.0,23.96,76.0,5.6,437.0,271.0,83.0
2026-07-29,2,P15,Player 15,CM,31.54,MD-3,Speed / HSR,Training,N/A,93.0,8548.0,580.0,106.0,44.0,41.0,29.98,95.1,6.1,567.0,473.0,85.0
2026-07-30,2,P15,Player 15,CM,31.54,MD-2,Tactical,Training,N/A,63.0,6512.0,320.0,46.0,25.0,31.0,26.49,84.0,4.1,258.0,1004.0,84.0
2026-07-31,2,P15,Player 15,CM,31.54,MD-1,Activation,Training,N/A,44.0,3570.0,86.0,11.0,14.0,13.0,21.79,69.1,2.6,114.0,1262.0,80.0
2026-08-01,2,P15,Player 15,CM,31.54,MD,Match,Match,Starter,91.0,9655.0,563.0,145.0,49.0,50.0,30.83,97.8,8.8,801.0,939.0,83.0
2026-08-02,2,P15,Player 15,CM,31.54,MD+1,Recovery,Recovery,N/A,32.0,2620.0,23.0,1.0,9.0,9.0,16.68,52.9,0.7,22.0,1173.0,77.0
2026-08-03,3,P15,Player 15,CM,31.54,OFF,Off,Off,N/A,0.0,0.0,0.0,0.0,0.0,0.0,0.0,0.0,0.0,0.0,937.0,80.0
2026-08-04,3,P15,Player 15,CM,31.54,MD-4,Volume,Training,N/A,74.0,8086.0,319.0,56.0,33.0,35.0,27.87,88.4,4.6,340.0,823.0,81.0
2026-08-05,3,P15,Player 15,CM,31.54,MD-3,Speed / HSR,Training,N/A,88.0,9296.0,553.0,135.0,43.0,41.0,30.23,95.8,6.7,590.0,362.0,85.0
2026-08-06,3,P15,Player 15,CM,31.54,MD-2,Tactical,Training,N/A,65.0,5831.0,272.0,37.0,32.0,26.0,25.31,80.2,5.1,332.0,930.0,84.0
2026-08-07,3,P15,Player 15,CM,31.54,MD-1,Activation,Training,N/A,48.0,3786.0,89.0,8.0,14.0,16.0,21.42,67.9,2.1,101.0,1262.0,70.0
2026-08-08,3,P15,Player 15,CM,31.54,MD,Match,Match,Starter,73.0,9370.0,481.0,91.0,40.0,38.0,31.01,98.3,8.5,620.0,1023.0,80.0
2026-08-09,3,P15,Player 15,CM,31.54,MD+1,Recovery,Recovery,N/A,40.0,2536.0,27.0,1.0,10.0,9.0,17.3,54.9,2.2,88.0,1053.0,79.0
2026-08-10,4,P15,Player 15,CM,31.54,OFF,Off,Off,N/A,0.0,0.0,0.0,0.0,0.0,0.0,0.0,0.0,0.0,0.0,809.0,77.0
2026-08-11,4,P15,Player 15,CM,31.54,MD-4,Volume,Training,N/A,77.0,6490.0,284.0,50.0,35.0,33.0,24.41,77.4,5.1,393.0,708.0,84.0
2026-08-12,4,P15,Player 15,CM,31.54,MD-3,Speed / HSR,Training,N/A,90.0,9699.0,480.0,120.0,39.0,40.0,28.25,89.6,6.8,612.0,481.0,82.0
2026-08-13,4,P15,Player 15,CM,31.54,MD-2,Tactical,Training,N/A,67.0,6718.0,265.0,30.0,38.0,29.0,25.34,80.3,4.6,308.0,1005.0,79.0
2026-08-14,4,P15,Player 15,CM,31.54,MD-1,Activation,Training,N/A,42.0,3168.0,106.0,13.0,13.0,14.0,21.93,69.5,2.3,97.0,1313.0,83.0
2026-08-15,4,P15,Player 15,CM,31.54,MD,Match,Match,Starter,85.0,11270.0,604.0,59.0,47.0,47.0,30.46,96.6,8.3,706.0,1017.0,83.0
2026-08-16,4,P15,Player 15,CM,31.54,MD+1,Recovery,Recovery,N/A,32.0,2554.0,28.0,1.0,8.0,9.0,20.5,65.0,2.0,64.0,1111.0,81.0
2026-08-17,5,P15,Player 15,CM,31.54,OFF,Off,Off,N/A,0.0,0.0,0.0,0.0,0.0,0.0,0.0,0.0,0.0,0.0,867.0,82.0
2026-08-18,5,P15,Player 15,CM,31.54,MD-4,Volume,Training,N/A,79.0,7330.0,358.0,52.0,32.0,34.0,23.22,73.6,5.9,466.0,770.0,81.0
2026-08-19,5,P15,Player 15,CM,31.54,MD-3,Speed / HSR,Training,N/A,90.0,8835.0,353.0,106.0,48.0,34.0,29.14,92.4,7.4,666.0,530.0,90.0
2026-08-20,5,P15,Player 15,CM,31.54,MD-2,Tactical,Training,N/A,72.0,6327.0,316.0,44.0,27.0,31.0,25.9,82.1,4.6,331.0,1132.0,82.0
2026-08-21,5,P15,Player 15,CM,31.54,MD-1,Activation,Training,N/A,47.0,3403.0,73.0,12.0,17.0,16.0,22.04,69.9,2.2,103.0,1463.0,74.0
2026-08-22,5,P15,Player 15,CM,31.54,MD,Match,Match,Starter,85.0,10869.0,555.0,157.0,49.0,45.0,30.84,97.8,8.4,714.0,1100.0,75.0
2026-08-23,5,P15,Player 15,CM,31.54,MD+1,Recovery,Recovery,N/A,31.0,2651.0,29.0,2.0,9.0,9.0,17.18,54.5,2.1,65.0,1148.0,81.0
2026-08-24,6,P15,Player 15,CM,31.54,OFF,Off,Off,N/A,0.0,0.0,0.0,0.0,0.0,0.0,0.0,0.0,0.0,0.0,882.0,81.0
2026-08-25,6,P15,Player 15,CM,31.54,MD-4,Volume,Training,N/A,78.0,7176.0,298.0,41.0,41.0,35.0,25.42,80.6,5.0,390.0,779.0,77.0
2026-08-26,6,P15,Player 15,CM,31.54,MD-3,Speed / HSR,Training,N/A,94.0,9014.0,502.0,95.0,35.0,36.0,29.14,92.4,7.0,658.0,455.0,86.0
2026-08-27,6,P15,Player 15,CM,31.54,MD-2,Tactical,Training,N/A,77.0,6483.0,245.0,37.0,30.0,27.0,24.07,76.3,5.0,385.0,1048.0,79.0
2026-08-28,6,P15,Player 15,CM,31.54,MD-1,Activation,Training,N/A,41.0,3409.0,83.0,12.0,20.0,17.0,20.4,64.7,1.8,74.0,1433.0,78.0
2026-08-29,6,P15,Player 15,CM,31.54,MD,Match,Match,Starter,88.0,10089.0,705.0,134.0,53.0,45.0,29.81,94.5,7.6,669.0,1117.0,80.0
2026-08-30,6,P15,Player 15,CM,31.54,MD+1,Recovery,Recovery,N/A,34.0,2712.0,23.0,2.0,9.0,10.0,17.83,56.5,2.4,82.0,1128.0,77.0
2026-08-31,7,P15,Player 15,CM,31.54,OFF,Off,Off,N/A,0.0,0.0,0.0,0.0,0.0,0.0,0.0,0.0,0.0,0.0,825.0,83.0
2026-09-01,7,P15,Player 15,CM,31.54,MD-4,Volume,Training,N/A,76.0,6846.0,322.0,45.0,34.0,40.0,24.44,77.5,6.0,456.0,751.0,80.0
2026-09-02,7,P15,Player 15,CM,31.54,MD-3,Speed / HSR,Training,N/A,84.0,8880.0,609.0,118.0,48.0,46.0,29.03,92.0,5.0,420.0,538.0,82.0
2026-09-03,7,P15,Player 15,CM,31.54,MD-2,Tactical,Training,N/A,70.0,6974.0,284.0,35.0,31.0,28.0,25.87,82.0,3.6,252.0,876.0,79.0
2026-09-04,7,P15,Player 15,CM,31.54,MD-1,Activation,Training,N/A,43.0,3720.0,83.0,15.0,20.0,16.0,22.69,71.9,3.3,142.0,1128.0,83.0
2026-09-05,7,P15,Player 15,CM,31.54,MD,Match,Match,Starter,82.0,11492.0,451.0,144.0,42.0,39.0,30.64,97.2,9.1,746.0,814.0,81.0
2026-09-06,7,P15,Player 15,CM,31.54,MD+1,Recovery,Recovery,N/A,33.0,2629.0,22.0,1.0,9.0,8.0,16.13,51.1,2.3,76.0,1140.0,83.0
2026-09-07,8,P15,Player 15,CM,31.54,OFF,Off,Off,N/A,0.0,0.0,0.0,0.0,0.0,0.0,0.0,0.0,0.0,0.0,964.0,86.0
2026-09-08,8,P15,Player 15,CM,31.54,MD-4,Volume,Training,N/A,81.0,7435.0,355.0,46.0,29.0,37.0,25.14,79.7,5.7,462.0,822.0,79.0
2026-09-09,8,P15,Player 15,CM,31.54,MD-3,Speed / HSR,Training,N/A,87.0,8963.0,573.0,117.0,42.0,43.0,29.93,94.9,6.1,531.0,538.0,74.0
2026-09-10,8,P15,Player 15,CM,31.54,MD-2,Tactical,Training,N/A,77.0,5604.0,252.0,29.0,35.0,32.0,25.3,80.2,4.5,346.0,993.0,83.0
2026-09-11,8,P15,Player 15,CM,31.54,MD-1,Activation,Training,N/A,42.0,3553.0,90.0,8.0,17.0,17.0,23.5,74.5,2.2,92.0,1339.0,76.0
2026-09-12,8,P15,Player 15,CM,31.54,MD,Match,Match,Starter,86.0,11123.0,556.0,191.0,48.0,45.0,31.28,99.2,8.1,697.0,969.0,77.0
2026-09-13,8,P15,Player 15,CM,31.54,MD+1,Recovery,Recovery,N/A,31.0,2159.0,20.0,2.0,10.0,8.0,18.76,59.5,2.2,68.0,1135.0,77.0
2026-07-20,1,P16,Player 16,W,35.6,OFF,Off,Off,N/A,0.0,0.0,0.0,0.0,0.0,0.0,0.0,0.0,0.0,0.0,0.0,87.0
2026-07-21,1,P16,Player 16,W,35.6,MD-4,Volume,Training,N/A,80.0,5890.0,544.0,110.0,33.0,28.0,29.49,82.8,5.8,464.0,0.0,92.0
2026-07-22,1,P16,Player 16,W,35.6,MD-3,Speed / HSR,Training,N/A,85.0,7119.0,689.0,278.0,36.0,35.0,32.55,91.4,6.5,552.0,464.0,85.0
2026-07-23,1,P16,Player 16,W,35.6,MD-2,Tactical,Training,N/A,70.0,5803.0,365.0,92.0,26.0,27.0,29.13,81.8,3.4,238.0,1016.0,84.0
2026-07-24,1,P16,Player 16,W,35.6,MD-1,Activation,Training,N/A,42.0,3069.0,153.0,25.0,15.0,14.0,25.01,70.3,2.6,109.0,1254.0,80.0
2026-07-25,1,P16,Player 16,W,35.6,MD,Match,Top-up,Unused,52.0,5138.0,340.0,86.0,21.0,24.0,29.2,82.0,4.3,224.0,899.0,80.0
2026-07-26,1,P16,Player 16,W,35.6,MD+1,Recovery,Recovery,N/A,39.0,1834.0,34.0,3.0,8.0,7.0,20.08,56.4,2.1,82.0,571.0,82.0
2026-07-27,2,P16,Player 16,W,35.6,OFF,Off,Off,N/A,0.0,0.0,0.0,0.0,0.0,0.0,0.0,0.0,0.0,0.0,415.0,86.0
2026-07-28,2,P16,Player 16,W,35.6,MD-4,Volume,Training,N/A,73.0,6361.0,428.0,125.0,31.0,29.0,29.1,81.7,3.9,285.0,306.0,88.0
2026-07-29,2,P16,Player 16,W,35.6,MD-3,Speed / HSR,Training,N/A,82.0,7291.0,716.0,218.0,38.0,34.0,35.71,100.3,5.4,443.0,367.0,88.0
2026-07-30,2,P16,Player 16,W,35.6,MD-2,Tactical,Training,N/A,70.0,4803.0,385.0,74.0,27.0,21.0,28.8,80.9,5.0,350.0,728.0,81.0
2026-07-31,2,P16,Player 16,W,35.6,MD-1,Activation,Training,N/A,39.0,3097.0,125.0,18.0,13.0,15.0,25.4,71.4,1.9,74.0,1078.0,80.0
2026-08-01,2,P16,Player 16,W,35.6,MD,Match,Match,Starter,86.0,8561.0,791.0,334.0,36.0,41.0,34.95,98.2,8.5,731.0,867.0,83.0
2026-08-02,2,P16,Player 16,W,35.6,MD+1,Recovery,Recovery,N/A,26.0,2076.0,30.0,3.0,7.0,7.0,18.62,52.3,1.5,39.0,1155.0,78.0
2026-08-03,3,P16,Player 16,W,35.6,OFF,Off,Off,N/A,0.0,0.0,0.0,0.0,0.0,0.0,0.0,0.0,0.0,0.0,844.0,78.0
2026-08-04,3,P16,Player 16,W,35.6,MD-4,Volume,Training,N/A,70.0,7220.0,416.0,104.0,28.0,30.0,27.3,76.7,5.1,357.0,770.0,79.0
2026-08-05,3,P16,Player 16,W,35.6,MD-3,Speed / HSR,Training,N/A,91.0,7697.0,669.0,245.0,35.0,39.0,33.97,95.4,6.3,573.0,396.0,84.0
2026-08-06,3,P16,Player 16,W,35.6,MD-2,Tactical,Training,N/A,72.0,5643.0,369.0,77.0,26.0,29.0,27.98,78.6,3.9,281.0,930.0,83.0
2026-08-07,3,P16,Player 16,W,35.6,MD-1,Activation,Training,N/A,44.0,3238.0,103.0,24.0,16.0,12.0,26.0,73.0,2.3,101.0,1211.0,82.0
2026-08-08,3,P16,Player 16,W,35.6,MD,Match,Match,Starter,96.0,10999.0,929.0,414.0,40.0,56.0,34.29,96.3,8.7,835.0,955.0,76.0
2026-08-09,3,P16,Player 16,W,35.6,MD+1,Recovery,Recovery,N/A,31.0,2184.0,34.0,2.0,8.0,8.0,18.71,52.5,2.0,62.0,1217.0,76.0
2026-08-10,4,P16,Player 16,W,35.6,OFF,Off,Off,N/A,0.0,0.0,0.0,0.0,0.0,0.0,0.0,0.0,0.0,0.0,998.0,79.0
2026-08-11,4,P16,Player 16,W,35.6,MD-4,Volume,Training,N/A,79.0,7079.0,317.0,92.0,31.0,29.0,28.98,81.4,5.4,427.0,897.0,83.0
2026-08-12,4,P16,Player 16,W,35.6,MD-3,Speed / HSR,Training,N/A,85.0,8644.0,742.0,242.0,32.0,37.0,33.87,95.1,6.6,561.0,489.0,82.0
2026-08-13,4,P16,Player 16,W,35.6,MD-2,Tactical,Training,N/A,69.0,5304.0,468.0,102.0,28.0,27.0,26.87,75.5,5.2,359.0,988.0,79.0
2026-08-14,4,P16,Player 16,W,35.6,MD-1,Activation,Training,N/A,39.0,3527.0,129.0,28.0,13.0,15.0,24.45,68.7,2.4,94.0,1347.0,73.0
2026-08-15,4,P16,Player 16,W,35.6,MD,Match,Top-up,Unused,59.0,4864.0,374.0,95.0,24.0,21.0,26.15,73.5,4.4,260.0,1014.0,81.0
2026-08-16,4,P16,Player 16,W,35.6,MD+1,Recovery,Recovery,N/A,40.0,2469.0,37.0,3.0,8.0,6.0,21.57,60.6,1.9,76.0,713.0,82.0
2026-08-17,5,P16,Player 16,W,35.6,OFF,Off,Off,N/A,0.0,0.0,0.0,0.0,0.0,0.0,0.0,0.0,0.0,0.0,430.0,82.0
2026-08-18,5,P16,Player 16,W,35.6,MD-4,Volume,Training,N/A,86.0,6660.0,344.0,114.0,28.0,28.0,29.26,82.2,5.4,464.0,336.0,84.0
2026-08-19,5,P16,Player 16,W,35.6,MD-3,Speed / HSR,Training,N/A,85.0,8073.0,645.0,334.0,37.0,36.0,34.44,96.7,6.8,578.0,540.0,87.0
2026-08-20,5,P16,Player 16,W,35.6,MD-2,Tactical,Training,N/A,75.0,5662.0,382.0,90.0,21.0,25.0,27.29,76.7,3.7,278.0,1042.0,76.0
2026-08-21,5,P16,Player 16,W,35.6,MD-1,Activation,Training,N/A,46.0,3095.0,127.0,28.0,13.0,13.0,22.17,62.3,2.9,133.0,1320.0,75.0
2026-08-22,5,P16,Player 16,W,35.6,MD,Match,Match,Starter,96.0,11156.0,974.0,241.0,42.0,49.0,32.16,90.3,6.9,662.0,989.0,84.0
2026-08-23,5,P16,Player 16,W,35.6,MD+1,Recovery,Recovery,N/A,35.0,2286.0,36.0,3.0,7.0,7.0,21.71,61.0,3.4,119.0,1073.0,80.0
2026-08-24,6,P16,Player 16,W,35.6,OFF,Off,Off,N/A,0.0,0.0,0.0,0.0,0.0,0.0,0.0,0.0,0.0,0.0,914.0,83.0
2026-08-25,6,P16,Player 16,W,35.6,MD-4,Volume,Training,N/A,88.0,7228.0,422.0,100.0,30.0,30.0,27.61,77.5,5.5,484.0,781.0,83.0
2026-08-26,6,P16,Player 16,W,35.6,MD-3,Speed / HSR,Training,N/A,86.0,8960.0,699.0,259.0,33.0,40.0,35.37,99.3,5.3,456.0,603.0,83.0
2026-08-27,6,P16,Player 16,W,35.6,MD-2,Tactical,Training,N/A,68.0,5160.0,371.0,90.0,21.0,25.0,29.21,82.0,4.7,320.0,940.0,79.0
2026-08-28,6,P16,Player 16,W,35.6,MD-1,Activation,Training,N/A,42.0,3046.0,99.0,29.0,13.0,16.0,27.19,76.4,2.5,105.0,1260.0,81.0
2026-08-29,6,P16,Player 16,W,35.6,MD,Match,Match,Starter,92.0,9965.0,850.0,335.0,44.0,35.0,33.53,94.2,9.0,828.0,881.0,85.0
2026-08-30,6,P16,Player 16,W,35.6,MD+1,Recovery,Recovery,N/A,25.0,2263.0,37.0,3.0,8.0,7.0,19.64,55.2,2.5,62.0,1253.0,81.0
2026-08-31,7,P16,Player 16,W,35.6,OFF,Off,Off,N/A,0.0,0.0,0.0,0.0,0.0,0.0,0.0,0.0,0.0,0.0,995.0,76.0
2026-09-01,7,P16,Player 16,W,35.6,MD-4,Volume,Training,N/A,74.0,6657.0,528.0,122.0,29.0,31.0,29.0,81.5,4.9,363.0,890.0,85.0
2026-09-02,7,P16,Player 16,W,35.6,MD-3,Speed / HSR,Training,N/A,84.0,8504.0,622.0,255.0,38.0,41.0,32.04,90.0,6.0,504.0,425.0,83.0
2026-09-03,7,P16,Player 16,W,35.6,MD-2,Tactical,Training,N/A,67.0,5767.0,428.0,59.0,30.0,25.0,25.78,72.4,2.6,174.0,867.0,79.0
2026-09-04,7,P16,Player 16,W,35.6,MD-1,Activation,Training,N/A,39.0,2820.0,143.0,27.0,14.0,14.0,21.95,61.6,2.5,98.0,1041.0,79.0
2026-09-05,7,P16,Player 16,W,35.6,MD,Match,Match,Starter,93.0,10902.0,940.0,372.0,45.0,45.0,34.07,95.7,9.0,837.0,776.0,84.0
2026-09-06,7,P16,Player 16,W,35.6,MD+1,Recovery,Recovery,N/A,36.0,2077.0,33.0,3.0,9.0,8.0,19.06,53.5,2.1,76.0,1109.0,81.0
2026-09-07,8,P16,Player 16,W,35.6,OFF,Off,Off,N/A,0.0,0.0,0.0,0.0,0.0,0.0,0.0,0.0,0.0,0.0,1011.0,79.0
2026-09-08,8,P16,Player 16,W,35.6,MD-4,Volume,Training,N/A,81.0,6265.0,412.0,115.0,29.0,32.0,28.26,79.4,5.8,470.0,913.0,83.0
2026-09-09,8,P16,Player 16,W,35.6,MD-3,Speed / HSR,Training,N/A,88.0,8729.0,663.0,341.0,32.0,35.0,31.57,88.7,7.7,678.0,546.0,84.0
2026-09-10,8,P16,Player 16,W,35.6,MD-2,Tactical,Training,N/A,76.0,6062.0,425.0,94.0,25.0,27.0,29.14,81.9,4.3,327.0,1148.0,77.0
2026-09-11,8,P16,Player 16,W,35.6,MD-1,Activation,Training,N/A,35.0,2888.0,108.0,29.0,10.0,13.0,26.7,75.0,2.6,91.0,1475.0,74.0
2026-09-12,8,P16,Player 16,W,35.6,MD,Match,Match,Starter,94.0,9552.0,870.0,406.0,51.0,40.0,32.71,91.9,8.8,827.0,1096.0,81.0
2026-09-13,8,P16,Player 16,W,35.6,MD+1,Recovery,Recovery,N/A,33.0,2235.0,36.0,4.0,8.0,7.0,19.36,54.4,3.0,99.0,1245.0,78.0
2026-07-20,1,P17,Player 17,W,33.81,OFF,Off,Off,N/A,0.0,0.0,0.0,0.0,0.0,0.0,0.0,0.0,0.0,0.0,0.0,84.0
2026-07-21,1,P17,Player 17,W,33.81,MD-4,Volume,Training,N/A,79.0,6428.0,509.0,84.0,33.0,35.0,27.5,81.3,5.8,458.0,0.0,91.0
2026-07-22,1,P17,Player 17,W,33.81,MD-3,Speed / HSR,Training,N/A,84.0,8089.0,881.0,260.0,44.0,45.0,33.51,99.1,6.3,529.0,458.0,83.0
2026-07-23,1,P17,Player 17,W,33.81,MD-2,Tactical,Training,N/A,61.0,5710.0,455.0,69.0,24.0,31.0,27.81,82.3,5.5,336.0,987.0,85.0
2026-07-24,1,P17,Player 17,W,33.81,MD-1,Activation,Training,N/A,46.0,3206.0,159.0,25.0,17.0,15.0,23.56,69.7,3.2,147.0,1323.0,73.0
2026-07-25,1,P17,Player 17,W,33.81,MD,Match,Match,Sub,24.0,2779.0,257.0,123.0,13.0,14.0,25.5,75.4,6.5,156.0,1012.0,79.0
2026-07-26,1,P17,Player 17,W,33.81,MD+1,Recovery,Recovery,N/A,41.0,2143.0,40.0,2.0,9.0,8.0,17.93,53.0,1.8,74.0,639.0,81.0
2026-07-27,2,P17,Player 17,W,33.81,OFF,Off,Off,N/A,0.0,0.0,0.0,0.0,0.0,0.0,0.0,0.0,0.0,0.0,377.0,82.0
2026-07-28,2,P17,Player 17,W,33.81,MD-4,Volume,Training,N/A,78.0,7208.0,501.0,97.0,36.0,39.0,24.68,73.0,4.2,328.0,230.0,85.0
2026-07-29,2,P17,Player 17,W,33.81,MD-3,Speed / HSR,Training,N/A,89.0,7099.0,768.0,251.0,32.0,45.0,33.36,98.7,6.1,543.0,402.0,90.0
2026-07-30,2,P17,Player 17,W,33.81,MD-2,Tactical,Training,N/A,67.0,4911.0,295.0,78.0,27.0,26.0,27.25,80.6,4.1,275.0,871.0,81.0
2026-07-31,2,P17,Player 17,W,33.81,MD-1,Activation,Training,N/A,45.0,3176.0,145.0,24.0,15.0,16.0,24.22,71.6,2.7,122.0,1146.0,76.0
2026-08-01,2,P17,Player 17,W,33.81,MD,Match,Match,Starter,66.0,6553.0,874.0,197.0,27.0,41.0,32.14,95.0,9.2,607.0,940.0,75.0
2026-08-02,2,P17,Player 17,W,33.81,MD+1,Recovery,Recovery,N/A,39.0,2275.0,38.0,3.0,8.0,9.0,19.29,57.0,1.3,51.0,1004.0,74.0
2026-08-03,3,P17,Player 17,W,33.81,OFF,Off,Off,N/A,0.0,0.0,0.0,0.0,0.0,0.0,0.0,0.0,0.0,0.0,780.0,80.0
2026-08-04,3,P17,Player 17,W,33.81,MD-4,Volume,Training,N/A,80.0,5877.0,452.0,91.0,29.0,34.0,27.19,80.4,5.0,400.0,658.0,81.0
2026-08-05,3,P17,Player 17,W,33.81,MD-3,Speed / HSR,Training,N/A,94.0,8445.0,840.0,216.0,48.0,44.0,31.25,92.4,6.2,583.0,451.0,84.0
2026-08-06,3,P17,Player 17,W,33.81,MD-2,Tactical,Training,N/A,68.0,5411.0,381.0,87.0,31.0,34.0,28.39,84.0,5.0,340.0,983.0,73.0
2026-08-07,3,P17,Player 17,W,33.81,MD-1,Activation,Training,N/A,46.0,3192.0,145.0,27.0,14.0,19.0,22.66,67.0,2.8,129.0,1323.0,77.0
2026-08-08,3,P17,Player 17,W,33.81,MD,Match,Top-up,Unused,54.0,5143.0,416.0,57.0,29.0,27.0,27.85,82.4,3.9,211.0,1052.0,83.0
2026-08-09,3,P17,Player 17,W,33.81,MD+1,Recovery,Recovery,N/A,33.0,2224.0,35.0,3.0,9.0,9.0,20.99,62.1,1.8,59.0,680.0,88.0
2026-08-10,4,P17,Player 17,W,33.81,OFF,Off,Off,N/A,0.0,0.0,0.0,0.0,0.0,0.0,0.0,0.0,0.0,0.0,399.0,79.0
2026-08-11,4,P17,Player 17,W,33.81,MD-4,Volume,Training,N/A,77.0,6091.0,479.0,113.0,31.0,36.0,27.26,80.6,6.1,470.0,270.0,83.0
2026-08-12,4,P17,Player 17,W,33.81,MD-3,Speed / HSR,Training,N/A,97.0,8479.0,786.0,234.0,43.0,40.0,32.49,96.1,6.6,640.0,529.0,81.0
2026-08-13,4,P17,Player 17,W,33.81,MD-2,Tactical,Training,N/A,67.0,5442.0,320.0,56.0,30.0,28.0,24.36,72.0,4.7,315.0,1110.0,80.0
2026-08-14,4,P17,Player 17,W,33.81,MD-1,Activation,Training,N/A,46.0,2626.0,158.0,25.0,18.0,15.0,22.57,66.8,1.9,87.0,1425.0,73.0
2026-08-15,4,P17,Player 17,W,33.81,MD,Match,Match,Starter,92.0,9886.0,1083.0,316.0,54.0,50.0,32.67,96.6,8.8,810.0,1042.0,85.0
2026-08-16,4,P17,Player 17,W,33.81,MD+1,Recovery,Recovery,N/A,23.0,2122.0,41.0,3.0,9.0,8.0,17.05,50.4,1.8,41.0,1212.0,78.0
2026-08-17,5,P17,Player 17,W,33.81,OFF,Off,Off,N/A,0.0,0.0,0.0,0.0,0.0,0.0,0.0,0.0,0.0,0.0,938.0,80.0
2026-08-18,5,P17,Player 17,W,33.81,MD-4,Volume,Training,N/A,76.0,6036.0,501.0,90.0,30.0,35.0,27.45,81.2,5.1,388.0,851.0,86.0
2026-08-19,5,P17,Player 17,W,33.81,MD-3,Speed / HSR,Training,N/A,84.0,7358.0,865.0,223.0,33.0,44.0,29.35,86.8,7.4,622.0,429.0,85.0
2026-08-20,5,P17,Player 17,W,33.81,MD-2,Tactical,Training,N/A,76.0,5524.0,397.0,74.0,30.0,34.0,25.73,76.1,4.4,334.0,1010.0,81.0
2026-08-21,5,P17,Player 17,W,33.81,MD-1,Activation,Training,N/A,39.0,2992.0,139.0,26.0,14.0,17.0,25.64,75.8,3.6,140.0,1344.0,75.0
2026-08-22,5,P17,Player 17,W,33.81,MD,Match,Match,Starter,87.0,10495.0,925.0,273.0,37.0,51.0,32.9,97.3,7.2,626.0,1096.0,75.0
2026-08-23,5,P17,Player 17,W,33.81,MD+1,Recovery,Recovery,N/A,29.0,1982.0,34.0,3.0,9.0,10.0,18.8,55.6,2.1,61.0,1100.0,77.0
2026-08-24,6,P17,Player 17,W,33.81,OFF,Off,Off,N/A,0.0,0.0,0.0,0.0,0.0,0.0,0.0,0.0,0.0,0.0,827.0,88.0
2026-08-25,6,P17,Player 17,W,33.81,MD-4,Volume,Training,N/A,84.0,5742.0,427.0,89.0,32.0,43.0,28.23,83.5,5.8,487.0,687.0,85.0
2026-08-26,6,P17,Player 17,W,33.81,MD-3,Speed / HSR,Training,N/A,87.0,8390.0,674.0,267.0,46.0,44.0,31.76,93.9,7.5,652.0,548.0,84.0
2026-08-27,6,P17,Player 17,W,33.81,MD-2,Tactical,Training,N/A,79.0,5803.0,468.0,115.0,31.0,32.0,27.86,82.4,4.1,324.0,1139.0,76.0
2026-08-28,6,P17,Player 17,W,33.81,MD-1,Activation,Training,N/A,46.0,2709.0,143.0,22.0,14.0,17.0,23.12,68.4,2.4,110.0,1463.0,79.0
2026-08-29,6,P17,Player 17,W,33.81,MD,Match,Match,Starter,84.0,9115.0,910.0,275.0,40.0,47.0,33.3,98.5,7.7,647.0,1086.0,75.0
2026-08-30,6,P17,Player 17,W,33.81,MD+1,Recovery,Recovery,N/A,25.0,2263.0,36.0,3.0,9.0,10.0,19.83,58.6,1.7,42.0,1081.0,74.0
2026-08-31,7,P17,Player 17,W,33.81,OFF,Off,Off,N/A,0.0,0.0,0.0,0.0,0.0,0.0,0.0,0.0,0.0,0.0,799.0,80.0
2026-09-01,7,P17,Player 17,W,33.81,MD-4,Volume,Training,N/A,80.0,7148.0,521.0,104.0,36.0,31.0,27.59,81.6,4.6,368.0,689.0,89.0
2026-09-02,7,P17,Player 17,W,33.81,MD-3,Speed / HSR,Training,N/A,88.0,7896.0,801.0,285.0,38.0,45.0,31.63,93.6,6.2,546.0,410.0,91.0
2026-09-03,7,P17,Player 17,W,33.81,MD-2,Tactical,Training,N/A,64.0,5328.0,395.0,89.0,28.0,28.0,26.22,77.6,4.4,282.0,914.0,79.0
2026-09-04,7,P17,Player 17,W,33.81,MD-1,Activation,Training,N/A,41.0,3155.0,149.0,26.0,17.0,14.0,24.37,72.1,3.0,123.0,1196.0,76.0
2026-09-05,7,P17,Player 17,W,33.81,MD,Match,Top-up,Unused,45.0,4503.0,317.0,78.0,30.0,26.0,27.87,82.4,5.2,234.0,951.0,75.0
2026-09-06,7,P17,Player 17,W,33.81,MD+1,Recovery,Recovery,N/A,29.0,2071.0,38.0,3.0,8.0,9.0,18.69,55.3,1.7,49.0,639.0,83.0
2026-09-07,8,P17,Player 17,W,33.81,OFF,Off,Off,N/A,0.0,0.0,0.0,0.0,0.0,0.0,0.0,0.0,0.0,0.0,406.0,85.0
2026-09-08,8,P17,Player 17,W,33.81,MD-4,Volume,Training,N/A,80.0,6451.0,471.0,99.0,38.0,36.0,27.68,81.9,5.2,416.0,283.0,88.0
2026-09-09,8,P17,Player 17,W,33.81,MD-3,Speed / HSR,Training,N/A,86.0,7437.0,780.0,250.0,40.0,43.0,26.93,79.6,6.4,550.0,465.0,87.0
2026-09-10,8,P17,Player 17,W,33.81,MD-2,Tactical,Training,N/A,69.0,5759.0,478.0,72.0,28.0,32.0,27.29,80.7,4.1,283.0,966.0,80.0
2026-09-11,8,P17,Player 17,W,33.81,MD-1,Activation,Training,N/A,48.0,2624.0,107.0,29.0,16.0,17.0,22.34,66.1,2.7,130.0,1249.0,80.0
2026-09-12,8,P17,Player 17,W,33.81,MD,Match,Match,Sub,20.0,2353.0,273.0,64.0,9.0,10.0,29.77,88.1,5.7,114.0,963.0,78.0
2026-09-13,8,P17,Player 17,W,33.81,MD+1,Recovery,Recovery,N/A,35.0,2306.0,40.0,3.0,9.0,10.0,19.45,57.5,2.0,70.0,527.0,86.0
2026-07-20,1,P18,Player 18,W,34.68,OFF,Off,Off,N/A,0.0,0.0,0.0,0.0,0.0,0.0,0.0,0.0,0.0,0.0,0.0,86.0
2026-07-21,1,P18,Player 18,W,34.68,MD-4,Volume,Training,N/A,74.0,6841.0,521.0,92.0,30.0,33.0,28.77,83.0,5.2,385.0,0.0,89.0
2026-07-22,1,P18,Player 18,W,34.68,MD-3,Speed / HSR,Training,N/A,87.0,7968.0,641.0,215.0,36.0,39.0,32.31,93.2,6.4,557.0,385.0,86.0
2026-07-23,1,P18,Player 18,W,34.68,MD-2,Tactical,Training,N/A,72.0,5672.0,319.0,87.0,27.0,25.0,29.88,86.2,5.5,396.0,942.0,81.0
2026-07-24,1,P18,Player 18,W,34.68,MD-1,Activation,Training,N/A,47.0,3283.0,132.0,28.0,17.0,16.0,23.84,68.8,2.8,132.0,1338.0,80.0
2026-07-25,1,P18,Player 18,W,34.68,MD,Match,Match,Starter,85.0,9714.0,961.0,297.0,48.0,43.0,32.99,95.1,8.3,706.0,1085.0,74.0
2026-07-26,1,P18,Player 18,W,34.68,MD+1,Recovery,Recovery,N/A,28.0,2410.0,38.0,3.0,7.0,8.0,19.97,57.6,0.7,20.0,1234.0,75.0
2026-07-27,2,P18,Player 18,W,34.68,OFF,Off,Off,N/A,0.0,0.0,0.0,0.0,0.0,0.0,0.0,0.0,0.0,0.0,858.0,80.0
2026-07-28,2,P18,Player 18,W,34.68,MD-4,Volume,Training,N/A,79.0,6556.0,512.0,98.0,26.0,28.0,24.41,70.4,5.1,403.0,726.0,78.0
2026-07-29,2,P18,Player 18,W,34.68,MD-3,Speed / HSR,Training,N/A,89.0,9015.0,717.0,242.0,31.0,42.0,31.77,91.6,5.8,516.0,423.0,83.0
2026-07-30,2,P18,Player 18,W,34.68,MD-2,Tactical,Training,N/A,66.0,5597.0,403.0,95.0,28.0,30.0,25.99,74.9,4.4,290.0,919.0,79.0
2026-07-31,2,P18,Player 18,W,34.68,MD-1,Activation,Training,N/A,47.0,3265.0,131.0,26.0,17.0,17.0,23.3,67.2,1.5,70.0,1209.0,83.0
2026-08-01,2,P18,Player 18,W,34.68,MD,Match,Top-up,Unused,53.0,5120.0,355.0,89.0,30.0,27.0,26.52,76.5,5.0,265.0,876.0,81.0
2026-08-02,2,P18,Player 18,W,34.68,MD+1,Recovery,Recovery,N/A,34.0,2035.0,35.0,4.0,8.0,10.0,18.0,51.9,1.9,65.0,625.0,86.0
2026-08-03,3,P18,Player 18,W,34.68,OFF,Off,Off,N/A,0.0,0.0,0.0,0.0,0.0,0.0,0.0,0.0,0.0,0.0,400.0,86.0
2026-08-04,3,P18,Player 18,W,34.68,MD-4,Volume,Training,N/A,77.0,6892.0,408.0,114.0,37.0,31.0,28.33,81.7,5.1,393.0,330.0,84.0
2026-08-05,3,P18,Player 18,W,34.68,MD-3,Speed / HSR,Training,N/A,84.0,7547.0,787.0,234.0,52.0,35.0,30.38,87.6,6.7,563.0,458.0,85.0
2026-08-06,3,P18,Player 18,W,34.68,MD-2,Tactical,Training,N/A,66.0,5455.0,354.0,81.0,25.0,27.0,26.82,77.3,4.0,264.0,956.0,83.0
2026-08-07,3,P18,Player 18,W,34.68,MD-1,Activation,Training,N/A,45.0,3345.0,124.0,23.0,13.0,17.0,24.5,70.7,3.3,148.0,1220.0,82.0
2026-08-08,3,P18,Player 18,W,34.68,MD,Match,Top-up,Unused,54.0,4734.0,344.0,77.0,30.0,30.0,28.49,82.2,4.7,254.0,975.0,80.0
2026-08-09,3,P18,Player 18,W,34.68,MD+1,Recovery,Recovery,N/A,30.0,2576.0,37.0,4.0,9.0,8.0,18.92,54.6,1.7,51.0,666.0,77.0
2026-08-10,4,P18,Player 18,W,34.68,OFF,Off,Off,N/A,0.0,0.0,0.0,0.0,0.0,0.0,0.0,0.0,0.0,0.0,453.0,79.0
2026-08-11,4,P18,Player 18,W,34.68,MD-4,Volume,Training,N/A,77.0,7365.0,508.0,102.0,32.0,31.0,27.43,79.1,5.7,439.0,305.0,85.0
2026-08-12,4,P18,Player 18,W,34.68,MD-3,Speed / HSR,Training,N/A,89.0,8816.0,883.0,272.0,39.0,46.0,33.08,95.4,6.2,552.0,490.0,77.0
2026-08-13,4,P18,Player 18,W,34.68,MD-2,Tactical,Training,N/A,78.0,6390.0,346.0,87.0,30.0,31.0,26.98,77.8,4.4,343.0,991.0,86.0
2026-08-14,4,P18,Player 18,W,34.68,MD-1,Activation,Training,N/A,45.0,3250.0,113.0,22.0,13.0,15.0,23.71,68.4,2.2,99.0,1334.0,79.0
2026-08-15,4,P18,Player 18,W,34.68,MD,Match,Match,Sub,40.0,4241.0,367.0,184.0,26.0,22.0,29.91,86.2,7.8,312.0,994.0,78.0
2026-08-16,4,P18,Player 18,W,34.68,MD+1,Recovery,Recovery,N/A,34.0,2315.0,39.0,3.0,8.0,8.0,17.18,49.6,1.0,34.0,754.0,78.0
2026-08-17,5,P18,Player 18,W,34.68,OFF,Off,Off,N/A,0.0,0.0,0.0,0.0,0.0,0.0,0.0,0.0,0.0,0.0,445.0,88.0
2026-08-18,5,P18,Player 18,W,34.68,MD-4,Volume,Training,N/A,72.0,7380.0,214.0,40.0,30.0,33.0,28.43,82.0,5.9,425.0,346.0,82.0
2026-08-19,5,P18,Player 18,W,34.68,MD-3,Speed / HSR,Training,N/A,89.0,7879.0,483.0,80.0,35.0,44.0,29.13,84.0,6.8,605.0,459.0,81.0
2026-08-20,5,P18,Player 18,W,34.68,MD-2,Tactical,Training,N/A,73.0,5034.0,256.0,34.0,28.0,27.0,27.56,79.5,5.6,409.0,1030.0,77.0
2026-08-21,5,P18,Player 18,W,34.68,MD-1,Activation,Training,N/A,48.0,3312.0,76.0,12.0,15.0,16.0,23.51,67.8,2.5,120.0,1439.0,77.0
2026-08-22,5,P18,Player 18,W,34.68,MD,Match,Top-up,Unused,57.0,5227.0,387.0,88.0,26.0,26.0,29.49,85.0,3.6,205.0,1134.0,81.0
2026-08-23,5,P18,Player 18,W,34.68,MD+1,Recovery,Recovery,N/A,31.0,2332.0,34.0,2.0,7.0,7.0,20.0,57.7,1.9,59.0,734.0,86.0
2026-08-24,6,P18,Player 18,W,34.68,OFF,Off,Off,N/A,0.0,0.0,0.0,0.0,0.0,0.0,0.0,0.0,0.0,0.0,384.0,88.0
2026-08-25,6,P18,Player 18,W,34.68,MD-4,Volume,Training,N/A,77.0,6763.0,263.0,48.0,34.0,37.0,27.49,79.3,5.1,393.0,264.0,86.0
2026-08-26,6,P18,Player 18,W,34.68,MD-3,Speed / HSR,Training,N/A,96.0,8375.0,493.0,96.0,43.0,34.0,29.13,84.0,6.5,624.0,452.0,88.0
2026-08-27,6,P18,Player 18,W,34.68,MD-2,Tactical,Training,N/A,70.0,5559.0,269.0,33.0,26.0,29.0,27.23,78.5,3.2,224.0,1017.0,78.0
2026-08-28,6,P18,Player 18,W,34.68,MD-1,Activation,Training,N/A,48.0,3057.0,104.0,9.0,18.0,14.0,24.27,70.0,2.3,110.0,1241.0,72.0
2026-08-29,6,P18,Player 18,W,34.68,MD,Match,Top-up,Unused,51.0,4481.0,379.0,80.0,23.0,25.0,26.98,77.8,4.1,209.0,958.0,78.0
2026-08-30,6,P18,Player 18,W,34.68,MD+1,Recovery,Recovery,N/A,38.0,2517.0,34.0,3.0,8.0,9.0,19.02,54.9,1.2,46.0,543.0,81.0
2026-08-31,7,P18,Player 18,W,34.68,OFF,Off,Off,N/A,0.0,0.0,0.0,0.0,0.0,0.0,0.0,0.0,0.0,0.0,365.0,83.0
2026-09-01,7,P18,Player 18,W,34.68,MD-4,Volume,Training,N/A,76.0,7946.0,429.0,92.0,36.0,29.0,27.2,78.4,5.9,448.0,255.0,83.0
2026-09-02,7,P18,Player 18,W,34.68,MD-3,Speed / HSR,Training,N/A,91.0,8499.0,801.0,273.0,41.0,37.0,31.14,89.8,7.1,646.0,494.0,83.0
2026-09-03,7,P18,Player 18,W,34.68,MD-2,Tactical,Training,N/A,71.0,5502.0,396.0,79.0,25.0,26.0,28.7,82.8,4.3,305.0,1094.0,81.0
2026-09-04,7,P18,Player 18,W,34.68,MD-1,Activation,Training,N/A,49.0,3715.0,95.0,24.0,14.0,16.0,24.29,70.0,2.5,122.0,1399.0,82.0
2026-09-05,7,P18,Player 18,W,34.68,MD,Match,Match,Starter,73.0,8373.0,721.0,125.0,33.0,40.0,34.16,98.5,8.7,635.0,1073.0,74.0
2026-09-06,7,P18,Player 18,W,34.68,MD+1,Recovery,Recovery,N/A,33.0,2302.0,35.0,3.0,8.0,7.0,17.86,51.5,2.0,66.0,1062.0,75.0
2026-09-07,8,P18,Player 18,W,34.68,OFF,Off,Off,N/A,0.0,0.0,0.0,0.0,0.0,0.0,0.0,0.0,0.0,0.0,823.0,79.0
2026-09-08,8,P18,Player 18,W,34.68,MD-4,Volume,Training,N/A,78.0,7734.0,506.0,105.0,33.0,30.0,27.53,79.4,5.4,421.0,701.0,85.0
2026-09-09,8,P18,Player 18,W,34.68,MD-3,Speed / HSR,Training,N/A,88.0,9023.0,847.0,257.0,43.0,35.0,32.84,94.7,6.1,537.0,487.0,83.0
2026-09-10,8,P18,Player 18,W,34.68,MD-2,Tactical,Training,N/A,78.0,5995.0,380.0,110.0,27.0,28.0,25.88,74.6,4.3,335.0,958.0,78.0
2026-09-11,8,P18,Player 18,W,34.68,MD-1,Activation,Training,N/A,39.0,3504.0,158.0,28.0,14.0,11.0,22.23,64.1,3.5,136.0,1293.0,80.0
2026-09-12,8,P18,Player 18,W,34.68,MD,Match,Match,Starter,85.0,9184.0,987.0,424.0,38.0,44.0,31.78,91.6,8.2,697.0,1008.0,83.0
2026-09-13,8,P18,Player 18,W,34.68,MD+1,Recovery,Recovery,N/A,31.0,2437.0,34.0,3.0,10.0,7.0,20.24,58.4,1.3,40.0,1168.0,79.0
2026-07-20,1,P19,Player 19,W,35.76,OFF,Off,Off,N/A,0.0,0.0,0.0,0.0,0.0,0.0,0.0,0.0,0.0,0.0,0.0,85.0
2026-07-21,1,P19,Player 19,W,35.76,MD-4,Volume,Training,N/A,83.0,6446.0,545.0,117.0,41.0,29.0,26.1,73.0,6.2,515.0,0.0,89.0
2026-07-22,1,P19,Player 19,W,35.76,MD-3,Speed / HSR,Training,N/A,85.0,7879.0,891.0,271.0,38.0,38.0,33.13,92.7,5.5,468.0,515.0,83.0
2026-07-23,1,P19,Player 19,W,35.76,MD-2,Tactical,Training,N/A,75.0,4800.0,441.0,100.0,30.0,29.0,29.05,81.2,4.8,360.0,983.0,79.0
2026-07-24,1,P19,Player 19,W,35.76,MD-1,Activation,Training,N/A,32.0,2927.0,75.0,20.0,16.0,15.0,23.58,65.9,2.2,70.0,1343.0,76.0
2026-07-25,1,P19,Player 19,W,35.76,MD,Match,Match,Starter,87.0,10294.0,622.0,209.0,42.0,40.0,34.84,97.4,8.7,757.0,898.0,84.0
2026-07-26,1,P19,Player 19,W,35.76,MD+1,Recovery,Recovery,N/A,30.0,2219.0,39.0,4.0,10.0,8.0,20.49,57.3,3.4,102.0,1187.0,79.0
2026-07-27,2,P19,Player 19,W,35.76,OFF,Off,Off,N/A,0.0,0.0,0.0,0.0,0.0,0.0,0.0,0.0,0.0,0.0,929.0,84.0
2026-07-28,2,P19,Player 19,W,35.76,MD-4,Volume,Training,N/A,77.0,5901.0,559.0,128.0,33.0,23.0,29.38,82.2,5.5,424.0,859.0,85.0
2026-07-29,2,P19,Player 19,W,35.76,MD-3,Speed / HSR,Training,N/A,89.0,7109.0,767.0,302.0,35.0,40.0,31.15,87.1,6.0,534.0,526.0,85.0
2026-07-30,2,P19,Player 19,W,35.76,MD-2,Tactical,Training,N/A,71.0,4962.0,421.0,81.0,30.0,27.0,24.6,68.8,5.1,362.0,958.0,79.0
2026-07-31,2,P19,Player 19,W,35.76,MD-1,Activation,Training,N/A,50.0,2902.0,106.0,24.0,17.0,14.0,24.39,68.2,3.4,170.0,1320.0,81.0
2026-08-01,2,P19,Player 19,W,35.76,MD,Match,Top-up,Unused,57.0,4739.0,361.0,99.0,28.0,28.0,28.38,79.4,4.4,251.0,1066.0,81.0
2026-08-02,2,P19,Player 19,W,35.76,MD+1,Recovery,Recovery,N/A,34.0,2076.0,38.0,3.0,9.0,8.0,19.67,55.0,2.3,78.0,783.0,90.0
2026-08-03,3,P19,Player 19,W,35.76,OFF,Off,Off,N/A,0.0,0.0,0.0,0.0,0.0,0.0,0.0,0.0,0.0,0.0,499.0,85.0
2026-08-04,3,P19,Player 19,W,35.76,MD-4,Volume,Training,N/A,79.0,6748.0,525.0,79.0,35.0,33.0,28.33,79.2,5.8,458.0,329.0,88.0
2026-08-05,3,P19,Player 19,W,35.76,MD-3,Speed / HSR,Training,N/A,94.0,7445.0,875.0,201.0,38.0,32.0,30.53,85.4,6.5,611.0,536.0,85.0
2026-08-06,3,P19,Player 19,W,35.76,MD-2,Tactical,Training,N/A,69.0,5554.0,409.0,125.0,29.0,25.0,28.26,79.0,4.6,317.0,1069.0,79.0
2026-08-07,3,P19,Player 19,W,35.76,MD-1,Activation,Training,N/A,44.0,2570.0,149.0,26.0,16.0,13.0,27.09,75.8,2.1,92.0,1386.0,76.0
2026-08-08,3,P19,Player 19,W,35.76,MD,Match,Match,Starter,84.0,9599.0,852.0,293.0,47.0,36.0,33.92,94.9,7.3,613.0,1020.0,81.0
2026-08-09,3,P19,Player 19,W,35.76,MD+1,Recovery,Recovery,N/A,29.0,2052.0,44.0,4.0,7.0,6.0,21.75,60.8,1.7,49.0,1022.0,81.0
2026-08-10,4,P19,Player 19,W,35.76,OFF,Off,Off,N/A,0.0,0.0,0.0,0.0,0.0,0.0,0.0,0.0,0.0,0.0,754.0,86.0
2026-08-11,4,P19,Player 19,W,35.76,MD-4,Volume,Training,N/A,79.0,6181.0,428.0,92.0,40.0,29.0,27.64,77.3,6.1,482.0,662.0,84.0
2026-08-12,4,P19,Player 19,W,35.76,MD-3,Speed / HSR,Training,N/A,88.0,7513.0,854.0,221.0,34.0,33.0,31.69,88.6,6.0,528.0,531.0,82.0
2026-08-13,4,P19,Player 19,W,35.76,MD-2,Tactical,Training,N/A,71.0,5330.0,393.0,90.0,32.0,28.0,28.85,80.7,5.4,383.0,1010.0,79.0
2026-08-14,4,P19,Player 19,W,35.76,MD-1,Activation,Training,N/A,50.0,2834.0,154.0,25.0,16.0,14.0,22.91,64.1,3.5,175.0,1393.0,73.0
2026-08-15,4,P19,Player 19,W,35.76,MD,Match,Match,Starter,93.0,9580.0,1030.0,424.0,57.0,46.0,34.03,95.2,8.4,781.0,1086.0,85.0
2026-08-16,4,P19,Player 19,W,35.76,MD+1,Recovery,Recovery,N/A,34.0,2380.0,41.0,3.0,6.0,8.0,19.55,54.7,2.5,85.0,1339.0,76.0
2026-08-17,5,P19,Player 19,W,35.76,OFF,Off,Off,N/A,0.0,0.0,0.0,0.0,0.0,0.0,0.0,0.0,0.0,0.0,1041.0,83.0
2026-08-18,5,P19,Player 19,W,35.76,MD-4,Volume,Training,N/A,75.0,6331.0,507.0,80.0,39.0,25.0,29.13,81.5,5.4,405.0,866.0,82.0
2026-08-19,5,P19,Player 19,W,35.76,MD-3,Speed / HSR,Training,N/A,88.0,7187.0,725.0,363.0,40.0,44.0,34.64,96.9,5.4,475.0,490.0,85.0
2026-08-20,5,P19,Player 19,W,35.76,MD-2,Tactical,Training,N/A,69.0,5236.0,496.0,84.0,34.0,25.0,30.48,85.2,4.9,338.0,880.0,81.0
2026-08-21,5,P19,Player 19,W,35.76,MD-1,Activation,Training,N/A,45.0,2900.0,141.0,25.0,14.0,16.0,28.15,78.7,2.9,130.0,1218.0,76.0
2026-08-22,5,P19,Player 19,W,35.76,MD,Match,Match,Sub,12.0,1319.0,139.0,55.0,7.0,7.0,33.93,94.9,6.5,78.0,943.0,77.0
2026-08-23,5,P19,Player 19,W,35.76,MD+1,Recovery,Recovery,N/A,36.0,1821.0,31.0,4.0,6.0,8.0,17.39,48.6,2.3,83.0,546.0,89.0
2026-08-24,6,P19,Player 19,W,35.76,OFF,Off,Off,N/A,0.0,0.0,0.0,0.0,0.0,0.0,0.0,0.0,0.0,0.0,291.0,86.0
2026-08-25,6,P19,Player 19,W,35.76,MD-4,Volume,Training,N/A,79.0,6461.0,408.0,120.0,33.0,26.0,26.0,72.7,5.1,403.0,161.0,90.0
2026-08-26,6,P19,Player 19,W,35.76,MD-3,Speed / HSR,Training,N/A,86.0,7557.0,1071.0,272.0,39.0,40.0,33.2,92.8,7.3,628.0,486.0,89.0
2026-08-27,6,P19,Player 19,W,35.76,MD-2,Tactical,Training,N/A,64.0,4719.0,357.0,97.0,29.0,28.0,29.19,81.6,5.0,320.0,1031.0,78.0
2026-08-28,6,P19,Player 19,W,35.76,MD-1,Activation,Training,N/A,43.0,3011.0,157.0,32.0,15.0,14.0,24.05,67.3,2.0,86.0,1351.0,79.0
2026-08-29,6,P19,Player 19,W,35.76,MD,Match,Top-up,Unused,46.0,4045.0,443.0,75.0,26.0,21.0,30.27,84.7,4.1,189.0,1034.0,80.0
2026-08-30,6,P19,Player 19,W,35.76,MD+1,Recovery,Recovery,N/A,27.0,2212.0,36.0,4.0,9.0,6.0,19.61,54.8,1.7,46.0,595.0,80.0
2026-08-31,7,P19,Player 19,W,35.76,OFF,Off,Off,N/A,0.0,0.0,0.0,0.0,0.0,0.0,0.0,0.0,0.0,0.0,321.0,85.0
2026-09-01,7,P19,Player 19,W,35.76,MD-4,Volume,Training,N/A,78.0,5417.0,527.0,102.0,38.0,28.0,29.92,83.7,6.3,491.0,235.0,88.0
2026-09-02,7,P19,Player 19,W,35.76,MD-3,Speed / HSR,Training,N/A,91.0,6881.0,836.0,178.0,38.0,40.0,32.74,91.6,6.5,592.0,537.0,82.0
2026-09-03,7,P19,Player 19,W,35.76,MD-2,Tactical,Training,N/A,67.0,5464.0,503.0,94.0,32.0,28.0,27.49,76.9,4.4,295.0,1083.0,78.0
2026-09-04,7,P19,Player 19,W,35.76,MD-1,Activation,Training,N/A,48.0,2631.0,117.0,23.0,15.0,12.0,24.97,69.8,2.5,120.0,1378.0,76.0
2026-09-05,7,P19,Player 19,W,35.76,MD,Match,Top-up,Unused,56.0,4437.0,406.0,80.0,26.0,21.0,30.9,86.4,5.6,314.0,1007.0,87.0
2026-09-06,7,P19,Player 19,W,35.76,MD+1,Recovery,Recovery,N/A,40.0,2113.0,36.0,3.0,7.0,8.0,19.9,55.7,1.4,56.0,729.0,76.0
2026-09-07,8,P19,Player 19,W,35.76,OFF,Off,Off,N/A,0.0,0.0,0.0,0.0,0.0,0.0,0.0,0.0,0.0,0.0,490.0,86.0
2026-09-08,8,P19,Player 19,W,35.76,MD-4,Volume,Training,N/A,81.0,6400.0,429.0,124.0,33.0,27.0,30.28,84.7,6.1,494.0,370.0,84.0
2026-09-09,8,P19,Player 19,W,35.76,MD-3,Speed / HSR,Training,N/A,83.0,7315.0,956.0,285.0,47.0,33.0,34.21,95.7,6.0,498.0,550.0,82.0
2026-09-10,8,P19,Player 19,W,35.76,MD-2,Tactical,Training,N/A,64.0,5400.0,420.0,87.0,28.0,27.0,26.83,75.0,4.5,288.0,992.0,79.0
2026-09-11,8,P19,Player 19,W,35.76,MD-1,Activation,Training,N/A,40.0,2777.0,144.0,33.0,15.0,13.0,25.12,70.3,2.2,88.0,1280.0,80.0
2026-09-12,8,P19,Player 19,W,35.76,MD,Match,Top-up,Unused,59.0,4228.0,368.0,73.0,28.0,15.0,28.77,80.5,4.7,277.0,874.0,83.0
2026-09-13,8,P19,Player 19,W,35.76,MD+1,Recovery,Recovery,N/A,35.0,2466.0,34.0,3.0,8.0,7.0,20.77,58.1,1.5,52.0,653.0,83.0
2026-07-20,1,P20,Player 20,W,35.06,OFF,Off,Off,N/A,0.0,0.0,0.0,0.0,0.0,0.0,0.0,0.0,0.0,0.0,0.0,91.0
2026-07-21,1,P20,Player 20,W,35.06,MD-4,Volume,Training,N/A,76.0,6529.0,564.0,80.0,33.0,27.0,27.07,77.2,5.5,418.0,0.0,92.0
2026-07-22,1,P20,Player 20,W,35.06,MD-3,Speed / HSR,Training,N/A,88.0,8042.0,719.0,279.0,40.0,45.0,33.79,96.4,6.2,546.0,418.0,87.0
2026-07-23,1,P20,Player 20,W,35.06,MD-2,Tactical,Training,N/A,73.0,5598.0,309.0,90.0,31.0,24.0,29.76,84.9,5.4,394.0,964.0,79.0
2026-07-24,1,P20,Player 20,W,35.06,MD-1,Activation,Training,N/A,49.0,2935.0,166.0,26.0,19.0,18.0,24.7,70.5,2.0,98.0,1358.0,79.0
2026-07-25,1,P20,Player 20,W,35.06,MD,Match,Top-up,Unused,50.0,4990.0,421.0,85.0,32.0,25.0,28.06,80.0,5.1,255.0,1038.0,81.0
2026-07-26,1,P20,Player 20,W,35.06,MD+1,Recovery,Recovery,N/A,33.0,2103.0,39.0,4.0,9.0,7.0,22.12,63.1,2.0,66.0,747.0,79.0
2026-07-27,2,P20,Player 20,W,35.06,OFF,Off,Off,N/A,0.0,0.0,0.0,0.0,0.0,0.0,0.0,0.0,0.0,0.0,419.0,80.0
2026-07-28,2,P20,Player 20,W,35.06,MD-4,Volume,Training,N/A,79.0,6925.0,419.0,138.0,34.0,35.0,25.98,74.1,4.6,363.0,321.0,79.0
2026-07-29,2,P20,Player 20,W,35.06,MD-3,Speed / HSR,Training,N/A,96.0,8521.0,815.0,233.0,44.0,40.0,32.3,92.1,6.3,605.0,429.0,85.0
2026-07-30,2,P20,Player 20,W,35.06,MD-2,Tactical,Training,N/A,58.0,5232.0,442.0,85.0,28.0,25.0,28.96,82.6,3.2,186.0,968.0,81.0
2026-07-31,2,P20,Player 20,W,35.06,MD-1,Activation,Training,N/A,40.0,2868.0,135.0,28.0,19.0,17.0,24.79,70.7,2.9,116.0,1154.0,75.0
2026-08-01,2,P20,Player 20,W,35.06,MD,Match,Top-up,Unused,51.0,4498.0,335.0,48.0,28.0,26.0,28.14,80.3,5.9,301.0,907.0,84.0
2026-08-02,2,P20,Player 20,W,35.06,MD+1,Recovery,Recovery,N/A,31.0,2347.0,34.0,4.0,12.0,8.0,16.59,47.3,1.5,46.0,603.0,84.0
2026-08-03,3,P20,Player 20,W,35.06,OFF,Off,Off,N/A,0.0,0.0,0.0,0.0,0.0,0.0,0.0,0.0,0.0,0.0,463.0,89.0
2026-08-04,3,P20,Player 20,W,35.06,MD-4,Volume,Training,N/A,75.0,5806.0,495.0,78.0,37.0,37.0,25.7,73.3,4.4,330.0,347.0,86.0
2026-08-05,3,P20,Player 20,W,35.06,MD-3,Speed / HSR,Training,N/A,79.0,7167.0,754.0,238.0,48.0,41.0,33.35,95.1,6.9,545.0,376.0,82.0
2026-08-06,3,P20,Player 20,W,35.06,MD-2,Tactical,Training,N/A,72.0,6262.0,354.0,101.0,34.0,24.0,28.64,81.7,5.2,374.0,875.0,82.0
2026-08-07,3,P20,Player 20,W,35.06,MD-1,Activation,Training,N/A,43.0,3060.0,114.0,28.0,21.0,15.0,25.03,71.4,1.0,43.0,1249.0,80.0
2026-08-08,3,P20,Player 20,W,35.06,MD,Match,Top-up,Unused,55.0,5290.0,407.0,101.0,27.0,25.0,27.59,78.7,4.6,253.0,962.0,79.0
2026-08-09,3,P20,Player 20,W,35.06,MD+1,Recovery,Recovery,N/A,31.0,2185.0,31.0,4.0,9.0,9.0,19.35,55.2,2.7,84.0,670.0,78.0
2026-08-10,4,P20,Player 20,W,35.06,OFF,Off,Off,N/A,0.0,0.0,0.0,0.0,0.0,0.0,0.0,0.0,0.0,0.0,380.0,85.0
2026-08-11,4,P20,Player 20,W,35.06,MD-4,Volume,Training,N/A,79.0,6742.0,479.0,101.0,38.0,28.0,27.94,79.7,5.4,427.0,337.0,82.0
2026-08-12,4,P20,Player 20,W,35.06,MD-3,Speed / HSR,Training,N/A,91.0,7804.0,825.0,222.0,44.0,42.0,32.99,94.1,6.0,546.0,511.0,87.0
2026-08-13,4,P20,Player 20,W,35.06,MD-2,Tactical,Training,N/A,68.0,6089.0,419.0,133.0,29.0,26.0,28.21,80.5,4.6,313.0,973.0,79.0
2026-08-14,4,P20,Player 20,W,35.06,MD-1,Activation,Training,N/A,43.0,3196.0,119.0,26.0,16.0,17.0,24.92,71.1,2.8,120.0,1286.0,83.0
2026-08-15,4,P20,Player 20,W,35.06,MD,Match,Top-up,Unused,54.0,4620.0,383.0,70.0,33.0,22.0,28.22,80.5,4.8,259.0,979.0,73.0
2026-08-16,4,P20,Player 20,W,35.06,MD+1,Recovery,Recovery,N/A,30.0,2282.0,41.0,3.0,9.0,8.0,19.95,56.9,1.8,54.0,692.0,83.0
2026-08-17,5,P20,Player 20,W,35.06,OFF,Off,Off,N/A,0.0,0.0,0.0,0.0,0.0,0.0,0.0,0.0,0.0,0.0,433.0,89.0
2026-08-18,5,P20,Player 20,W,35.06,MD-4,Volume,Training,N/A,79.0,6256.0,536.0,81.0,38.0,31.0,27.22,77.6,5.5,434.0,313.0,83.0
2026-08-19,5,P20,Player 20,W,35.06,MD-3,Speed / HSR,Training,N/A,85.0,7528.0,798.0,269.0,61.0,35.0,32.54,92.8,6.8,578.0,488.0,84.0
2026-08-20,5,P20,Player 20,W,35.06,MD-2,Tactical,Training,N/A,71.0,5442.0,364.0,90.0,36.0,28.0,27.31,77.9,4.2,298.0,1012.0,79.0
2026-08-21,5,P20,Player 20,W,35.06,MD-1,Activation,Training,N/A,39.0,2873.0,139.0,32.0,16.0,15.0,24.78,70.7,3.1,121.0,1310.0,75.0
2026-08-22,5,P20,Player 20,W,35.06,MD,Match,Top-up,Unused,53.0,4381.0,366.0,87.0,19.0,31.0,29.44,84.0,4.3,228.0,997.0,81.0
2026-08-23,5,P20,Player 20,W,35.06,MD+1,Recovery,Recovery,N/A,30.0,2391.0,52.0,2.0,10.0,7.0,19.81,56.5,1.7,51.0,647.0,79.0
2026-08-24,6,P20,Player 20,W,35.06,OFF,Off,Off,N/A,0.0,0.0,0.0,0.0,0.0,0.0,0.0,0.0,0.0,0.0,400.0,84.0
2026-08-25,6,P20,Player 20,W,35.06,MD-4,Volume,Training,N/A,84.0,7240.0,508.0,137.0,38.0,35.0,27.49,78.4,4.9,412.0,279.0,87.0
2026-08-26,6,P20,Player 20,W,35.06,MD-3,Speed / HSR,Training,N/A,89.0,7760.0,633.0,205.0,38.0,41.0,30.58,87.2,7.2,641.0,463.0,84.0
2026-08-27,6,P20,Player 20,W,35.06,MD-2,Tactical,Training,N/A,72.0,5548.0,445.0,102.0,34.0,31.0,24.82,70.8,4.2,302.0,1053.0,76.0
2026-08-28,6,P20,Player 20,W,35.06,MD-1,Activation,Training,N/A,39.0,2944.0,135.0,19.0,18.0,18.0,25.92,73.9,2.2,86.0,1355.0,80.0
2026-08-29,6,P20,Player 20,W,35.06,MD,Match,Top-up,Unused,52.0,4675.0,479.0,91.0,27.0,26.0,31.37,89.5,3.7,192.0,1029.0,82.0
2026-08-30,6,P20,Player 20,W,35.06,MD+1,Recovery,Recovery,N/A,36.0,2421.0,32.0,4.0,11.0,8.0,19.11,54.5,2.1,76.0,580.0,80.0
2026-08-31,7,P20,Player 20,W,35.06,OFF,Off,Off,N/A,0.0,0.0,0.0,0.0,0.0,0.0,0.0,0.0,0.0,0.0,354.0,81.0
2026-09-01,7,P20,Player 20,W,35.06,MD-4,Volume,Training,N/A,75.0,6392.0,510.0,92.0,39.0,32.0,27.75,79.1,5.2,390.0,268.0,83.0
2026-09-02,7,P20,Player 20,W,35.06,MD-3,Speed / HSR,Training,N/A,76.0,7681.0,839.0,290.0,51.0,39.0,32.05,91.4,5.6,426.0,466.0,86.0
2026-09-03,7,P20,Player 20,W,35.06,MD-2,Tactical,Training,N/A,65.0,5389.0,364.0,84.0,30.0,27.0,28.35,80.9,4.3,280.0,816.0,82.0
2026-09-04,7,P20,Player 20,W,35.06,MD-1,Activation,Training,N/A,41.0,3223.0,130.0,31.0,18.0,15.0,23.85,68.0,2.6,107.0,1096.0,82.0
2026-09-05,7,P20,Player 20,W,35.06,MD,Match,Match,Sub,38.0,4477.0,350.0,199.0,26.0,22.0,29.52,84.2,7.5,285.0,813.0,80.0
2026-09-06,7,P20,Player 20,W,35.06,MD+1,Recovery,Recovery,N/A,33.0,2145.0,43.0,3.0,10.0,9.0,18.37,52.4,1.9,63.0,672.0,80.0
2026-09-07,8,P20,Player 20,W,35.06,OFF,Off,Off,N/A,0.0,0.0,0.0,0.0,0.0,0.0,0.0,0.0,0.0,0.0,455.0,87.0
2026-09-08,8,P20,Player 20,W,35.06,MD-4,Volume,Training,N/A,79.0,6802.0,532.0,128.0,41.0,28.0,30.51,87.0,5.8,458.0,348.0,83.0
2026-09-09,8,P20,Player 20,W,35.06,MD-3,Speed / HSR,Training,N/A,89.0,8017.0,870.0,282.0,43.0,43.0,34.38,98.1,6.0,534.0,521.0,84.0
2026-09-10,8,P20,Player 20,W,35.06,MD-2,Tactical,Training,N/A,73.0,4785.0,426.0,67.0,32.0,25.0,29.45,84.0,3.7,270.0,992.0,75.0
2026-09-11,8,P20,Player 20,W,35.06,MD-1,Activation,Training,N/A,42.0,3125.0,134.0,35.0,19.0,17.0,23.23,66.3,2.9,122.0,1262.0,76.0
2026-09-12,8,P20,Player 20,W,35.06,MD,Match,Match,Sub,20.0,2646.0,280.0,53.0,16.0,9.0,33.56,95.7,7.3,146.0,926.0,84.0
2026-09-13,8,P20,Player 20,W,35.06,MD+1,Recovery,Recovery,N/A,37.0,2020.0,29.0,3.0,8.0,9.0,17.41,49.6,1.2,44.0,538.0,81.0
2026-07-20,1,P21,Player 21,ST,33.58,OFF,Off,Off,N/A,0.0,0.0,0.0,0.0,0.0,0.0,0.0,0.0,0.0,0.0,0.0,91.0
2026-07-21,1,P21,Player 21,ST,33.58,MD-4,Volume,Training,N/A,80.0,6517.0,329.0,66.0,33.0,28.0,27.4,81.6,5.6,448.0,0.0,81.0
2026-07-22,1,P21,Player 21,ST,33.58,MD-3,Speed / HSR,Training,N/A,89.0,6477.0,565.0,249.0,36.0,39.0,33.24,99.0,5.7,507.0,448.0,83.0
2026-07-23,1,P21,Player 21,ST,33.58,MD-2,Tactical,Training,N/A,75.0,5490.0,372.0,86.0,29.0,23.0,26.99,80.4,4.4,330.0,955.0,80.0
2026-07-24,1,P21,Player 21,ST,33.58,MD-1,Activation,Training,N/A,44.0,2989.0,89.0,24.0,14.0,15.0,23.55,70.1,2.4,106.0,1285.0,83.0
2026-07-25,1,P21,Player 21,ST,33.58,MD,Match,Top-up,Unused,52.0,4595.0,359.0,50.0,22.0,20.0,27.11,80.7,4.5,234.0,943.0,77.0
2026-07-26,1,P21,Player 21,ST,33.58,MD+1,Recovery,Recovery,N/A,31.0,2338.0,30.0,3.0,9.0,6.0,18.88,56.2,2.9,90.0,670.0,85.0
2026-07-27,2,P21,Player 21,ST,33.58,OFF,Off,Off,N/A,0.0,0.0,0.0,0.0,0.0,0.0,0.0,0.0,0.0,0.0,430.0,88.0
2026-07-28,2,P21,Player 21,ST,33.58,MD-4,Volume,Training,N/A,84.0,6276.0,437.0,105.0,33.0,34.0,26.59,79.2,4.1,344.0,324.0,83.0
2026-07-29,2,P21,Player 21,ST,33.58,MD-3,Speed / HSR,Training,N/A,88.0,7674.0,543.0,241.0,44.0,31.0,30.67,91.3,5.9,519.0,434.0,83.0
2026-07-30,2,P21,Player 21,ST,33.58,MD-2,Tactical,Training,N/A,75.0,5373.0,275.0,78.0,26.0,28.0,27.39,81.6,3.4,255.0,863.0,82.0
2026-07-31,2,P21,Player 21,ST,33.58,MD-1,Activation,Training,N/A,43.0,3010.0,108.0,26.0,17.0,15.0,23.56,70.2,2.1,90.0,1118.0,74.0
2026-08-01,2,P21,Player 21,ST,33.58,MD,Match,Match,Starter,87.0,10540.0,765.0,354.0,46.0,45.0,31.97,95.2,8.7,757.0,864.0,80.0
2026-08-02,2,P21,Player 21,ST,33.58,MD+1,Recovery,Recovery,N/A,39.0,2283.0,31.0,4.0,9.0,8.0,19.55,58.2,2.7,105.0,1102.0,83.0
2026-08-03,3,P21,Player 21,ST,33.58,OFF,Off,Off,N/A,0.0,0.0,0.0,0.0,0.0,0.0,0.0,0.0,0.0,0.0,952.0,82.0
2026-08-04,3,P21,Player 21,ST,33.58,MD-4,Volume,Training,N/A,74.0,6365.0,379.0,123.0,36.0,31.0,27.04,80.5,5.4,400.0,862.0,81.0
2026-08-05,3,P21,Player 21,ST,33.58,MD-3,Speed / HSR,Training,N/A,93.0,7790.0,680.0,281.0,41.0,35.0,30.5,90.8,5.9,549.0,505.0,84.0
2026-08-06,3,P21,Player 21,ST,33.58,MD-2,Tactical,Training,N/A,67.0,5391.0,254.0,70.0,32.0,24.0,25.23,75.1,4.5,302.0,949.0,82.0
2026-08-07,3,P21,Player 21,ST,33.58,MD-1,Activation,Training,N/A,44.0,2931.0,96.0,30.0,15.0,14.0,23.06,68.7,1.4,62.0,1251.0,80.0
2026-08-08,3,P21,Player 21,ST,33.58,MD,Match,Top-up,Unused,55.0,4628.0,253.0,64.0,22.0,24.0,29.96,89.2,5.5,302.0,913.0,79.0
2026-08-09,3,P21,Player 21,ST,33.58,MD+1,Recovery,Recovery,N/A,35.0,2329.0,33.0,3.0,9.0,7.0,20.72,61.7,1.3,46.0,666.0,88.0
2026-08-10,4,P21,Player 21,ST,33.58,OFF,Off,Off,N/A,0.0,0.0,0.0,0.0,0.0,0.0,0.0,0.0,0.0,0.0,410.0,89.0
2026-08-11,4,P21,Player 21,ST,33.58,MD-4,Volume,Training,N/A,85.0,6431.0,286.0,100.0,42.0,32.0,25.91,77.2,5.6,476.0,348.0,87.0
2026-08-12,4,P21,Player 21,ST,33.58,MD-3,Speed / HSR,Training,N/A,89.0,8991.0,655.0,234.0,40.0,36.0,30.72,91.5,6.4,570.0,522.0,81.0
2026-08-13,4,P21,Player 21,ST,33.58,MD-2,Tactical,Training,N/A,78.0,5142.0,355.0,101.0,31.0,23.0,28.18,83.9,5.1,398.0,1046.0,76.0
2026-08-14,4,P21,Player 21,ST,33.58,MD-1,Activation,Training,N/A,49.0,3239.0,117.0,20.0,15.0,13.0,24.36,72.5,2.7,132.0,1444.0,75.0
2026-08-15,4,P21,Player 21,ST,33.58,MD,Match,Top-up,Unused,60.0,4459.0,281.0,73.0,29.0,16.0,26.36,78.5,6.3,378.0,1100.0,79.0
2026-08-16,4,P21,Player 21,ST,33.58,MD+1,Recovery,Recovery,N/A,38.0,2127.0,26.0,4.0,8.0,7.0,18.39,54.8,1.8,68.0,908.0,75.0
2026-08-17,5,P21,Player 21,ST,33.58,OFF,Off,Off,N/A,0.0,0.0,0.0,0.0,0.0,0.0,0.0,0.0,0.0,0.0,578.0,85.0
2026-08-18,5,P21,Player 21,ST,33.58,MD-4,Volume,Training,N/A,82.0,6239.0,434.0,103.0,30.0,29.0,26.51,79.0,4.8,394.0,446.0,89.0
2026-08-19,5,P21,Player 21,ST,33.58,MD-3,Speed / HSR,Training,N/A,88.0,7852.0,574.0,265.0,43.0,37.0,31.56,94.0,7.2,634.0,462.0,86.0
2026-08-20,5,P21,Player 21,ST,33.58,MD-2,Tactical,Training,N/A,74.0,5857.0,295.0,77.0,30.0,29.0,27.88,83.0,3.6,266.0,1028.0,78.0
2026-08-21,5,P21,Player 21,ST,33.58,MD-1,Activation,Training,N/A,43.0,2669.0,115.0,30.0,16.0,15.0,22.95,68.3,2.1,90.0,1294.0,75.0
2026-08-22,5,P21,Player 21,ST,33.58,MD,Match,Top-up,Unused,60.0,4483.0,310.0,74.0,29.0,22.0,27.71,82.5,5.4,324.0,990.0,81.0
2026-08-23,5,P21,Player 21,ST,33.58,MD+1,Recovery,Recovery,N/A,35.0,2057.0,33.0,2.0,9.0,7.0,16.82,50.1,2.8,98.0,680.0,82.0
2026-08-24,6,P21,Player 21,ST,33.58,OFF,Off,Off,N/A,0.0,0.0,0.0,0.0,0.0,0.0,0.0,0.0,0.0,0.0,512.0,85.0
2026-08-25,6,P21,Player 21,ST,33.58,MD-4,Volume,Training,N/A,75.0,5471.0,458.0,92.0,30.0,26.0,26.62,79.3,6.3,472.0,422.0,87.0
2026-08-26,6,P21,Player 21,ST,33.58,MD-3,Speed / HSR,Training,N/A,88.0,7658.0,590.0,285.0,37.0,33.0,32.29,96.2,6.6,581.0,570.0,87.0
2026-08-27,6,P21,Player 21,ST,33.58,MD-2,Tactical,Training,N/A,69.0,5829.0,381.0,67.0,33.0,22.0,25.19,75.0,4.3,297.0,1053.0,76.0
2026-08-28,6,P21,Player 21,ST,33.58,MD-1,Activation,Training,N/A,38.0,3093.0,77.0,30.0,15.0,16.0,21.48,64.0,3.2,122.0,1350.0,78.0
2026-08-29,6,P21,Player 21,ST,33.58,MD,Match,Match,Starter,81.0,8852.0,647.0,269.0,36.0,42.0,30.23,90.0,8.3,672.0,1000.0,79.0
2026-08-30,6,P21,Player 21,ST,33.58,MD+1,Recovery,Recovery,N/A,35.0,2287.0,33.0,3.0,9.0,8.0,18.69,55.7,0.9,32.0,1091.0,79.0
2026-08-31,7,P21,Player 21,ST,33.58,OFF,Off,Off,N/A,0.0,0.0,0.0,0.0,0.0,0.0,0.0,0.0,0.0,0.0,826.0,84.0
2026-09-01,7,P21,Player 21,ST,33.58,MD-4,Volume,Training,N/A,78.0,6466.0,368.0,93.0,33.0,29.0,26.35,78.5,5.4,421.0,704.0,85.0
2026-09-02,7,P21,Player 21,ST,33.58,MD-3,Speed / HSR,Training,N/A,87.0,7103.0,511.0,218.0,47.0,35.0,31.15,92.8,6.1,531.0,453.0,89.0
2026-09-03,7,P21,Player 21,ST,33.58,MD-2,Tactical,Training,N/A,63.0,5112.0,262.0,89.0,30.0,26.0,25.6,76.2,4.5,284.0,952.0,82.0
2026-09-04,7,P21,Player 21,ST,33.58,MD-1,Activation,Training,N/A,47.0,2910.0,113.0,22.0,17.0,13.0,24.51,73.0,2.6,122.0,1236.0,78.0
2026-09-05,7,P21,Player 21,ST,33.58,MD,Match,Top-up,Unused,48.0,4799.0,356.0,99.0,27.0,19.0,27.77,82.7,6.0,288.0,937.0,80.0
2026-09-06,7,P21,Player 21,ST,33.58,MD+1,Recovery,Recovery,N/A,35.0,1959.0,31.0,3.0,8.0,7.0,18.77,55.9,2.6,91.0,694.0,77.0
2026-09-07,8,P21,Player 21,ST,33.58,OFF,Off,Off,N/A,0.0,0.0,0.0,0.0,0.0,0.0,0.0,0.0,0.0,0.0,501.0,88.0
2026-09-08,8,P21,Player 21,ST,33.58,MD-4,Volume,Training,N/A,76.0,5932.0,421.0,98.0,34.0,32.0,26.2,78.0,4.5,342.0,379.0,84.0
2026-09-09,8,P21,Player 21,ST,33.58,MD-3,Speed / HSR,Training,N/A,81.0,8064.0,630.0,256.0,43.0,34.0,30.58,91.1,6.3,510.0,433.0,86.0
2026-09-10,8,P21,Player 21,ST,33.58,MD-2,Tactical,Training,N/A,63.0,5444.0,305.0,66.0,30.0,20.0,25.31,75.4,4.1,258.0,852.0,83.0
2026-09-11,8,P21,Player 21,ST,33.58,MD-1,Activation,Training,N/A,41.0,3080.0,116.0,26.0,19.0,16.0,24.89,74.1,3.1,127.0,1110.0,75.0
2026-09-12,8,P21,Player 21,ST,33.58,MD,Match,Top-up,Unused,50.0,4463.0,304.0,82.0,23.0,22.0,26.63,79.3,4.0,200.0,895.0,78.0
2026-09-13,8,P21,Player 21,ST,33.58,MD+1,Recovery,Recovery,N/A,36.0,2107.0,25.0,4.0,7.0,7.0,18.22,54.3,2.2,79.0,585.0,88.0
2026-07-20,1,P22,Player 22,ST,35.57,OFF,Off,Off,N/A,0.0,0.0,0.0,0.0,0.0,0.0,0.0,0.0,0.0,0.0,0.0,89.0
2026-07-21,1,P22,Player 22,ST,35.57,MD-4,Volume,Training,N/A,79.0,6277.0,380.0,88.0,28.0,25.0,28.7,80.7,5.7,450.0,0.0,86.0
2026-07-22,1,P22,Player 22,ST,35.57,MD-3,Speed / HSR,Training,N/A,85.0,7383.0,731.0,170.0,38.0,37.0,30.67,86.2,5.6,476.0,450.0,84.0
2026-07-23,1,P22,Player 22,ST,35.57,MD-2,Tactical,Training,N/A,65.0,5010.0,296.0,87.0,28.0,22.0,28.41,79.9,4.4,286.0,926.0,84.0
2026-07-24,1,P22,Player 22,ST,35.57,MD-1,Activation,Training,N/A,44.0,2837.0,107.0,17.0,13.0,14.0,24.39,68.6,1.7,75.0,1212.0,81.0
2026-07-25,1,P22,Player 22,ST,35.57,MD,Match,Match,Starter,76.0,7364.0,532.0,311.0,42.0,29.0,33.34,93.7,7.6,578.0,837.0,77.0
2026-07-26,1,P22,Player 22,ST,35.57,MD+1,Recovery,Recovery,N/A,36.0,1995.0,27.0,2.0,7.0,6.0,20.7,58.2,0.8,29.0,939.0,86.0
2026-07-27,2,P22,Player 22,ST,35.57,OFF,Off,Off,N/A,0.0,0.0,0.0,0.0,0.0,0.0,0.0,0.0,0.0,0.0,682.0,86.0
2026-07-28,2,P22,Player 22,ST,35.57,MD-4,Volume,Training,N/A,75.0,6190.0,388.0,62.0,28.0,24.0,28.0,78.7,4.4,330.0,607.0,83.0
2026-07-29,2,P22,Player 22,ST,35.57,MD-3,Speed / HSR,Training,N/A,88.0,7066.0,721.0,224.0,32.0,34.0,31.76,89.3,6.1,537.0,359.0,81.0
2026-07-30,2,P22,Player 22,ST,35.57,MD-2,Tactical,Training,N/A,68.0,4725.0,345.0,55.0,30.0,22.0,26.65,74.9,4.0,272.0,867.0,84.0
2026-07-31,2,P22,Player 22,ST,35.57,MD-1,Activation,Training,N/A,44.0,2788.0,102.0,27.0,14.0,13.0,26.23,73.7,2.7,119.0,1139.0,80.0
2026-08-01,2,P22,Player 22,ST,35.57,MD,Match,Match,Sub,29.0,3179.0,271.0,137.0,14.0,13.0,33.99,95.5,8.1,235.0,928.0,76.0
2026-08-02,2,P22,Player 22,ST,35.57,MD+1,Recovery,Recovery,N/A,35.0,2178.0,27.0,2.0,9.0,7.0,20.57,57.8,1.9,66.0,626.0,82.0
2026-08-03,3,P22,Player 22,ST,35.57,OFF,Off,Off,N/A,0.0,0.0,0.0,0.0,0.0,0.0,0.0,0.0,0.0,0.0,420.0,95.0
2026-08-04,3,P22,Player 22,ST,35.57,MD-4,Volume,Training,N/A,75.0,6317.0,321.0,91.0,34.0,26.0,28.24,79.4,5.4,405.0,301.0,86.0
2026-08-05,3,P22,Player 22,ST,35.57,MD-3,Speed / HSR,Training,N/A,90.0,7216.0,564.0,188.0,32.0,35.0,32.82,92.3,5.9,531.0,471.0,82.0
2026-08-06,3,P22,Player 22,ST,35.57,MD-2,Tactical,Training,N/A,68.0,4863.0,326.0,57.0,24.0,23.0,29.31,82.4,5.1,347.0,936.0,77.0
2026-08-07,3,P22,Player 22,ST,35.57,MD-1,Activation,Training,N/A,39.0,2982.0,74.0,18.0,14.0,14.0,25.86,72.7,2.3,90.0,1283.0,83.0
2026-08-08,3,P22,Player 22,ST,35.57,MD,Match,Top-up,Unused,44.0,4710.0,317.0,49.0,22.0,22.0,29.85,83.9,3.9,172.0,968.0,83.0
2026-08-09,3,P22,Player 22,ST,35.57,MD+1,Recovery,Recovery,N/A,34.0,2051.0,30.0,2.0,8.0,6.0,17.59,49.5,1.8,61.0,609.0,88.0
2026-08-10,4,P22,Player 22,ST,35.57,OFF,Off,Off,N/A,0.0,0.0,0.0,0.0,0.0,0.0,0.0,0.0,0.0,0.0,323.0,86.0
2026-08-11,4,P22,Player 22,ST,35.57,MD-4,Volume,Training,N/A,75.0,2967.0,160.0,29.0,25.0,23.0,28.47,80.0,5.0,375.0,233.0,90.0
2026-08-12,4,P22,Player 22,ST,35.57,MD-3,Speed / HSR,Training,N/A,82.0,3726.0,270.0,71.0,35.0,31.0,32.8,92.2,6.9,566.0,436.0,82.0
2026-08-13,4,P22,Player 22,ST,35.57,MD-2,Tactical,Training,N/A,72.0,2805.0,138.0,24.0,28.0,22.0,27.04,76.0,3.8,274.0,941.0,81.0
2026-08-14,4,P22,Player 22,ST,35.57,MD-1,Activation,Training,N/A,38.0,1516.0,37.0,7.0,12.0,13.0,25.37,71.3,3.7,141.0,1215.0,79.0
2026-08-15,4,P22,Player 22,ST,35.57,MD,Match,Top-up,Unused,54.0,2174.0,127.0,22.0,25.0,23.0,29.65,83.4,4.4,238.0,981.0,85.0
2026-08-16,4,P22,Player 22,ST,35.57,MD+1,Recovery,Recovery,N/A,32.0,1125.0,13.0,1.0,6.0,8.0,19.38,54.5,2.1,67.0,653.0,84.0
2026-08-17,5,P22,Player 22,ST,35.57,OFF,Off,Off,N/A,0.0,0.0,0.0,0.0,0.0,0.0,0.0,0.0,0.0,0.0,446.0,82.0
2026-08-18,5,P22,Player 22,ST,35.57,MD-4,Volume,Training,N/A,80.0,4725.0,210.0,40.0,32.0,24.0,28.83,81.1,5.7,456.0,305.0,86.0
2026-08-19,5,P22,Player 22,ST,35.57,MD-3,Speed / HSR,Training,N/A,92.0,5694.0,368.0,124.0,36.0,32.0,32.13,90.3,5.8,534.0,523.0,78.0
2026-08-20,5,P22,Player 22,ST,35.57,MD-2,Tactical,Training,N/A,69.0,3667.0,202.0,55.0,22.0,19.0,27.07,76.1,4.6,317.0,990.0,73.0
2026-08-21,5,P22,Player 22,ST,35.57,MD-1,Activation,Training,N/A,48.0,2238.0,74.0,16.0,13.0,12.0,25.1,70.6,2.3,110.0,1307.0,80.0
2026-08-22,5,P22,Player 22,ST,35.57,MD,Match,Match,Sub,31.0,2710.0,228.0,99.0,16.0,14.0,31.67,89.0,8.2,254.0,961.0,79.0
2026-08-23,5,P22,Player 22,ST,35.57,MD+1,Recovery,Recovery,N/A,34.0,1811.0,23.0,1.0,7.0,7.0,21.46,60.3,2.1,71.0,681.0,82.0
2026-08-24,6,P22,Player 22,ST,35.57,OFF,Off,Off,N/A,0.0,0.0,0.0,0.0,0.0,0.0,0.0,0.0,0.0,0.0,435.0,87.0
2026-08-25,6,P22,Player 22,ST,35.57,MD-4,Volume,Training,N/A,86.0,5267.0,354.0,69.0,33.0,27.0,27.66,77.8,5.2,447.0,325.0,90.0
2026-08-26,6,P22,Player 22,ST,35.57,MD-3,Speed / HSR,Training,N/A,87.0,7589.0,613.0,220.0,34.0,38.0,32.0,90.0,7.3,635.0,518.0,86.0
2026-08-27,6,P22,Player 22,ST,35.57,MD-2,Tactical,Training,N/A,69.0,4480.0,322.0,76.0,29.0,21.0,28.05,78.9,4.4,304.0,1082.0,86.0
2026-08-28,6,P22,Player 22,ST,35.57,MD-1,Activation,Training,N/A,44.0,2729.0,83.0,22.0,15.0,14.0,26.15,73.5,2.2,97.0,1386.0,79.0
2026-08-29,6,P22,Player 22,ST,35.57,MD,Match,Match,Sub,35.0,3945.0,243.0,73.0,17.0,14.0,31.74,89.2,6.1,214.0,1036.0,81.0
2026-08-30,6,P22,Player 22,ST,35.57,MD+1,Recovery,Recovery,N/A,34.0,2077.0,25.0,2.0,6.0,7.0,19.77,55.6,0.8,27.0,615.0,84.0
2026-08-31,7,P22,Player 22,ST,35.57,OFF,Off,Off,N/A,0.0,0.0,0.0,0.0,0.0,0.0,0.0,0.0,0.0,0.0,338.0,81.0
2026-09-01,7,P22,Player 22,ST,35.57,MD-4,Volume,Training,N/A,71.0,5655.0,358.0,71.0,35.0,26.0,28.68,80.6,4.9,348.0,241.0,89.0
2026-09-02,7,P22,Player 22,ST,35.57,MD-3,Speed / HSR,Training,N/A,81.0,7739.0,453.0,191.0,37.0,32.0,31.82,89.5,5.3,429.0,375.0,77.0
2026-09-03,7,P22,Player 22,ST,35.57,MD-2,Tactical,Training,N/A,68.0,4628.0,326.0,77.0,29.0,21.0,29.57,83.1,4.1,279.0,777.0,80.0
2026-09-04,7,P22,Player 22,ST,35.57,MD-1,Activation,Training,N/A,50.0,2568.0,82.0,18.0,12.0,11.0,25.67,72.2,2.6,130.0,1056.0,80.0
2026-09-05,7,P22,Player 22,ST,35.57,MD,Match,Top-up,Unused,49.0,4266.0,333.0,69.0,29.0,18.0,27.94,78.5,5.4,265.0,838.0,79.0
2026-09-06,7,P22,Player 22,ST,35.57,MD+1,Recovery,Recovery,N/A,29.0,2000.0,31.0,3.0,8.0,8.0,20.33,57.1,2.5,72.0,674.0,81.0
2026-09-07,8,P22,Player 22,ST,35.57,OFF,Off,Off,N/A,0.0,0.0,0.0,0.0,0.0,0.0,0.0,0.0,0.0,0.0,467.0,90.0
2026-09-08,8,P22,Player 22,ST,35.57,MD-4,Volume,Training,N/A,80.0,5737.0,377.0,65.0,29.0,28.0,29.21,82.1,4.7,376.0,337.0,89.0
2026-09-09,8,P22,Player 22,ST,35.57,MD-3,Speed / HSR,Training,N/A,94.0,7279.0,522.0,171.0,37.0,28.0,30.78,86.5,6.8,639.0,448.0,82.0
2026-09-10,8,P22,Player 22,ST,35.57,MD-2,Tactical,Training,N/A,73.0,5484.0,339.0,67.0,20.0,23.0,29.93,84.1,5.1,372.0,1015.0,78.0
2026-09-11,8,P22,Player 22,ST,35.57,MD-1,Activation,Training,N/A,51.0,2513.0,116.0,17.0,13.0,13.0,26.43,74.3,1.9,97.0,1387.0,73.0
2026-09-12,8,P22,Player 22,ST,35.57,MD,Match,Match,Sub,19.0,1844.0,146.0,63.0,10.0,10.0,26.58,74.7,7.6,144.0,1108.0,81.0
2026-09-13,8,P22,Player 22,ST,35.57,MD+1,Recovery,Recovery,N/A,36.0,1930.0,27.0,2.0,8.0,6.0,22.08,62.1,1.3,47.0,613.0,82.0
2026-07-20,1,P23,Player 23,ST,34.91,OFF,Off,Off,N/A,0.0,0.0,0.0,0.0,0.0,0.0,0.0,0.0,0.0,0.0,0.0,82.0
2026-07-21,1,P23,Player 23,ST,34.91,MD-4,Volume,Training,N/A,76.0,6494.0,333.0,79.0,34.0,24.0,26.34,75.5,4.3,327.0,0.0,88.0
2026-07-22,1,P23,Player 23,ST,34.91,MD-3,Speed / HSR,Training,N/A,86.0,7358.0,625.0,214.0,32.0,39.0,31.41,90.0,7.2,619.0,327.0,87.0
2026-07-23,1,P23,Player 23,ST,34.91,MD-2,Tactical,Training,N/A,69.0,4886.0,273.0,60.0,24.0,27.0,28.06,80.4,3.3,228.0,946.0,84.0
2026-07-24,1,P23,Player 23,ST,34.91,MD-1,Activation,Training,N/A,46.0,3032.0,76.0,21.0,16.0,15.0,25.21,72.2,1.8,83.0,1174.0,78.0
2026-07-25,1,P23,Player 23,ST,34.91,MD,Match,Top-up,Unused,44.0,4467.0,233.0,62.0,20.0,21.0,28.81,82.5,4.9,216.0,930.0,79.0
2026-07-26,1,P23,Player 23,ST,34.91,MD+1,Recovery,Recovery,N/A,37.0,2097.0,28.0,2.0,9.0,9.0,20.37,58.4,0.9,33.0,527.0,90.0
2026-07-27,2,P23,Player 23,ST,34.91,OFF,Off,Off,N/A,0.0,0.0,0.0,0.0,0.0,0.0,0.0,0.0,0.0,0.0,332.0,85.0
2026-07-28,2,P23,Player 23,ST,34.91,MD-4,Volume,Training,N/A,75.0,5946.0,376.0,90.0,31.0,29.0,28.1,80.5,4.7,352.0,249.0,88.0
2026-07-29,2,P23,Player 23,ST,34.91,MD-3,Speed / HSR,Training,N/A,89.0,7373.0,630.0,183.0,36.0,35.0,31.43,90.0,7.1,632.0,385.0,83.0
2026-07-30,2,P23,Player 23,ST,34.91,MD-2,Tactical,Training,N/A,67.0,4815.0,281.0,56.0,21.0,25.0,25.38,72.7,3.9,261.0,984.0,82.0
2026-07-31,2,P23,Player 23,ST,34.91,MD-1,Activation,Training,N/A,53.0,2859.0,96.0,18.0,14.0,15.0,25.47,73.0,2.8,148.0,1245.0,73.0
2026-08-01,2,P23,Player 23,ST,34.91,MD,Match,Top-up,Unused,52.0,3752.0,281.0,42.0,28.0,23.0,29.85,85.5,4.2,218.0,1041.0,78.0
2026-08-02,2,P23,Player 23,ST,34.91,MD+1,Recovery,Recovery,N/A,32.0,2155.0,31.0,3.0,7.0,7.0,21.38,61.2,1.7,54.0,627.0,79.0
2026-08-03,3,P23,Player 23,ST,34.91,OFF,Off,Off,N/A,0.0,0.0,0.0,0.0,0.0,0.0,0.0,0.0,0.0,0.0,420.0,83.0
2026-08-04,3,P23,Player 23,ST,34.91,MD-4,Volume,Training,N/A,67.0,6398.0,340.0,80.0,34.0,30.0,26.53,76.0,5.1,342.0,272.0,90.0
2026-08-05,3,P23,Player 23,ST,34.91,MD-3,Speed / HSR,Training,N/A,91.0,7337.0,473.0,238.0,37.0,35.0,32.17,92.1,7.1,646.0,396.0,83.0
2026-08-06,3,P23,Player 23,ST,34.91,MD-2,Tactical,Training,N/A,67.0,5633.0,252.0,87.0,24.0,29.0,26.78,76.7,5.6,375.0,988.0,82.0
2026-08-07,3,P23,Player 23,ST,34.91,MD-1,Activation,Training,N/A,49.0,2785.0,104.0,16.0,17.0,14.0,23.18,66.4,2.5,122.0,1363.0,82.0
2026-08-08,3,P23,Player 23,ST,34.91,MD,Match,Match,Starter,91.0,8443.0,650.0,308.0,45.0,40.0,34.25,98.1,9.1,828.0,1143.0,79.0
2026-08-09,3,P23,Player 23,ST,34.91,MD+1,Recovery,Recovery,N/A,30.0,1892.0,27.0,3.0,8.0,8.0,16.84,48.2,1.0,30.0,1325.0,81.0
2026-08-10,4,P23,Player 23,ST,34.91,OFF,Off,Off,N/A,0.0,0.0,0.0,0.0,0.0,0.0,0.0,0.0,0.0,0.0,980.0,82.0
2026-08-11,4,P23,Player 23,ST,34.91,MD-4,Volume,Training,N/A,80.0,5733.0,374.0,66.0,37.0,25.0,26.59,76.2,5.5,440.0,858.0,82.0
2026-08-12,4,P23,Player 23,ST,34.91,MD-3,Speed / HSR,Training,N/A,88.0,7850.0,532.0,224.0,40.0,40.0,32.99,94.5,6.8,598.0,470.0,87.0
2026-08-13,4,P23,Player 23,ST,34.91,MD-2,Tactical,Training,N/A,67.0,5369.0,277.0,70.0,29.0,24.0,29.37,84.1,4.2,281.0,1038.0,86.0
2026-08-14,4,P23,Player 23,ST,34.91,MD-1,Activation,Training,N/A,47.0,2850.0,102.0,16.0,14.0,15.0,21.8,62.4,2.6,122.0,1319.0,75.0
2026-08-15,4,P23,Player 23,ST,34.91,MD,Match,Match,Starter,93.0,9571.0,582.0,177.0,38.0,39.0,31.73,90.9,8.6,800.0,1001.0,77.0
2026-08-16,4,P23,Player 23,ST,34.91,MD+1,Recovery,Recovery,N/A,28.0,2083.0,24.0,3.0,7.0,8.0,18.41,52.7,1.5,42.0,1203.0,75.0
2026-08-17,5,P23,Player 23,ST,34.91,OFF,Off,Off,N/A,0.0,0.0,0.0,0.0,0.0,0.0,0.0,0.0,0.0,0.0,964.0,83.0
2026-08-18,5,P23,Player 23,ST,34.91,MD-4,Volume,Training,N/A,73.0,5647.0,413.0,85.0,30.0,27.0,27.3,78.2,4.5,328.0,842.0,85.0
2026-08-19,5,P23,Player 23,ST,34.91,MD-3,Speed / HSR,Training,N/A,83.0,6754.0,553.0,161.0,35.0,36.0,30.48,87.3,6.6,548.0,370.0,83.0
2026-08-20,5,P23,Player 23,ST,34.91,MD-2,Tactical,Training,N/A,72.0,5448.0,317.0,50.0,31.0,25.0,28.47,81.6,3.6,259.0,876.0,74.0
2026-08-21,5,P23,Player 23,ST,34.91,MD-1,Activation,Training,N/A,47.0,2898.0,82.0,20.0,15.0,16.0,24.92,71.4,2.9,136.0,1135.0,77.0
2026-08-22,5,P23,Player 23,ST,34.91,MD,Match,Top-up,Unused,50.0,4416.0,216.0,52.0,23.0,23.0,30.79,88.2,5.0,250.0,943.0,82.0
2026-08-23,5,P23,Player 23,ST,34.91,MD+1,Recovery,Recovery,N/A,35.0,2124.0,26.0,3.0,8.0,7.0,18.51,53.0,1.5,52.0,645.0,83.0
2026-08-24,6,P23,Player 23,ST,34.91,OFF,Off,Off,N/A,0.0,0.0,0.0,0.0,0.0,0.0,0.0,0.0,0.0,0.0,438.0,85.0
2026-08-25,6,P23,Player 23,ST,34.91,MD-4,Volume,Training,N/A,76.0,6974.0,367.0,89.0,23.0,30.0,30.47,87.3,6.0,456.0,302.0,84.0
2026-08-26,6,P23,Player 23,ST,34.91,MD-3,Speed / HSR,Training,N/A,87.0,8068.0,619.0,242.0,35.0,41.0,34.37,98.5,6.2,539.0,508.0,87.0
2026-08-27,6,P23,Player 23,ST,34.91,MD-2,Tactical,Training,N/A,77.0,4238.0,246.0,68.0,24.0,25.0,27.42,78.6,4.0,308.0,995.0,81.0
2026-08-28,6,P23,Player 23,ST,34.91,MD-1,Activation,Training,N/A,40.0,2656.0,109.0,18.0,17.0,15.0,24.84,71.2,2.4,96.0,1303.0,79.0
2026-08-29,6,P23,Player 23,ST,34.91,MD,Match,Top-up,Unused,55.0,4540.0,271.0,77.0,23.0,21.0,27.96,80.1,4.6,253.0,943.0,81.0
2026-08-30,6,P23,Player 23,ST,34.91,MD+1,Recovery,Recovery,N/A,35.0,2145.0,28.0,2.0,7.0,7.0,18.54,53.1,1.8,63.0,657.0,84.0
2026-08-31,7,P23,Player 23,ST,34.91,OFF,Off,Off,N/A,0.0,0.0,0.0,0.0,0.0,0.0,0.0,0.0,0.0,0.0,412.0,86.0
2026-09-01,7,P23,Player 23,ST,34.91,MD-4,Volume,Training,N/A,78.0,5733.0,337.0,69.0,31.0,22.0,26.55,76.1,6.1,476.0,316.0,83.0
2026-09-02,7,P23,Player 23,ST,34.91,MD-3,Speed / HSR,Training,N/A,85.0,7236.0,517.0,237.0,34.0,38.0,32.31,92.6,7.0,595.0,539.0,85.0
2026-09-03,7,P23,Player 23,ST,34.91,MD-2,Tactical,Training,N/A,73.0,5098.0,271.0,43.0,26.0,26.0,27.08,77.6,5.5,402.0,1071.0,82.0
2026-09-04,7,P23,Player 23,ST,34.91,MD-1,Activation,Training,N/A,42.0,2857.0,86.0,25.0,14.0,12.0,25.41,72.8,2.5,105.0,1473.0,80.0
2026-09-05,7,P23,Player 23,ST,34.91,MD,Match,Match,Starter,79.0,8435.0,573.0,261.0,41.0,38.0,32.67,93.6,9.3,735.0,1102.0,81.0
2026-09-06,7,P23,Player 23,ST,34.91,MD+1,Recovery,Recovery,N/A,33.0,2004.0,25.0,3.0,8.0,8.0,18.94,54.2,1.6,53.0,1242.0,75.0
2026-09-07,8,P23,Player 23,ST,34.91,OFF,Off,Off,N/A,0.0,0.0,0.0,0.0,0.0,0.0,0.0,0.0,0.0,0.0,893.0,78.0
2026-09-08,8,P23,Player 23,ST,34.91,MD-4,Volume,Training,N/A,73.0,6273.0,367.0,86.0,30.0,31.0,29.76,85.3,5.3,387.0,788.0,80.0
2026-09-09,8,P23,Player 23,ST,34.91,MD-3,Speed / HSR,Training,N/A,91.0,7439.0,589.0,212.0,41.0,39.0,28.93,82.9,6.3,573.0,440.0,85.0
2026-09-10,8,P23,Player 23,ST,34.91,MD-2,Tactical,Training,N/A,72.0,4846.0,261.0,88.0,23.0,23.0,28.73,82.3,4.1,295.0,960.0,80.0
2026-09-11,8,P23,Player 23,ST,34.91,MD-1,Activation,Training,N/A,42.0,2957.0,91.0,23.0,20.0,15.0,23.54,67.4,1.8,76.0,1255.0,74.0
2026-09-12,8,P23,Player 23,ST,34.91,MD,Match,Top-up,Unused,52.0,4761.0,288.0,61.0,25.0,21.0,29.38,84.1,3.6,187.0,944.0,77.0
2026-09-13,8,P23,Player 23,ST,34.91,MD+1,Recovery,Recovery,N/A,34.0,1979.0,22.0,2.0,7.0,7.0,18.0,51.6,2.2,75.0,558.0,77.0
2026-07-20,1,P24,Player 24,ST,36.0,OFF,Off,Off,N/A,0.0,0.0,0.0,0.0,0.0,0.0,0.0,0.0,0.0,0.0,0.0,78.0
2026-07-21,1,P24,Player 24,ST,36.0,MD-4,Volume,Training,N/A,69.0,6914.0,439.0,77.0,27.0,33.0,30.47,84.6,5.2,359.0,0.0,88.0
2026-07-22,1,P24,Player 24,ST,36.0,MD-3,Speed / HSR,Training,N/A,85.0,8453.0,710.0,230.0,34.0,30.0,33.8,93.9,5.8,493.0,359.0,93.0
2026-07-23,1,P24,Player 24,ST,36.0,MD-2,Tactical,Training,N/A,70.0,6552.0,367.0,79.0,23.0,23.0,27.07,75.2,4.6,322.0,852.0,87.0
2026-07-24,1,P24,Player 24,ST,36.0,MD-1,Activation,Training,N/A,45.0,3331.0,102.0,23.0,14.0,16.0,26.86,74.6,2.5,112.0,1174.0,75.0
2026-07-25,1,P24,Player 24,ST,36.0,MD,Match,Top-up,Unused,54.0,4735.0,342.0,55.0,22.0,23.0,27.79,77.2,4.5,243.0,927.0,81.0
2026-07-26,1,P24,Player 24,ST,36.0,MD+1,Recovery,Recovery,N/A,37.0,2566.0,25.0,3.0,7.0,8.0,20.02,55.6,2.0,74.0,677.0,78.0
2026-07-27,2,P24,Player 24,ST,36.0,OFF,Off,Off,N/A,0.0,0.0,0.0,0.0,0.0,0.0,0.0,0.0,0.0,0.0,429.0,80.0
2026-07-28,2,P24,Player 24,ST,36.0,MD-4,Volume,Training,N/A,73.0,6781.0,372.0,67.0,27.0,32.0,26.8,74.4,5.2,380.0,317.0,82.0
2026-07-29,2,P24,Player 24,ST,36.0,MD-3,Speed / HSR,Training,N/A,91.0,9906.0,848.0,175.0,33.0,32.0,32.14,89.3,6.0,546.0,454.0,84.0
2026-07-30,2,P24,Player 24,ST,36.0,MD-2,Tactical,Training,N/A,66.0,5751.0,404.0,69.0,24.0,21.0,27.62,76.7,4.5,297.0,926.0,80.0
2026-07-31,2,P24,Player 24,ST,36.0,MD-1,Activation,Training,N/A,49.0,3380.0,104.0,28.0,13.0,13.0,24.33,67.6,2.0,98.0,1223.0,79.0
2026-08-01,2,P24,Player 24,ST,36.0,MD,Match,Match,Sub,12.0,1680.0,111.0,32.0,5.0,8.0,33.48,93.0,8.0,96.0,941.0,83.0
2026-08-02,2,P24,Player 24,ST,36.0,MD+1,Recovery,Recovery,N/A,27.0,2826.0,34.0,2.0,6.0,8.0,19.12,53.1,2.5,68.0,491.0,83.0
2026-08-03,3,P24,Player 24,ST,36.0,OFF,Off,Off,N/A,0.0,0.0,0.0,0.0,0.0,0.0,0.0,0.0,0.0,0.0,262.0,86.0
2026-08-04,3,P24,Player 24,ST,36.0,MD-4,Volume,Training,N/A,78.0,7317.0,411.0,93.0,24.0,30.0,30.43,84.5,4.2,328.0,164.0,83.0
2026-08-05,3,P24,Player 24,ST,36.0,MD-3,Speed / HSR,Training,N/A,88.0,8104.0,710.0,192.0,39.0,36.0,30.3,84.2,6.6,581.0,396.0,81.0
2026-08-06,3,P24,Player 24,ST,36.0,MD-2,Tactical,Training,N/A,72.0,5689.0,305.0,76.0,25.0,25.0,28.5,79.2,4.9,353.0,909.0,76.0
2026-08-07,3,P24,Player 24,ST,36.0,MD-1,Activation,Training,N/A,45.0,3285.0,116.0,18.0,13.0,15.0,25.12,69.8,2.3,103.0,1262.0,80.0
2026-08-08,3,P24,Player 24,ST,36.0,MD,Match,Match,Sub,38.0,5593.0,427.0,134.0,17.0,19.0,31.17,86.6,6.2,236.0,1037.0,79.0
2026-08-09,3,P24,Player 24,ST,36.0,MD+1,Recovery,Recovery,N/A,42.0,2312.0,33.0,2.0,7.0,7.0,20.51,57.0,1.9,80.0,692.0,76.0
2026-08-10,4,P24,Player 24,ST,36.0,OFF,Off,Off,N/A,0.0,0.0,0.0,0.0,0.0,0.0,0.0,0.0,0.0,0.0,419.0,84.0
2026-08-11,4,P24,Player 24,ST,36.0,MD-4,Volume,Training,N/A,85.0,7419.0,430.0,81.0,24.0,28.0,27.27,75.8,4.4,374.0,316.0,81.0
2026-08-12,4,P24,Player 24,ST,36.0,MD-3,Speed / HSR,Training,N/A,88.0,8998.0,752.0,186.0,31.0,37.0,33.64,93.5,5.9,519.0,454.0,90.0
2026-08-13,4,P24,Player 24,ST,36.0,MD-2,Tactical,Training,N/A,68.0,6331.0,254.0,60.0,25.0,21.0,29.85,82.9,5.3,360.0,893.0,79.0
2026-08-14,4,P24,Player 24,ST,36.0,MD-1,Activation,Training,N/A,40.0,3427.0,94.0,21.0,13.0,16.0,25.21,70.0,2.1,84.0,1253.0,80.0
2026-08-15,4,P24,Player 24,ST,36.0,MD,Match,Match,Sub,15.0,1419.0,112.0,41.0,6.0,9.0,30.35,84.3,7.9,118.0,963.0,84.0
2026-08-16,4,P24,Player 24,ST,36.0,MD+1,Recovery,Recovery,N/A,33.0,2719.0,24.0,2.0,5.0,7.0,18.78,52.2,0.8,26.0,562.0,80.0
2026-08-17,5,P24,Player 24,ST,36.0,OFF,Off,Off,N/A,0.0,0.0,0.0,0.0,0.0,0.0,0.0,0.0,0.0,0.0,228.0,86.0
2026-08-18,5,P24,Player 24,ST,36.0,MD-4,Volume,Training,N/A,82.0,6864.0,456.0,76.0,24.0,28.0,25.49,70.8,5.1,418.0,144.0,89.0
2026-08-19,5,P24,Player 24,ST,36.0,MD-3,Speed / HSR,Training,N/A,91.0,8507.0,632.0,223.0,30.0,33.0,34.63,96.2,6.9,628.0,444.0,85.0
2026-08-20,5,P24,Player 24,ST,36.0,MD-2,Tactical,Training,N/A,70.0,6226.0,371.0,52.0,23.0,23.0,29.08,80.8,4.9,343.0,1046.0,81.0
2026-08-21,5,P24,Player 24,ST,36.0,MD-1,Activation,Training,N/A,45.0,3358.0,99.0,21.0,12.0,16.0,26.89,74.7,3.0,135.0,1389.0,73.0
2026-08-22,5,P24,Player 24,ST,36.0,MD,Match,Match,Starter,81.0,9642.0,828.0,271.0,33.0,35.0,35.62,98.9,7.7,624.0,1106.0,81.0
2026-08-23,5,P24,Player 24,ST,36.0,MD+1,Recovery,Recovery,N/A,28.0,2364.0,37.0,2.0,7.0,6.0,20.52,57.0,1.7,48.0,1102.0,78.0
2026-08-24,6,P24,Player 24,ST,36.0,OFF,Off,Off,N/A,0.0,0.0,0.0,0.0,0.0,0.0,0.0,0.0,0.0,0.0,807.0,83.0
2026-08-25,6,P24,Player 24,ST,36.0,MD-4,Volume,Training,N/A,71.0,7100.0,345.0,101.0,27.0,27.0,28.84,80.1,3.6,256.0,672.0,86.0
2026-08-26,6,P24,Player 24,ST,36.0,MD-3,Speed / HSR,Training,N/A,88.0,8523.0,639.0,260.0,29.0,33.0,35.15,97.6,6.8,598.0,304.0,88.0
2026-08-27,6,P24,Player 24,ST,36.0,MD-2,Tactical,Training,N/A,70.0,6394.0,316.0,63.0,23.0,25.0,26.25,72.9,4.7,329.0,854.0,82.0
2026-08-28,6,P24,Player 24,ST,36.0,MD-1,Activation,Training,N/A,47.0,3399.0,104.0,22.0,12.0,13.0,25.96,72.1,2.6,122.0,1183.0,81.0
2026-08-29,6,P24,Player 24,ST,36.0,MD,Match,Top-up,Unused,52.0,4914.0,235.0,58.0,21.0,23.0,31.03,86.2,5.9,307.0,1049.0,82.0
2026-08-30,6,P24,Player 24,ST,36.0,MD+1,Recovery,Recovery,N/A,35.0,2462.0,29.0,2.0,8.0,7.0,19.1,53.0,3.8,133.0,758.0,87.0
2026-08-31,7,P24,Player 24,ST,36.0,OFF,Off,Off,N/A,0.0,0.0,0.0,0.0,0.0,0.0,0.0,0.0,0.0,0.0,562.0,83.0
2026-09-01,7,P24,Player 24,ST,36.0,MD-4,Volume,Training,N/A,81.0,7929.0,470.0,89.0,25.0,26.0,30.24,84.0,5.2,421.0,440.0,85.0
2026-09-02,7,P24,Player 24,ST,36.0,MD-3,Speed / HSR,Training,N/A,87.0,9337.0,653.0,220.0,28.0,27.0,33.6,93.3,6.7,583.0,554.0,87.0
2026-09-03,7,P24,Player 24,ST,36.0,MD-2,Tactical,Training,N/A,65.0,5883.0,290.0,62.0,25.0,29.0,27.56,76.5,4.0,260.0,1004.0,78.0
2026-09-04,7,P24,Player 24,ST,36.0,MD-1,Activation,Training,N/A,52.0,3277.0,120.0,23.0,12.0,13.0,26.13,72.6,2.9,151.0,1264.0,74.0
2026-09-05,7,P24,Player 24,ST,36.0,MD,Match,Match,Sub,45.0,6548.0,427.0,94.0,18.0,22.0,30.53,84.8,7.2,324.0,994.0,82.0
2026-09-06,7,P24,Player 24,ST,36.0,MD+1,Recovery,Recovery,N/A,33.0,2622.0,34.0,2.0,7.0,7.0,20.39,56.6,1.7,56.0,735.0,81.0
2026-09-07,8,P24,Player 24,ST,36.0,OFF,Off,Off,N/A,0.0,0.0,0.0,0.0,0.0,0.0,0.0,0.0,0.0,0.0,531.0,80.0
2026-09-08,8,P24,Player 24,ST,36.0,MD-4,Volume,Training,N/A,71.0,7362.0,502.0,65.0,27.0,29.0,28.92,80.3,5.3,376.0,380.0,87.0
2026-09-09,8,P24,Player 24,ST,36.0,MD-3,Speed / HSR,Training,N/A,90.0,8593.0,669.0,230.0,33.0,42.0,34.54,95.9,6.3,567.0,432.0,89.0
2026-09-10,8,P24,Player 24,ST,36.0,MD-2,Tactical,Training,N/A,65.0,6780.0,344.0,64.0,20.0,31.0,28.41,78.9,5.2,338.0,943.0,75.0
2026-09-11,8,P24,Player 24,ST,36.0,MD-1,Activation,Training,N/A,43.0,3179.0,115.0,22.0,12.0,17.0,24.27,67.4,2.5,108.0,1281.0,81.0
2026-09-12,8,P24,Player 24,ST,36.0,MD,Match,Match,Starter,92.0,11630.0,742.0,248.0,37.0,48.0,36.72,102.0,9.3,856.0,1013.0,72.0
2026-09-13,8,P24,Player 24,ST,36.0,MD+1,Recovery,Recovery,N/A,31.0,2339.0,30.0,3.0,7.0,7.0,17.99,50.0,1.1,34.0,1302.0,76.0
